{
  "universidad": "Universidad del Azuay",
  "carrera": "Ingeniería Electrónica",
  "modalidad": "Presencial",
  "duracion_semestres": 8,
  "titulo": "Ingeniero/a Electrónico",
  "malla_curricular": {
    "1": [
      {
        "nombre": "Análisis Matemático I",
        "descripcion": "Fundamentos del cálculo diferencial aplicados al análisis de señales y sistemas eléctricos.",
        "area": "matemática y estadística",
        "tipo": "básica",
        "creditos_estimados": 5
      },
      {
        "nombre": "Fundamentos de Programación",
        "descripcion": "Introducción a la programación estructurada aplicada al desarrollo de algoritmos de control y simulación.",
        "area": "computación",
        "tipo": "básica",
        "creditos_estimados": 3
      },
      {
        "nombre": "Geometría y Trigonometría",
        "descripcion": "Estudio de las relaciones geométricas y trigonométricas utilizadas en el diseño de circuitos eléctricos.",
        "area": "matemática y estadística",
        "tipo": "básica",
        "creditos_estimados": 4
      },
      {
        "nombre": "Lectura y Escritura Académica I",
        "descripcion": "Desarrollo de habilidades de comunicación técnica y redacción científica.",
        "area": "formación general",
        "tipo": "básica",
        "creditos_estimados": 3
      },
      {
        "nombre": "Química General",
        "descripcion": "Estudio de los principios químicos aplicados a materiales conductores y semiconductores.",
        "area": "ciencias básicas",
        "tipo": "básica",
        "creditos_estimados": 4
      }
    ],
    "2": [
      {
        "nombre": "Álgebra Lineal",
        "descripcion": "Aplicación de matrices y sistemas lineales en el análisis de circuitos eléctricos y electrónicos.",
        "area": "matemática y estadística",
        "tipo": "básica",
        "creditos_estimados": 4
      },
      {
        "nombre": "Análisis de Circuitos",
        "descripcion": "Estudio del comportamiento de circuitos eléctricos mediante leyes fundamentales y análisis de nodos y mallas.",
        "area": "ingeniería electrónica",
        "tipo": "profesional",
        "creditos_estimados": 4
      },
      {
        "nombre": "Análisis Matemático II",
        "descripcion": "Aplicación del cálculo integral y series al análisis de señales continuas y discretas.",
        "area": "matemática y estadística",
        "tipo": "básica",
        "creditos_estimados": 4
      },
      {
        "nombre": "Física I",
        "descripcion": "Fundamentos de la mecánica clásica aplicados a sistemas eléctricos y mecánicos.",
        "area": "ciencias básicas",
        "tipo": "básica",
        "creditos_estimados": 4
      },
      {
        "nombre": "Instalaciones Eléctricas",
        "descripcion": "Diseño y normativas de instalaciones eléctricas residenciales e industriales.",
        "area": "ingeniería eléctrica",
        "tipo": "profesional",
        "creditos_estimados": 3
      },
      {
        "nombre": "Lectura y Escritura Académica II",
        "descripcion": "Perfeccionamiento en la comunicación escrita y elaboración de documentos técnicos.",
        "area": "formación general",
        "tipo": "básica",
        "creditos_estimados": 2
      }
    ],
    "3": [
      {
        "nombre": "Análisis Matemático III",
        "descripcion": "Ecuaciones diferenciales aplicadas al modelado de circuitos y sistemas dinámicos.",
        "area": "matemática y estadística",
        "tipo": "básica",
        "creditos_estimados": 5
      },
      {
        "nombre": "Antropología",
        "descripcion": "Estudio de la cultura y su influencia en el desarrollo tecnológico y social.",
        "area": "formación general",
        "tipo": "básica",
        "creditos_estimados": 3
      },
      {
        "nombre": "Electrónica Analógica I",
        "descripcion": "Análisis y diseño de circuitos con amplificadores operacionales y componentes pasivos.",
        "area": "ingeniería electrónica",
        "tipo": "profesional",
        "creditos_estimados": 4
      },
      {
        "nombre": "Estadística",
        "descripcion": "Aplicación de métodos estadísticos en el procesamiento y análisis de señales.",
        "area": "matemática y estadística",
        "tipo": "básica",
        "creditos_estimados": 4
      },
      {
        "nombre": "Física II",
        "descripcion": "Estudio del electromagnetismo aplicado a la electrónica y telecomunicaciones.",
        "area": "ciencias básicas",
        "tipo": "básica",
        "creditos_estimados": 4
      },
      {
        "nombre": "Programación Orientada a Objetos",
        "descripcion": "Diseño modular de software para sistemas embebidos y controladores electrónicos.",
        "area": "computación",
        "tipo": "profesional",
        "creditos_estimados": 3
      }
    ],
    "4": [
      {
        "nombre": "Análisis Matemático IV",
        "descripcion": "Métodos avanzados de análisis numérico aplicados a simulaciones electrónicas.",
        "area": "matemática y estadística",
        "tipo": "básica",
        "creditos_estimados": 4
      },
      {
        "nombre": "Diseño Asistido por Computador",
        "descripcion": "Modelado y simulación de circuitos y sistemas eléctricos mediante software especializado.",
        "area": "computación",
        "tipo": "profesional",
        "creditos_estimados": 3
      },
      {
        "nombre": "Electrónica Analógica II",
        "descripcion": "Diseño de amplificadores multietapa, filtros activos y sistemas de potencia analógica.",
        "area": "ingeniería electrónica",
        "tipo": "profesional",
        "creditos_estimados": 4
      },
      {
        "nombre": "Electrónica Digital",
        "descripcion": "Diseño y análisis de sistemas digitales mediante lógica combinacional y secuencial.",
        "area": "ingeniería electrónica",
        "tipo": "profesional",
        "creditos_estimados": 4
      },
      {
        "nombre": "Ética y Responsabilidad Social",
        "descripcion": "Análisis del rol ético del ingeniero electrónico en la sociedad y la industria tecnológica.",
        "area": "formación general",
        "tipo": "básica",
        "creditos_estimados": 2
      },
      {
        "nombre": "Señales y Sistemas",
        "descripcion": "Análisis y procesamiento de señales continuas y discretas mediante transformadas matemáticas.",
        "area": "ingeniería electrónica",
        "tipo": "profesional",
        "creditos_estimados": 4
      }
    ],
    "5": [
      {
        "nombre": "Electromagnetismo",
        "descripcion": "Estudio de campos electromagnéticos y su aplicación en circuitos, antenas y comunicaciones.",
        "area": "ciencias básicas",
        "tipo": "profesional",
        "creditos_estimados": 4
      },
      {
        "nombre": "Electrónica de Potencia",
        "descripcion": "Diseño y análisis de convertidores de potencia, inversores y fuentes conmutadas.",
        "area": "ingeniería electrónica",
        "tipo": "profesional",
        "creditos_estimados": 4
      },
      {
        "nombre": "Prácticas Preprofesionales",
        "descripcion": "Aplicación de conocimientos técnicos en entornos reales de la industria electrónica.",
        "area": "otras áreas",
        "tipo": "laboratorio",
        "creditos_estimados": 3
      },
      {
        "nombre": "Sistemas de Comunicación",
        "descripcion": "Principios de transmisión, modulación y codificación de señales.",
        "area": "telecomunicaciones",
        "tipo": "profesional",
        "creditos_estimados": 4
      },
      {
        "nombre": "Teoría de Control",
        "descripcion": "Modelado y diseño de sistemas de control lineales mediante realimentación y compensación.",
        "area": "ingeniería electrónica",
        "tipo": "profesional",
        "creditos_estimados": 4
      }
    ],
    "6": [
      {
        "nombre": "Bioinstrumentación",
        "descripcion": "Diseño y aplicación de dispositivos electrónicos para la medición y monitoreo médico.",
        "area": "bioingeniería",
        "tipo": "profesional",
        "creditos_estimados": 3
      },
      {
        "nombre": "Controladores Lógicos Programables",
        "descripcion": "Programación y aplicación de PLCs en procesos automatizados industriales.",
        "area": "automatización",
        "tipo": "profesional",
        "creditos_estimados": 4
      },
      {
        "nombre": "Inteligencia Artificial",
        "descripcion": "Aplicación de técnicas de IA y aprendizaje automático en sistemas electrónicos inteligentes.",
        "area": "computación",
        "tipo": "profesional",
        "creditos_estimados": 4
      },
      {
        "nombre": "Máquinas Eléctricas",
        "descripcion": "Análisis de motores y generadores eléctricos y su integración en sistemas de potencia.",
        "area": "ingeniería eléctrica",
        "tipo": "profesional",
        "creditos_estimados": 4
      },
      {
        "nombre": "Prácticas de Vinculación",
        "descripcion": "Participación en proyectos sociales o tecnológicos aplicados a la comunidad.",
        "area": "formación general",
        "tipo": "laboratorio",
        "creditos_estimados": 2
      },
      {
        "nombre": "Redes de Comunicación",
        "descripcion": "Diseño y configuración de redes de datos cableadas e inalámbricas.",
        "area": "telecomunicaciones",
        "tipo": "profesional",
        "creditos_estimados": 3
      }
    ],
    "7": [
      {
        "nombre": "Sistemas Autónomos de Energías Renovables",
        "descripcion": "Diseño de sistemas fotovoltaicos y eólicos con autonomía energética.",
        "area": "energías renovables",
        "tipo": "profesional",
        "creditos_estimados": 4
      },
      {
        "nombre": "Automatización",
        "descripcion": "Diseño de sistemas automatizados utilizando sensores, actuadores y controladores.",
        "area": "automatización",
        "tipo": "profesional",
        "creditos_estimados": 4
      },
      {
        "nombre": "Biomecánica",
        "descripcion": "Aplicación de principios mecánicos al diseño de dispositivos biomédicos.",
        "area": "bioingeniería",
        "tipo": "profesional",
        "creditos_estimados": 3
      },
      {
        "nombre": "Comunicaciones Ópticas",
        "descripcion": "Principios y aplicaciones de la transmisión de datos mediante fibras ópticas.",
        "area": "telecomunicaciones",
        "tipo": "profesional",
        "creditos_estimados": 4
      },
      {
        "nombre": "Diseño del Proyecto de Graduación",
        "descripcion": "Formulación del anteproyecto de investigación aplicada en el área electrónica.",
        "area": "investigación",
        "tipo": "investigación",
        "creditos_estimados": 2
      }
    ],
    "8": [
      {
        "nombre": "Comunicaciones Inalámbricas",
        "descripcion": "Diseño y análisis de sistemas de comunicación móvil y redes inalámbricas.",
        "area": "telecomunicaciones",
        "tipo": "profesional",
        "creditos_estimados": 4
      },
      {
        "nombre": "Imágenes Médicas",
        "descripcion": "Procesamiento y análisis de imágenes aplicadas al diagnóstico médico.",
        "area": "bioingeniería",
        "tipo": "profesional",
        "creditos_estimados": 3
      },
      {
        "nombre": "Microrredes",
        "descripcion": "Diseño de sistemas eléctricos distribuidos con fuentes de energía renovable.",
        "area": "energías renovables",
        "tipo": "profesional",
        "creditos_estimados": 3
      },
      {
        "nombre": "Robótica",
        "descripcion": "Diseño y control de robots móviles e industriales.",
        "area": "automatización",
        "tipo": "profesional",
        "creditos_estimados": 4
      },
      {
        "nombre": "Taller de Graduación",
        "descripcion": "Desarrollo del proyecto final de titulación integrando conocimientos técnicos y de innovación.",
        "area": "investigación",
        "tipo": "investigación",
        "creditos_estimados": 5
      }
    ]
  }
}
