{
  "universidad": "Universidad del Azuay",
  "carrera": "Ingeniería en Minas",
  "modalidad": "Presencial",
  "duracion_semestres": 8,
  "titulo": "Ingeniero/a en Minas",
  "malla_curricular": {
    "1": [
      {
        "nombre": "Análisis Matemático I",
        "descripcion": "Fundamentos del cálculo diferencial aplicados a problemas de modelado físico en ingeniería minera.",
        "area": "matemática y estadística",
        "tipo": "básica",
        "creditos_estimados": 5
      },
      {
        "nombre": "Fundamentos de Programación",
        "descripcion": "Introducción a la lógica de programación y automatización aplicada al modelado geológico y minero.",
        "area": "computación",
        "tipo": "básica",
        "creditos_estimados": 3
      },
      {
        "nombre": "Geometría y Trigonometría",
        "descripcion": "Aplicaciones geométricas en el diseño y topografía de minas.",
        "area": "matemática y estadística",
        "tipo": "básica",
        "creditos_estimados": 4
      },
      {
        "nombre": "Introducción a la Minería",
        "descripcion": "Visión general de la minería, sus procesos, etapas y responsabilidad ambiental.",
        "area": "ingeniería minera",
        "tipo": "profesional",
        "creditos_estimados": 3
      },
      {
        "nombre": "Lectura y Escritura Académica I",
        "descripcion": "Desarrollo de habilidades de redacción técnica y comprensión de textos científicos.",
        "area": "formación general",
        "tipo": "básica",
        "creditos_estimados": 2
      },
      {
        "nombre": "Química General",
        "descripcion": "Principios químicos aplicados a los materiales y procesos metalúrgicos.",
        "area": "ciencias básicas",
        "tipo": "básica",
        "creditos_estimados": 4
      }
    ],
    "2": [
      {
        "nombre": "Álgebra Lineal",
        "descripcion": "Estudio de matrices y sistemas lineales aplicados a cálculos estructurales y geológicos.",
        "area": "matemática y estadística",
        "tipo": "básica",
        "creditos_estimados": 4
      },
      {
        "nombre": "Análisis Matemático II",
        "descripcion": "Aplicaciones del cálculo integral en el modelado físico y geométrico de yacimientos.",
        "area": "matemática y estadística",
        "tipo": "básica",
        "creditos_estimados": 4
      },
      {
        "nombre": "Física I",
        "descripcion": "Fundamentos de mecánica y dinámica aplicados a los procesos de perforación y extracción.",
        "area": "ciencias básicas",
        "tipo": "básica",
        "creditos_estimados": 4
      },
      {
        "nombre": "Geología General",
        "descripcion": "Estudio de las estructuras, composición y procesos geológicos de la corteza terrestre.",
        "area": "geología",
        "tipo": "profesional",
        "creditos_estimados": 4
      },
      {
        "nombre": "Lectura y Escritura Académica II",
        "descripcion": "Profundización en redacción técnica aplicada a la ingeniería y la investigación.",
        "area": "formación general",
        "tipo": "básica",
        "creditos_estimados": 2
      },
      {
        "nombre": "Química Inorgánica",
        "descripcion": "Estudio de minerales, compuestos inorgánicos y reacciones químicas relevantes a la minería.",
        "area": "ciencias básicas",
        "tipo": "básica",
        "creditos_estimados": 4
      }
    ],
    "3": [
      {
        "nombre": "Análisis Matemático III",
        "descripcion": "Ecuaciones diferenciales aplicadas a la modelación de fenómenos térmicos y de transporte.",
        "area": "matemática y estadística",
        "tipo": "básica",
        "creditos_estimados": 5
      },
      {
        "nombre": "Antropología",
        "descripcion": "Análisis del impacto cultural y social de la minería en las comunidades.",
        "area": "formación general",
        "tipo": "básica",
        "creditos_estimados": 3
      },
      {
        "nombre": "Estadística",
        "descripcion": "Aplicación de métodos estadísticos al análisis de datos geológicos y de producción minera.",
        "area": "matemática y estadística",
        "tipo": "básica",
        "creditos_estimados": 4
      },
      {
        "nombre": "Física II",
        "descripcion": "Estudio del electromagnetismo y su aplicación en equipos mineros e instrumentación.",
        "area": "ciencias básicas",
        "tipo": "básica",
        "creditos_estimados": 4
      },
      {
        "nombre": "Geología Estructural",
        "descripcion": "Análisis de estructuras geológicas y deformaciones relevantes en la exploración minera.",
        "area": "geología",
        "tipo": "profesional",
        "creditos_estimados": 4
      },
      {
        "nombre": "Mineralogía y Petrografía",
        "descripcion": "Identificación y caracterización de minerales y rocas aplicadas a la prospección minera.",
        "area": "geología",
        "tipo": "profesional",
        "creditos_estimados": 4
      }
    ],
    "4": [
      {
        "nombre": "Análisis Matemático IV",
        "descripcion": "Aplicaciones avanzadas de ecuaciones diferenciales y métodos numéricos.",
        "area": "matemática y estadística",
        "tipo": "básica",
        "creditos_estimados": 4
      },
      {
        "nombre": "Diseño Asistido por Computador",
        "descripcion": "Uso de herramientas CAD para el diseño de infraestructura minera.",
        "area": "computación",
        "tipo": "profesional",
        "creditos_estimados": 3
      },
      {
        "nombre": "Estadística II",
        "descripcion": "Técnicas de regresión y geoestadística aplicadas al análisis de datos mineros.",
        "area": "matemática y estadística",
        "tipo": "profesional",
        "creditos_estimados": 3
      },
      {
        "nombre": "Ética y Responsabilidad Social",
        "descripcion": "Principios éticos y de sostenibilidad en la actividad minera.",
        "area": "formación general",
        "tipo": "básica",
        "creditos_estimados": 2
      },
      {
        "nombre": "Resistencia de Materiales",
        "descripcion": "Estudio del comportamiento mecánico de materiales utilizados en minería.",
        "area": "ingeniería mecánica",
        "tipo": "básica",
        "creditos_estimados": 4
      },
      {
        "nombre": "Termodinámica",
        "descripcion": "Fundamentos energéticos aplicados a los procesos metalúrgicos y térmicos.",
        "area": "ciencias básicas",
        "tipo": "básica",
        "creditos_estimados": 4
      }
    ],
    "5": [
      {
        "nombre": "Geoestadística",
        "descripcion": "Modelado espacial de yacimientos y estimación de recursos minerales mediante análisis estadístico.",
        "area": "geología",
        "tipo": "profesional",
        "creditos_estimados": 4
      },
      {
        "nombre": "Mecánica de Rocas",
        "descripcion": "Estudio del comportamiento mecánico de macizos rocosos en excavaciones subterráneas y a cielo abierto.",
        "area": "ingeniería minera",
        "tipo": "profesional",
        "creditos_estimados": 4
      },
      {
        "nombre": "Prácticas Preprofesionales",
        "descripcion": "Aplicación de conocimientos teóricos en entornos mineros reales.",
        "area": "otras áreas",
        "tipo": "laboratorio",
        "creditos_estimados": 3
      },
      {
        "nombre": "Seguridad y Salud Ocupacional",
        "descripcion": "Gestión de la seguridad industrial y prevención de riesgos en operaciones mineras.",
        "area": "seguridad industrial",
        "tipo": "profesional",
        "creditos_estimados": 3
      },
      {
        "nombre": "Topografía",
        "descripcion": "Levantamientos topográficos aplicados a la exploración y explotación minera.",
        "area": "geodesia y topografía",
        "tipo": "profesional",
        "creditos_estimados": 4
      },
      {
        "nombre": "Yacimientos Minerales",
        "descripcion": "Clasificación, génesis y evaluación de yacimientos minerales.",
        "area": "geología",
        "tipo": "profesional",
        "creditos_estimados": 4
      }
    ],
    "6": [
      {
        "nombre": "Conminución de Materiales",
        "descripcion": "Procesos de trituración y molienda en la reducción de tamaño de minerales.",
        "area": "metalurgia",
        "tipo": "profesional",
        "creditos_estimados": 3
      },
      {
        "nombre": "Exploración y Evaluación de Yacimientos",
        "descripcion": "Técnicas de perforación, muestreo y evaluación económica de depósitos minerales.",
        "area": "geología",
        "tipo": "profesional",
        "creditos_estimados": 4
      },
      {
        "nombre": "Geotecnia",
        "descripcion": "Análisis del comportamiento del suelo y rocas en estructuras mineras.",
        "area": "ingeniería civil",
        "tipo": "profesional",
        "creditos_estimados": 3
      },
      {
        "nombre": "Operaciones Mineras Principales",
        "descripcion": "Métodos de perforación, voladura y transporte en minería a cielo abierto y subterránea.",
        "area": "ingeniería minera",
        "tipo": "profesional",
        "creditos_estimados": 4
      },
      {
        "nombre": "Prácticas de Vinculación",
        "descripcion": "Participación en proyectos de impacto social vinculados al sector minero.",
        "area": "formación general",
        "tipo": "laboratorio",
        "creditos_estimados": 2
      },
      {
        "nombre": "Software Minero",
        "descripcion": "Aplicación de herramientas de software especializado en modelado geológico y planificación minera.",
        "area": "computación",
        "tipo": "profesional",
        "creditos_estimados": 3
      }
    ],
    "7": [
      {
        "nombre": "Evaluación de Impactos Ambientales y Auditorías",
        "descripcion": "Análisis de los efectos ambientales de la actividad minera y desarrollo de auditorías técnicas.",
        "area": "medio ambiente",
        "tipo": "profesional",
        "creditos_estimados": 3
      },
      {
        "nombre": "Concentración de Minerales",
        "descripcion": "Procesos de separación física y química para el beneficio de minerales.",
        "area": "metalurgia",
        "tipo": "profesional",
        "creditos_estimados": 4
      },
      {
        "nombre": "Diseño del Proyecto de Graduación",
        "descripcion": "Elaboración del anteproyecto de investigación o innovación en ingeniería minera.",
        "area": "investigación",
        "tipo": "investigación",
        "creditos_estimados": 2
      },
      {
        "nombre": "Explotación Minera a Cielo Abierto",
        "descripcion": "Diseño, planificación y control de operaciones en minas a cielo abierto.",
        "area": "ingeniería minera",
        "tipo": "profesional",
        "creditos_estimados": 4
      },
      {
        "nombre": "Legislación Minera, Ambiental y Laboral",
        "descripcion": "Normativas legales y ambientales aplicadas al ejercicio profesional minero.",
        "area": "gestión de proyectos",
        "tipo": "profesional",
        "creditos_estimados": 3
      },
      {
        "nombre": "Operaciones Mineras Auxiliares",
        "descripcion": "Sistemas de ventilación, drenaje y sostenimiento en labores mineras subterráneas.",
        "area": "ingeniería minera",
        "tipo": "profesional",
        "creditos_estimados": 3
      }
    ],
    "8": [
      {
        "nombre": "Cierre y Remediación de Minas",
        "descripcion": "Diseño de planes de cierre y mitigación ambiental para proyectos mineros.",
        "area": "medio ambiente",
        "tipo": "profesional",
        "creditos_estimados": 3
      },
      {
        "nombre": "Explotación Minera Subterránea",
        "descripcion": "Diseño y ejecución de métodos de explotación subterránea seguros y eficientes.",
        "area": "ingeniería minera",
        "tipo": "profesional",
        "creditos_estimados": 4
      },
      {
        "nombre": "Metalurgia Extractiva",
        "descripcion": "Procesos metalúrgicos para la recuperación de metales a partir de minerales.",
        "area": "metalurgia",
        "tipo": "profesional",
        "creditos_estimados": 4
      },
      {
        "nombre": "Planificación y Economía Minera",
        "descripcion": "Evaluación económica y planificación de proyectos de explotación minera.",
        "area": "gestión de proyectos",
        "tipo": "profesional",
        "creditos_estimados": 4
      },
      {
        "nombre": "Taller de Graduación",
        "descripcion": "Desarrollo del proyecto final integrando aspectos técnicos, ambientales y de gestión minera.",
        "area": "investigación",
        "tipo": "investigación",
        "creditos_estimados": 5
      }
    ]
  }
}
