{
  "universidad": "Universidad del Azuay",
  "carrera": "Ingeniería en Ciencias de la Computación",
  "modalidad": "Presencial",
  "duracion_semestres": 8,
  "titulo": "Ingeniero/a en Ciencias de la Computación",
  "malla_curricular": {
    "1": [
      {
        "nombre": "Análisis Matemático I",
        "descripcion": "Fundamentos del cálculo diferencial aplicados al análisis y modelado de problemas computacionales.",
        "area": "matemática y estadística",
        "tipo": "básica",
        "creditos_estimados": 5
      },
      {
        "nombre": "Estructuras Discretas",
        "descripcion": "Estudio de conjuntos, lógica, relaciones y grafos aplicados al diseño de algoritmos y estructuras de datos.",
        "area": "matemática y estadística",
        "tipo": "profesional",
        "creditos_estimados": 4
      },
      {
        "nombre": "Ética y Responsabilidad Social",
        "descripcion": "Reflexión sobre los valores éticos y la responsabilidad social del profesional en computación.",
        "area": "formación general",
        "tipo": "básica",
        "creditos_estimados": 2
      },
      {
        "nombre": "Fundamentos de Ciencias de la Computación",
        "descripcion": "Introducción a los principios teóricos y prácticos que sustentan la disciplina de la computación.",
        "area": "computación",
        "tipo": "profesional",
        "creditos_estimados": 3
      },
      {
        "nombre": "Fundamentos de Programación",
        "descripcion": "Desarrollo de pensamiento lógico y habilidades de programación estructurada.",
        "area": "computación",
        "tipo": "profesional",
        "creditos_estimados": 4
      },
      {
        "nombre": "Geometría y Trigonometría",
        "descripcion": "Conceptos matemáticos aplicados a gráficos por computadora y análisis geométrico.",
        "area": "matemática y estadística",
        "tipo": "básica",
        "creditos_estimados": 3
      }
    ],
    "2": [
      {
        "nombre": "Análisis Matemático II",
        "descripcion": "Aplicación del cálculo integral al análisis de algoritmos y simulación de sistemas físicos.",
        "area": "matemática y estadística",
        "tipo": "básica",
        "creditos_estimados": 4
      },
      {
        "nombre": "Estructura de Datos",
        "descripcion": "Diseño y manipulación de estructuras de datos como listas, pilas, colas y árboles.",
        "area": "computación",
        "tipo": "profesional",
        "creditos_estimados": 4
      },
      {
        "nombre": "Física",
        "descripcion": "Fundamentos de mecánica y electricidad aplicados a hardware y simulaciones digitales.",
        "area": "ciencias básicas",
        "tipo": "básica",
        "creditos_estimados": 4
      },
      {
        "nombre": "Ingeniería de Software I",
        "descripcion": "Principios del desarrollo de software, modelos de ciclo de vida y análisis de requerimientos.",
        "area": "ingeniería de software",
        "tipo": "profesional",
        "creditos_estimados": 3
      },
      {
        "nombre": "Programación I",
        "descripcion": "Programación estructurada con énfasis en modularidad y diseño algorítmico.",
        "area": "computación",
        "tipo": "profesional",
        "creditos_estimados": 4
      }
    ],
    "3": [
      {
        "nombre": "Álgebra Lineal",
        "descripcion": "Aplicación de matrices, vectores y transformaciones lineales en gráficos y machine learning.",
        "area": "matemática y estadística",
        "tipo": "básica",
        "creditos_estimados": 4
      },
      {
        "nombre": "Análisis Matemático III",
        "descripcion": "Ecuaciones diferenciales y su aplicación al modelado computacional y simulación numérica.",
        "area": "matemática y estadística",
        "tipo": "básica",
        "creditos_estimados": 5
      },
      {
        "nombre": "Base de Datos I",
        "descripcion": "Modelado relacional, normalización y lenguaje SQL para gestión de datos estructurados.",
        "area": "computación",
        "tipo": "profesional",
        "creditos_estimados": 4
      },
      {
        "nombre": "Lectura y Escritura Académica I",
        "descripcion": "Desarrollo de habilidades comunicativas y redacción técnica en el ámbito tecnológico.",
        "area": "formación general",
        "tipo": "básica",
        "creditos_estimados": 2
      },
      {
        "nombre": "Programación II",
        "descripcion": "Programación orientada a objetos y principios de diseño modular de software.",
        "area": "computación",
        "tipo": "profesional",
        "creditos_estimados": 4
      },
      {
        "nombre": "Sistemas Operativos I",
        "descripcion": "Fundamentos de administración de recursos y procesos en sistemas operativos modernos.",
        "area": "computación",
        "tipo": "profesional",
        "creditos_estimados": 3
      }
    ],
    "4": [
      {
        "nombre": "Base de Datos II",
        "descripcion": "Administración avanzada de bases de datos, transacciones y seguridad de la información.",
        "area": "computación",
        "tipo": "profesional",
        "creditos_estimados": 4
      },
      {
        "nombre": "Estadística I",
        "descripcion": "Fundamentos de probabilidad y estadística aplicada al análisis de datos computacionales.",
        "area": "matemática y estadística",
        "tipo": "básica",
        "creditos_estimados": 4
      },
      {
        "nombre": "Ingeniería de Software II",
        "descripcion": "Diseño arquitectónico y modelado UML para el desarrollo de sistemas de software.",
        "area": "ingeniería de software",
        "tipo": "profesional",
        "creditos_estimados": 4
      },
      {
        "nombre": "Lectura y Escritura Académica II",
        "descripcion": "Perfeccionamiento de la comunicación escrita en contextos académicos y de investigación.",
        "area": "formación general",
        "tipo": "básica",
        "creditos_estimados": 2
      },
      {
        "nombre": "Programación III",
        "descripcion": "Diseño de software con manejo de memoria, punteros y estructuras complejas.",
        "area": "computación",
        "tipo": "profesional",
        "creditos_estimados": 4
      },
      {
        "nombre": "Sistemas Operativos II",
        "descripcion": "Procesos concurrentes, planificación de CPU y administración de archivos.",
        "area": "computación",
        "tipo": "profesional",
        "creditos_estimados": 3
      }
    ],
    "5": [
      {
        "nombre": "Estadística II",
        "descripcion": "Análisis de regresión y modelos probabilísticos aplicados al aprendizaje automático.",
        "area": "matemática y estadística",
        "tipo": "básica",
        "creditos_estimados": 4
      },
      {
        "nombre": "Métodos Numéricos",
        "descripcion": "Solución computacional de ecuaciones y problemas de optimización mediante aproximaciones numéricas.",
        "area": "matemática y estadística",
        "tipo": "profesional",
        "creditos_estimados": 4
      },
      {
        "nombre": "Programación Declarativa",
        "descripcion": "Paradigmas de programación lógica y funcional para el desarrollo de sistemas complejos.",
        "area": "computación",
        "tipo": "profesional",
        "creditos_estimados": 3
      },
      {
        "nombre": "Programación IV",
        "descripcion": "Desarrollo avanzado de software con estructuras y algoritmos eficientes.",
        "area": "computación",
        "tipo": "profesional",
        "creditos_estimados": 4
      },
      {
        "nombre": "Redes I",
        "descripcion": "Fundamentos de redes de computadoras, protocolos y modelos OSI/TCP-IP.",
        "area": "telecomunicaciones",
        "tipo": "profesional",
        "creditos_estimados": 3
      },
      {
        "nombre": "Teoría de Autómatas",
        "descripcion": "Estudio de autómatas finitos, gramáticas y lenguajes formales aplicados al análisis computacional.",
        "area": "computación teórica",
        "tipo": "profesional",
        "creditos_estimados": 3
      }
    ],
    "6": [
      {
        "nombre": "Ingeniería de Software III",
        "descripcion": "Gestión del desarrollo de software y aplicación de metodologías ágiles.",
        "area": "ingeniería de software",
        "tipo": "profesional",
        "creditos_estimados": 4
      },
      {
        "nombre": "Inteligencia Artificial",
        "descripcion": "Conceptos y algoritmos de IA aplicados a la resolución de problemas y aprendizaje automático.",
        "area": "inteligencia artificial",
        "tipo": "profesional",
        "creditos_estimados": 4
      },
      {
        "nombre": "Prácticas Preprofesionales I",
        "descripcion": "Aplicación de conocimientos en entornos laborales del ámbito tecnológico.",
        "area": "otras áreas",
        "tipo": "laboratorio",
        "creditos_estimados": 3
      },
      {
        "nombre": "Redes II",
        "descripcion": "Configuración avanzada de redes, seguridad y administración de sistemas distribuidos.",
        "area": "telecomunicaciones",
        "tipo": "profesional",
        "creditos_estimados": 4
      },
      {
        "nombre": "Seguridad de la Información",
        "descripcion": "Protección de datos, criptografía y gestión de riesgos informáticos.",
        "area": "ciberseguridad",
        "tipo": "profesional",
        "creditos_estimados": 3
      },
      {
        "nombre": "Teoría de la Computación",
        "descripcion": "Fundamentos teóricos de la computación: decidibilidad, complejidad y máquinas de Turing.",
        "area": "computación teórica",
        "tipo": "profesional",
        "creditos_estimados": 3
      }
    ],
    "7": [
      {
        "nombre": "Computación Paralela y Distribuida",
        "descripcion": "Diseño y análisis de algoritmos paralelos y sistemas distribuidos.",
        "area": "computación",
        "tipo": "profesional",
        "creditos_estimados": 4
      },
      {
        "nombre": "Diseño de Proyecto de Graduación",
        "descripcion": "Formulación del anteproyecto de investigación o desarrollo tecnológico.",
        "area": "investigación",
        "tipo": "investigación",
        "creditos_estimados": 2
      },
      {
        "nombre": "Interacción Hombre-Máquina",
        "descripcion": "Diseño centrado en el usuario y evaluación de interfaces de software.",
        "area": "ingeniería de software",
        "tipo": "profesional",
        "creditos_estimados": 3
      },
      {
        "nombre": "Organización y Arquitectura de Computadoras",
        "descripcion": "Estructura interna y funcionamiento de los sistemas de cómputo modernos.",
        "area": "hardware y arquitectura",
        "tipo": "profesional",
        "creditos_estimados": 4
      },
      {
        "nombre": "Prácticas Preprofesionales II",
        "descripcion": "Desempeño profesional en entornos tecnológicos reales bajo supervisión.",
        "area": "otras áreas",
        "tipo": "laboratorio",
        "creditos_estimados": 3
      },
      {
        "nombre": "Sistemas de Información Geográfica",
        "descripcion": "Manejo y análisis espacial de datos geográficos mediante sistemas computacionales.",
        "area": "computación aplicada",
        "tipo": "profesional",
        "creditos_estimados": 3
      }
    ],
    "8": [
      {
        "nombre": "Antropología",
        "descripcion": "Estudio del ser humano y su relación con la tecnología y la sociedad digital.",
        "area": "formación general",
        "tipo": "básica",
        "creditos_estimados": 3
      },
      {
        "nombre": "Emprendimiento en Innovación Tecnológica",
        "descripcion": "Desarrollo de proyectos de innovación y creación de startups tecnológicas.",
        "area": "gestión de proyectos",
        "tipo": "profesional",
        "creditos_estimados": 3
      },
      {
        "nombre": "Ingeniería de Software IV",
        "descripcion": "Gestión avanzada de proyectos, aseguramiento de calidad y arquitectura empresarial.",
        "area": "ingeniería de software",
        "tipo": "profesional",
        "creditos_estimados": 4
      },
      {
        "nombre": "Prácticas de Vinculación",
        "descripcion": "Participación en proyectos tecnológicos de impacto social.",
        "area": "formación general",
        "tipo": "laboratorio",
        "creditos_estimados": 2
      },
      {
        "nombre": "Sistemas de Gestión del Conocimiento",
        "descripcion": "Diseño de sistemas para la creación, almacenamiento y distribución del conocimiento organizacional.",
        "area": "computación aplicada",
        "tipo": "profesional",
        "creditos_estimados": 3
      },
      {
        "nombre": "Taller de Graduación",
        "descripcion": "Desarrollo del proyecto final de titulación integrando innovación y tecnología.",
        "area": "investigación",
        "tipo": "investigación",
        "creditos_estimados": 5
      }
    ]
  }
}
