{
  "universidad": "Universidad del Azuay",
  "carrera": "Ingeniería en Alimentos",
  "modalidad": "Presencial",
  "duracion_semestres": 8,
  "titulo": "Ingeniero/a en Alimentos",
  "malla_curricular": {
    "1": [
      {
        "nombre": "Análisis Matemático I",
        "descripcion": "Fundamentos del cálculo diferencial aplicados al modelado de procesos físicos y biológicos.",
        "area": "matemática y estadística",
        "tipo": "básica",
        "creditos_estimados": 5
      },
      {
        "nombre": "Biología y Microbiología General",
        "descripcion": "Estudio de los organismos y microorganismos que intervienen en los procesos alimentarios.",
        "area": "ciencias biológicas",
        "tipo": "básica",
        "creditos_estimados": 4
      },
      {
        "nombre": "Geometría y Trigonometría",
        "descripcion": "Aplicación de conceptos geométricos en el análisis y diseño de procesos y equipos alimentarios.",
        "area": "matemática y estadística",
        "tipo": "básica",
        "creditos_estimados": 3
      },
      {
        "nombre": "Introducción a la Ingeniería en Alimentos",
        "descripcion": "Panorama general del campo de la ingeniería en alimentos, su importancia y aplicaciones.",
        "area": "ingeniería alimentaria",
        "tipo": "profesional",
        "creditos_estimados": 3
      },
      {
        "nombre": "Lectura y Escritura Académica I",
        "descripcion": "Desarrollo de competencias comunicativas y redacción científica en el ámbito técnico.",
        "area": "formación general",
        "tipo": "básica",
        "creditos_estimados": 3
      },
      {
        "nombre": "Química General",
        "descripcion": "Fundamentos de la química general aplicados a los materiales y alimentos.",
        "area": "ciencias básicas",
        "tipo": "básica",
        "creditos_estimados": 4
      }
    ],
    "2": [
      {
        "nombre": "Álgebra Lineal",
        "descripcion": "Aplicación de matrices y vectores en modelado y simulación de procesos alimentarios.",
        "area": "matemática y estadística",
        "tipo": "básica",
        "creditos_estimados": 4
      },
      {
        "nombre": "Análisis Matemático II",
        "descripcion": "Aplicación de integrales y series en el estudio de balances de materia y energía.",
        "area": "matemática y estadística",
        "tipo": "básica",
        "creditos_estimados": 4
      },
      {
        "nombre": "Física I",
        "descripcion": "Estudio de la mecánica y termodinámica aplicadas a los sistemas industriales.",
        "area": "ciencias básicas",
        "tipo": "básica",
        "creditos_estimados": 4
      },
      {
        "nombre": "Lectura y Escritura Académica II",
        "descripcion": "Desarrollo de textos técnicos y científicos en el ámbito de la ingeniería.",
        "area": "formación general",
        "tipo": "básica",
        "creditos_estimados": 2
      },
      {
        "nombre": "Microbiología Alimentaria",
        "descripcion": "Estudio de microorganismos presentes en alimentos y su control en procesos de producción.",
        "area": "ciencias biológicas",
        "tipo": "profesional",
        "creditos_estimados": 4
      },
      {
        "nombre": "Química Orgánica",
        "descripcion": "Composición, estructura y reactividad de compuestos orgánicos relacionados con los alimentos.",
        "area": "ciencias básicas",
        "tipo": "básica",
        "creditos_estimados": 4
      }
    ],
    "3": [
      {
        "nombre": "Análisis Matemático III",
        "descripcion": "Ecuaciones diferenciales aplicadas al modelado de procesos térmicos y cinéticos.",
        "area": "matemática y estadística",
        "tipo": "básica",
        "creditos_estimados": 5
      },
      {
        "nombre": "Antropología",
        "descripcion": "Análisis del impacto cultural y social de la alimentación en las comunidades humanas.",
        "area": "formación general",
        "tipo": "básica",
        "creditos_estimados": 3
      },
      {
        "nombre": "Estadística",
        "descripcion": "Métodos estadísticos para el control de calidad y experimentación en alimentos.",
        "area": "matemática y estadística",
        "tipo": "básica",
        "creditos_estimados": 4
      },
      {
        "nombre": "Física II",
        "descripcion": "Estudio del electromagnetismo y transferencia de calor en sistemas alimentarios.",
        "area": "ciencias básicas",
        "tipo": "básica",
        "creditos_estimados": 4
      },
      {
        "nombre": "Operaciones Unitarias I",
        "descripcion": "Principios de transferencia de masa y energía aplicados a procesos alimentarios.",
        "area": "ingeniería alimentaria",
        "tipo": "profesional",
        "creditos_estimados": 4
      },
      {
        "nombre": "Química Analítica e Instrumental",
        "descripcion": "Técnicas de análisis químico e instrumental aplicadas a la evaluación de alimentos.",
        "area": "ciencias básicas",
        "tipo": "profesional",
        "creditos_estimados": 4
      }
    ],
    "4": [
      {
        "nombre": "Análisis Matemático IV",
        "descripcion": "Aplicaciones de ecuaciones diferenciales parciales en procesos industriales.",
        "area": "matemática y estadística",
        "tipo": "básica",
        "creditos_estimados": 4
      },
      {
        "nombre": "Bioquímica de Alimentos",
        "descripcion": "Estudio de los procesos bioquímicos de los nutrientes durante el procesamiento de alimentos.",
        "area": "ciencias biológicas",
        "tipo": "profesional",
        "creditos_estimados": 4
      },
      {
        "nombre": "Estadística II y Diseño Experimental",
        "descripcion": "Diseño de experimentos para la investigación y desarrollo en ingeniería alimentaria.",
        "area": "matemática y estadística",
        "tipo": "profesional",
        "creditos_estimados": 4
      },
      {
        "nombre": "Ética y Responsabilidad Social",
        "descripcion": "Reflexión ética sobre la práctica profesional y la responsabilidad del ingeniero con la sociedad.",
        "area": "formación general",
        "tipo": "básica",
        "creditos_estimados": 2
      },
      {
        "nombre": "Fundamentos de Programación",
        "descripcion": "Programación básica aplicada al procesamiento y análisis de datos experimentales.",
        "area": "computación",
        "tipo": "básica",
        "creditos_estimados": 3
      },
      {
        "nombre": "Operaciones Unitarias II",
        "descripcion": "Procesos de separación, concentración y secado en la industria alimentaria.",
        "area": "ingeniería alimentaria",
        "tipo": "profesional",
        "creditos_estimados": 4
      }
    ],
    "5": [
      {
        "nombre": "Análisis de Alimentos",
        "descripcion": "Métodos de análisis físico-químico y microbiológico aplicados al control de calidad.",
        "area": "ciencias básicas",
        "tipo": "profesional",
        "creditos_estimados": 4
      },
      {
        "nombre": "Fisicoquímica de Alimentos",
        "descripcion": "Propiedades físico-químicas de los alimentos y su relación con la estabilidad y calidad.",
        "area": "ciencias básicas",
        "tipo": "profesional",
        "creditos_estimados": 4
      },
      {
        "nombre": "Inocuidad y Seguridad Alimentaria",
        "descripcion": "Principios de inocuidad y aplicación de normas internacionales en la industria alimentaria.",
        "area": "ingeniería alimentaria",
        "tipo": "profesional",
        "creditos_estimados": 4
      },
      {
        "nombre": "Operaciones Unitarias III",
        "descripcion": "Procesos avanzados de transporte y control en operaciones de la industria alimentaria.",
        "area": "ingeniería alimentaria",
        "tipo": "profesional",
        "creditos_estimados": 4
      },
      {
        "nombre": "Prácticas de Vinculación",
        "descripcion": "Participación en proyectos sociales o industriales vinculados a la alimentación.",
        "area": "formación general",
        "tipo": "laboratorio",
        "creditos_estimados": 2
      },
      {
        "nombre": "Toxicología de Alimentos",
        "descripcion": "Estudio de los contaminantes y sus efectos en la salud humana.",
        "area": "ciencias biológicas",
        "tipo": "profesional",
        "creditos_estimados": 3
      }
    ],
    "6": [
      {
        "nombre": "Análisis Sensorial",
        "descripcion": "Evaluación de las propiedades sensoriales de los alimentos mediante paneles de catadores.",
        "area": "ciencias biológicas",
        "tipo": "profesional",
        "creditos_estimados": 4
      },
      {
        "nombre": "Biotecnología de Alimentos",
        "descripcion": "Aplicación de microorganismos y enzimas en la mejora de procesos y productos alimenticios.",
        "area": "bioingeniería",
        "tipo": "profesional",
        "creditos_estimados": 4
      },
      {
        "nombre": "Operaciones Aplicadas a la Industria Alimentaria",
        "descripcion": "Integración de operaciones unitarias en procesos industriales complejos.",
        "area": "ingeniería alimentaria",
        "tipo": "profesional",
        "creditos_estimados": 4
      },
      {
        "nombre": "Prácticas Preprofesionales",
        "descripcion": "Aplicación de conocimientos técnicos en entornos reales de producción alimentaria.",
        "area": "otras áreas",
        "tipo": "laboratorio",
        "creditos_estimados": 3
      },
      {
        "nombre": "Tecnología de Lácteos",
        "descripcion": "Procesos industriales para la transformación y conservación de productos lácteos.",
        "area": "ingeniería alimentaria",
        "tipo": "profesional",
        "creditos_estimados": 4
      }
    ],
    "7": [
      {
        "nombre": "Diseño del Proyecto de Graduación",
        "descripcion": "Elaboración del anteproyecto de investigación aplicada o innovación alimentaria.",
        "area": "investigación",
        "tipo": "investigación",
        "creditos_estimados": 2
      },
      {
        "nombre": "Gestión y Emprendimiento",
        "descripcion": "Planificación, gestión y liderazgo de empresas o proyectos en la industria alimentaria.",
        "area": "gestión de proyectos",
        "tipo": "profesional",
        "creditos_estimados": 3
      },
      {
        "nombre": "Nutrición y Alimentos Funcionales",
        "descripcion": "Estudio de alimentos con propiedades beneficiosas para la salud y bienestar.",
        "area": "ciencias biológicas",
        "tipo": "profesional",
        "creditos_estimados": 3
      },
      {
        "nombre": "Tecnología de Cárnicos",
        "descripcion": "Procesamiento y conservación de productos cárnicos.",
        "area": "ingeniería alimentaria",
        "tipo": "profesional",
        "creditos_estimados": 4
      },
      {
        "nombre": "Tecnología de Vegetales",
        "descripcion": "Procesos industriales aplicados al tratamiento y conservación de vegetales y frutas.",
        "area": "ingeniería alimentaria",
        "tipo": "profesional",
        "creditos_estimados": 4
      }
    ],
    "8": [
      {
        "nombre": "Avances en Ingeniería en Alimentos",
        "descripcion": "Revisión de nuevas tendencias, tecnologías y normativas en la ingeniería alimentaria.",
        "area": "ingeniería alimentaria",
        "tipo": "profesional",
        "creditos_estimados": 3
      },
      {
        "nombre": "Investigación y Desarrollo de Nuevos Productos",
        "descripcion": "Desarrollo de nuevos alimentos con enfoque en innovación y sostenibilidad.",
        "area": "investigación",
        "tipo": "profesional",
        "creditos_estimados": 4
      },
      {
        "nombre": "Optimización y Diseño de Planta",
        "descripcion": "Diseño y optimización de procesos industriales en plantas alimentarias.",
        "area": "ingeniería alimentaria",
        "tipo": "profesional",
        "creditos_estimados": 4
      },
      {
        "nombre": "Taller de Graduación",
        "descripcion": "Desarrollo del proyecto final de titulación integrando conocimientos técnicos y de innovación.",
        "area": "investigación",
        "tipo": "investigación",
        "creditos_estimados": 5
      },
      {
        "nombre": "Tecnología de Cereales y Oleaginosas",
        "descripcion": "Procesamiento industrial de granos y aceites comestibles.",
        "area": "ingeniería alimentaria",
        "tipo": "profesional",
        "creditos_estimados": 3
      }
    ]
  }
}
