{
  "universidad": "Universidad del Azuay",
  "carrera": "Ingeniería Ambiental",
  "modalidad": "Presencial",
  "duracion_semestres": 8,
  "titulo": "Ingeniero/a Ambiental",
  "malla_curricular": {
    "1": [
      {
        "nombre": "Análisis Matemático I",
        "descripcion": "Introducción al cálculo diferencial aplicado a la resolución de problemas físicos y ambientales.",
        "area": "matemática y estadística",
        "tipo": "básica",
        "creditos_estimados": 5
      },
      {
        "nombre": "Ecología y Recursos Naturales",
        "descripcion": "Estudio de los ecosistemas, su dinámica y los recursos naturales renovables y no renovables.",
        "area": "ciencias ambientales",
        "tipo": "profesional",
        "creditos_estimados": 4
      },
      {
        "nombre": "Fundamentos de Programación",
        "descripcion": "Conceptos básicos de algoritmos y programación aplicada a la modelación ambiental.",
        "area": "computación",
        "tipo": "básica",
        "creditos_estimados": 3
      },
      {
        "nombre": "Geometría y Trigonometría",
        "descripcion": "Conceptos geométricos y trigonométricos aplicados al análisis y representación espacial.",
        "area": "matemática y estadística",
        "tipo": "básica",
        "creditos_estimados": 4
      },
      {
        "nombre": "Lectura y Escritura Académica I",
        "descripcion": "Desarrollo de habilidades de redacción y comprensión lectora en el ámbito científico.",
        "area": "formación general",
        "tipo": "básica",
        "creditos_estimados": 3
      },
      {
        "nombre": "Química General",
        "descripcion": "Estudio de los principios básicos de la química y su aplicación en procesos naturales.",
        "area": "ciencias básicas",
        "tipo": "básica",
        "creditos_estimados": 4
      }
    ],
    "2": [
      {
        "nombre": "Álgebra Lineal",
        "descripcion": "Estudio de matrices, determinantes y espacios vectoriales aplicados a modelos ambientales.",
        "area": "matemática y estadística",
        "tipo": "básica",
        "creditos_estimados": 4
      },
      {
        "nombre": "Análisis Matemático II",
        "descripcion": "Aplicación de integrales y series en el análisis de procesos físicos y biológicos.",
        "area": "matemática y estadística",
        "tipo": "básica",
        "creditos_estimados": 4
      },
      {
        "nombre": "Biología",
        "descripcion": "Principios de biología general enfocados en los organismos y ecosistemas.",
        "area": "ciencias biológicas",
        "tipo": "básica",
        "creditos_estimados": 4
      },
      {
        "nombre": "Física I",
        "descripcion": "Estudio de la mecánica clásica y sus aplicaciones en la ingeniería ambiental.",
        "area": "ciencias básicas",
        "tipo": "básica",
        "creditos_estimados": 4
      },
      {
        "nombre": "Lectura y Escritura Académica II",
        "descripcion": "Redacción de textos técnicos y científicos orientados al área de ingeniería.",
        "area": "formación general",
        "tipo": "básica",
        "creditos_estimados": 3
      },
      {
        "nombre": "Química Orgánica",
        "descripcion": "Estudio de compuestos orgánicos y su relevancia en procesos ambientales y biogeoquímicos.",
        "area": "ciencias básicas",
        "tipo": "básica",
        "creditos_estimados": 4
      }
    ],
    "3": [
      {
        "nombre": "Análisis Matemático III",
        "descripcion": "Aplicación de ecuaciones diferenciales en modelación ambiental.",
        "area": "matemática y estadística",
        "tipo": "básica",
        "creditos_estimados": 5
      },
      {
        "nombre": "Antropología",
        "descripcion": "Estudio del ser humano desde perspectivas culturales y sociales relacionadas con el medio ambiente.",
        "area": "formación general",
        "tipo": "básica",
        "creditos_estimados": 3
      },
      {
        "nombre": "Estadística",
        "descripcion": "Fundamentos de análisis estadístico y probabilidad aplicados a la gestión ambiental.",
        "area": "matemática y estadística",
        "tipo": "básica",
        "creditos_estimados": 4
      },
      {
        "nombre": "Física II",
        "descripcion": "Estudio del electromagnetismo y termodinámica con aplicación en procesos ambientales.",
        "area": "ciencias básicas",
        "tipo": "básica",
        "creditos_estimados": 4
      },
      {
        "nombre": "Microbiología",
        "descripcion": "Estudio de microorganismos y su papel en el equilibrio ambiental y tratamiento de contaminantes.",
        "area": "ciencias biológicas",
        "tipo": "profesional",
        "creditos_estimados": 3
      },
      {
        "nombre": "Química Analítica e Instrumental",
        "descripcion": "Técnicas de análisis químico e instrumentación aplicada a muestras ambientales.",
        "area": "ciencias básicas",
        "tipo": "profesional",
        "creditos_estimados": 4
      }
    ],
    "4": [
      {
        "nombre": "Análisis Matemático IV",
        "descripcion": "Aplicaciones avanzadas del cálculo y ecuaciones diferenciales parciales.",
        "area": "matemática y estadística",
        "tipo": "básica",
        "creditos_estimados": 4
      },
      {
        "nombre": "Cartografía y SIG",
        "descripcion": "Manejo de sistemas de información geográfica para análisis espacial y gestión ambiental.",
        "area": "ingeniería ambiental",
        "tipo": "profesional",
        "creditos_estimados": 4
      },
      {
        "nombre": "Estadística II",
        "descripcion": "Modelos estadísticos multivariables aplicados a estudios ambientales.",
        "area": "matemática y estadística",
        "tipo": "básica",
        "creditos_estimados": 4
      },
      {
        "nombre": "Ética y Responsabilidad Social",
        "descripcion": "Análisis de dilemas éticos y responsabilidades del ingeniero con la sociedad y el ambiente.",
        "area": "formación general",
        "tipo": "básica",
        "creditos_estimados": 3
      },
      {
        "nombre": "Físico Química Ambiental",
        "descripcion": "Procesos fisicoquímicos que determinan la calidad del aire, agua y suelo.",
        "area": "ciencias ambientales",
        "tipo": "profesional",
        "creditos_estimados": 4
      },
      {
        "nombre": "Geología",
        "descripcion": "Estudio de los materiales y procesos geológicos relevantes para el manejo ambiental.",
        "area": "ciencias básicas",
        "tipo": "básica",
        "creditos_estimados": 4
      }
    ],
    "5": [
      {
        "nombre": "Calidad del Agua",
        "descripcion": "Evaluación de parámetros físicos, químicos y biológicos de la calidad del agua.",
        "area": "ciencias ambientales",
        "tipo": "profesional",
        "creditos_estimados": 4
      },
      {
        "nombre": "Estática",
        "descripcion": "Análisis de equilibrio de cuerpos y estructuras aplicadas a obras ambientales.",
        "area": "ciencias básicas",
        "tipo": "básica",
        "creditos_estimados": 3
      },
      {
        "nombre": "Mecánica de Fluidos",
        "descripcion": "Principios de hidráulica y flujo aplicados a sistemas naturales y de tratamiento.",
        "area": "ciencias básicas",
        "tipo": "profesional",
        "creditos_estimados": 4
      },
      {
        "nombre": "Meteorología e Hidrología",
        "descripcion": "Análisis de fenómenos atmosféricos e hidrológicos relevantes para el ambiente.",
        "area": "ciencias ambientales",
        "tipo": "profesional",
        "creditos_estimados": 4
      },
      {
        "nombre": "Topografía",
        "descripcion": "Levantamientos topográficos aplicados a estudios ambientales y obras civiles.",
        "area": "ingeniería ambiental",
        "tipo": "profesional",
        "creditos_estimados": 3
      },
      {
        "nombre": "Prácticas de Vinculación",
        "descripcion": "Actividades prácticas de vinculación con comunidades y proyectos ambientales locales.",
        "area": "formación general",
        "tipo": "laboratorio",
        "creditos_estimados": 2
      }
    ],
    "6": [
      {
        "nombre": "Gestión de Residuos y Desechos",
        "descripcion": "Diseño y gestión de sistemas sostenibles para el manejo de residuos sólidos.",
        "area": "ingeniería ambiental",
        "tipo": "profesional",
        "creditos_estimados": 4
      },
      {
        "nombre": "Ingeniería Hidráulica",
        "descripcion": "Diseño y análisis de sistemas hidráulicos aplicados a obras de ingeniería ambiental.",
        "area": "ciencias ambientales",
        "tipo": "profesional",
        "creditos_estimados": 4
      },
      {
        "nombre": "Resistencia de Materiales",
        "descripcion": "Estudio de las propiedades mecánicas de los materiales empleados en obras hidráulicas y civiles.",
        "area": "ciencias básicas",
        "tipo": "básica",
        "creditos_estimados": 3
      },
      {
        "nombre": "Suelos",
        "descripcion": "Propiedades del suelo y su papel en los ecosistemas y en la contaminación ambiental.",
        "area": "ciencias ambientales",
        "tipo": "profesional",
        "creditos_estimados": 3
      },
      {
        "nombre": "Tratamiento del Agua",
        "descripcion": "Procesos físicos, químicos y biológicos para el tratamiento de aguas residuales.",
        "area": "ciencias ambientales",
        "tipo": "profesional",
        "creditos_estimados": 4
      },
      {
        "nombre": "Prácticas Preprofesionales",
        "descripcion": "Experiencia práctica en instituciones o proyectos de gestión ambiental.",
        "area": "otras áreas",
        "tipo": "laboratorio",
        "creditos_estimados": 3
      }
    ],
    "7": [
      {
        "nombre": "Calidad del Aire",
        "descripcion": "Evaluación de contaminantes atmosféricos y estrategias de mitigación.",
        "area": "ciencias ambientales",
        "tipo": "profesional",
        "creditos_estimados": 3
      },
      {
        "nombre": "Cambio Climático",
        "descripcion": "Análisis del cambio climático, sus causas y estrategias de adaptación y mitigación.",
        "area": "ciencias ambientales",
        "tipo": "profesional",
        "creditos_estimados": 3
      },
      {
        "nombre": "Formulación de Proyectos",
        "descripcion": "Diseño, planificación y evaluación de proyectos ambientales y de desarrollo sostenible.",
        "area": "gestión de proyectos",
        "tipo": "profesional",
        "creditos_estimados": 4
      },
      {
        "nombre": "Legislación Ambiental",
        "descripcion": "Normativas y políticas ambientales nacionales e internacionales.",
        "area": "ciencias jurídicas",
        "tipo": "profesional",
        "creditos_estimados": 3
      },
      {
        "nombre": "Infraestructuras I",
        "descripcion": "Diseño de obras y sistemas de infraestructura con enfoque ambiental.",
        "area": "ingeniería ambiental",
        "tipo": "profesional",
        "creditos_estimados": 4
      },
      {
        "nombre": "Diseño del Proyecto de Graduación",
        "descripcion": "Elaboración del anteproyecto de investigación o intervención ambiental.",
        "area": "investigación",
        "tipo": "investigación",
        "creditos_estimados": 2
      }
    ],
    "8": [
      {
        "nombre": "Evaluación de Impactos y Auditorías Ambientales",
        "descripcion": "Metodologías para la evaluación y auditoría de impactos ambientales en proyectos.",
        "area": "ingeniería ambiental",
        "tipo": "profesional",
        "creditos_estimados": 4
      },
      {
        "nombre": "Economía Ecológica",
        "descripcion": "Relación entre sistemas económicos y ecosistemas desde un enfoque sostenible.",
        "area": "ciencias económicas",
        "tipo": "profesional",
        "creditos_estimados": 3
      },
      {
        "nombre": "Infraestructuras II",
        "descripcion": "Diseño avanzado de obras civiles con criterios de sostenibilidad ambiental.",
        "area": "ingeniería ambiental",
        "tipo": "profesional",
        "creditos_estimados": 3
      },
      {
        "nombre": "Remediación Ambiental",
        "descripcion": "Técnicas y tecnologías para la recuperación de ecosistemas contaminados.",
        "area": "ciencias ambientales",
        "tipo": "profesional",
        "creditos_estimados": 4
      },
      {
        "nombre": "Taller de Graduación",
        "descripcion": "Desarrollo del trabajo de titulación integrando conocimientos teóricos y prácticos.",
        "area": "investigación",
        "tipo": "investigación",
        "creditos_estimados": 5
      }
    ]
  }
}
