{
  "universidad": "Universidad del Azuay",
  "carrera": "Ingeniería en Energías Alternativas",
  "modalidad": "Presencial",
  "duracion_semestres": 8,
  "titulo": "Ingeniero/a en Energías Alternativas",
  "malla_curricular": {
    "1": [
      {
        "nombre": "Análisis Matemático I",
        "descripcion": "Fundamentos del cálculo diferencial aplicados al modelado de sistemas energéticos y físicos.",
        "area": "matemática y estadística",
        "tipo": "básica",
        "creditos_estimados": 5
      },
      {
        "nombre": "Diseño Asistido por Computador",
        "descripcion": "Uso de software CAD para el modelado y simulación de componentes energéticos e industriales.",
        "area": "computación",
        "tipo": "profesional",
        "creditos_estimados": 3
      },
      {
        "nombre": "Geometría y Trigonometría",
        "descripcion": "Aplicación de conceptos geométricos y trigonométricos en diseño y análisis de sistemas eléctricos.",
        "area": "matemática y estadística",
        "tipo": "básica",
        "creditos_estimados": 3
      },
      {
        "nombre": "Introducción a la Energía",
        "descripcion": "Panorama general de las fuentes, transformación y uso de la energía en contextos sostenibles.",
        "area": "energías renovables",
        "tipo": "básica",
        "creditos_estimados": 3
      },
      {
        "nombre": "Lectura y Escritura Académica I",
        "descripcion": "Desarrollo de competencias comunicativas y redacción técnica en el ámbito de la ingeniería.",
        "area": "formación general",
        "tipo": "básica",
        "creditos_estimados": 2
      },
      {
        "nombre": "Química General",
        "descripcion": "Principios químicos aplicados a materiales, combustibles y procesos energéticos.",
        "area": "ciencias básicas",
        "tipo": "básica",
        "creditos_estimados": 4
      }
    ],
    "2": [
      {
        "nombre": "Álgebra Lineal",
        "descripcion": "Aplicación de matrices y vectores al análisis de sistemas eléctricos y térmicos.",
        "area": "matemática y estadística",
        "tipo": "básica",
        "creditos_estimados": 4
      },
      {
        "nombre": "Análisis Matemático II",
        "descripcion": "Cálculo integral y series aplicadas a balances energéticos y modelado térmico.",
        "area": "matemática y estadística",
        "tipo": "básica",
        "creditos_estimados": 4
      },
      {
        "nombre": "Estadística",
        "descripcion": "Métodos estadísticos aplicados al control de procesos y evaluación de datos energéticos.",
        "area": "matemática y estadística",
        "tipo": "básica",
        "creditos_estimados": 3
      },
      {
        "nombre": "Física I",
        "descripcion": "Estudio de la mecánica y dinámica aplicadas a los sistemas de energía y máquinas.",
        "area": "ciencias básicas",
        "tipo": "básica",
        "creditos_estimados": 4
      },
      {
        "nombre": "Fundamentos de Programación",
        "descripcion": "Introducción a la programación estructurada aplicada al modelado y automatización de sistemas energéticos.",
        "area": "computación",
        "tipo": "básica",
        "creditos_estimados": 3
      },
      {
        "nombre": "Lectura y Escritura Académica II",
        "descripcion": "Desarrollo de habilidades para la comunicación científica y técnica en ingeniería.",
        "area": "formación general",
        "tipo": "básica",
        "creditos_estimados": 2
      }
    ],
    "3": [
      {
        "nombre": "Análisis de Circuitos Electrónicos",
        "descripcion": "Fundamentos de análisis de circuitos resistivos, capacitivos e inductivos aplicados a sistemas eléctricos.",
        "area": "ingeniería eléctrica",
        "tipo": "profesional",
        "creditos_estimados": 4
      },
      {
        "nombre": "Análisis Matemático III",
        "descripcion": "Ecuaciones diferenciales aplicadas a la simulación de procesos energéticos y de transferencia.",
        "area": "matemática y estadística",
        "tipo": "básica",
        "creditos_estimados": 5
      },
      {
        "nombre": "Antropología",
        "descripcion": "Comprensión de las relaciones entre energía, sociedad y desarrollo humano sostenible.",
        "area": "formación general",
        "tipo": "básica",
        "creditos_estimados": 3
      },
      {
        "nombre": "Electrónica Analógica",
        "descripcion": "Diseño y análisis de circuitos con amplificadores operacionales aplicados a sistemas energéticos.",
        "area": "ingeniería electrónica",
        "tipo": "profesional",
        "creditos_estimados": 4
      },
      {
        "nombre": "Física II",
        "descripcion": "Estudio del electromagnetismo y la óptica aplicadas a sistemas de conversión energética.",
        "area": "ciencias básicas",
        "tipo": "básica",
        "creditos_estimados": 4
      },
      {
        "nombre": "Termodinámica I",
        "descripcion": "Principios de la termodinámica aplicados a sistemas de generación y conversión de energía.",
        "area": "energías renovables",
        "tipo": "profesional",
        "creditos_estimados": 4
      }
    ],
    "4": [
      {
        "nombre": "Análisis Matemático IV",
        "descripcion": "Aplicación de ecuaciones diferenciales parciales a problemas de transferencia de energía y fluidos.",
        "area": "matemática y estadística",
        "tipo": "básica",
        "creditos_estimados": 4
      },
      {
        "nombre": "Electrónica Digital",
        "descripcion": "Diseño y análisis de circuitos digitales para control y automatización energética.",
        "area": "ingeniería electrónica",
        "tipo": "profesional",
        "creditos_estimados": 4
      },
      {
        "nombre": "Energía Solar Fotovoltaica",
        "descripcion": "Estudio, diseño e implementación de sistemas solares fotovoltaicos para generación eléctrica.",
        "area": "energías renovables",
        "tipo": "profesional",
        "creditos_estimados": 4
      },
      {
        "nombre": "Ética y Responsabilidad Social",
        "descripcion": "Análisis del rol ético del ingeniero en el desarrollo energético sostenible.",
        "area": "formación general",
        "tipo": "básica",
        "creditos_estimados": 2
      },
      {
        "nombre": "Instalaciones Eléctricas I",
        "descripcion": "Diseño y evaluación de instalaciones eléctricas residenciales e industriales.",
        "area": "ingeniería eléctrica",
        "tipo": "profesional",
        "creditos_estimados": 3
      },
      {
        "nombre": "Termodinámica II",
        "descripcion": "Aplicaciones de la termodinámica a sistemas de generación de energía y ciclos termodinámicos.",
        "area": "energías renovables",
        "tipo": "profesional",
        "creditos_estimados": 4
      }
    ],
    "5": [
      {
        "nombre": "Energía Eólica",
        "descripcion": "Diseño y evaluación de sistemas de generación eólica a pequeña y gran escala.",
        "area": "energías renovables",
        "tipo": "profesional",
        "creditos_estimados": 4
      },
      {
        "nombre": "Energía Hidroeléctrica I",
        "descripcion": "Fundamentos hidráulicos y diseño de sistemas hidroeléctricos.",
        "area": "energías renovables",
        "tipo": "profesional",
        "creditos_estimados": 4
      },
      {
        "nombre": "Energía Solar Térmica",
        "descripcion": "Aplicación de la energía solar para procesos térmicos e industriales.",
        "area": "energías renovables",
        "tipo": "profesional",
        "creditos_estimados": 4
      },
      {
        "nombre": "Instalaciones Eléctricas II",
        "descripcion": "Diseño avanzado de instalaciones eléctricas con enfoque en eficiencia energética.",
        "area": "ingeniería eléctrica",
        "tipo": "profesional",
        "creditos_estimados": 3
      },
      {
        "nombre": "Prácticas Preprofesionales",
        "descripcion": "Aplicación práctica de conocimientos en proyectos o empresas del sector energético.",
        "area": "otras áreas",
        "tipo": "laboratorio",
        "creditos_estimados": 3
      },
      {
        "nombre": "Transferencia de Calor",
        "descripcion": "Estudio de mecanismos de transferencia de energía térmica en sistemas industriales.",
        "area": "energías renovables",
        "tipo": "básica",
        "creditos_estimados": 4
      }
    ],
    "6": [
      {
        "nombre": "Almacenamiento de Energía",
        "descripcion": "Tecnologías de almacenamiento energético: baterías, supercapacitores y sistemas híbridos.",
        "area": "energías renovables",
        "tipo": "profesional",
        "creditos_estimados": 4
      },
      {
        "nombre": "Electrónica de Potencia",
        "descripcion": "Conversión y control de energía eléctrica mediante dispositivos semiconductores.",
        "area": "ingeniería electrónica",
        "tipo": "profesional",
        "creditos_estimados": 4
      },
      {
        "nombre": "Energía Hidroeléctrica II",
        "descripcion": "Diseño avanzado y operación de centrales hidroeléctricas y mini-hidros.",
        "area": "energías renovables",
        "tipo": "profesional",
        "creditos_estimados": 3
      },
      {
        "nombre": "Energía y Movilidad",
        "descripcion": "Aplicación de tecnologías energéticas en transporte sostenible y electromovilidad.",
        "area": "energías renovables",
        "tipo": "profesional",
        "creditos_estimados": 3
      },
      {
        "nombre": "Prácticas de Vinculación",
        "descripcion": "Participación en proyectos sociales o ambientales enfocados en energía sostenible.",
        "area": "formación general",
        "tipo": "laboratorio",
        "creditos_estimados": 2
      }
    ],
    "7": [
      {
        "nombre": "Cambio Climático y Sostenibilidad",
        "descripcion": "Estudio de los impactos del cambio climático y estrategias de sostenibilidad energética.",
        "area": "energías renovables",
        "tipo": "profesional",
        "creditos_estimados": 3
      },
      {
        "nombre": "Diseño del Proyecto de Titulación",
        "descripcion": "Formulación del anteproyecto de investigación o innovación en energías alternativas.",
        "area": "investigación",
        "tipo": "investigación",
        "creditos_estimados": 2
      },
      {
        "nombre": "Formulación y Evaluación de Proyectos",
        "descripcion": "Evaluación económica y técnica de proyectos de generación o eficiencia energética.",
        "area": "gestión de proyectos",
        "tipo": "profesional",
        "creditos_estimados": 3
      },
      {
        "nombre": "Geotermia",
        "descripcion": "Principios de generación de energía mediante aprovechamiento de fuentes geotérmicas.",
        "area": "energías renovables",
        "tipo": "profesional",
        "creditos_estimados": 4
      },
      {
        "nombre": "Microrredes",
        "descripcion": "Diseño y operación de microrredes energéticas integradas con fuentes renovables.",
        "area": "energías renovables",
        "tipo": "profesional",
        "creditos_estimados": 3
      },
      {
        "nombre": "Normativa y Gestión de la Energía",
        "descripcion": "Estudio de regulaciones, políticas y normas de gestión del sector energético.",
        "area": "gestión de proyectos",
        "tipo": "profesional",
        "creditos_estimados": 3
      }
    ],
    "8": [
      {
        "nombre": "Auditoría y Eficiencia Energética",
        "descripcion": "Análisis de consumo y optimización de sistemas para mejorar la eficiencia energética.",
        "area": "energías renovables",
        "tipo": "profesional",
        "creditos_estimados": 4
      },
      {
        "nombre": "Biomasa",
        "descripcion": "Transformación de materia orgánica en biocombustibles y energía térmica.",
        "area": "energías renovables",
        "tipo": "profesional",
        "creditos_estimados": 3
      },
      {
        "nombre": "Gestión de Proyectos Energéticos",
        "descripcion": "Planificación, control y ejecución de proyectos relacionados con energías alternativas.",
        "area": "gestión de proyectos",
        "tipo": "profesional",
        "creditos_estimados": 3
      },
      {
        "nombre": "Gestión Empresarial",
        "descripcion": "Desarrollo de competencias gerenciales para la dirección de empresas del sector energético.",
        "area": "gestión de proyectos",
        "tipo": "profesional",
        "creditos_estimados": 3
      },
      {
        "nombre": "Nuevas Tecnologías Energéticas",
        "descripcion": "Exploración de innovaciones emergentes en energías limpias y sostenibles.",
        "area": "energías renovables",
        "tipo": "profesional",
        "creditos_estimados": 3
      },
      {
        "nombre": "Taller de Graduación",
        "descripcion": "Desarrollo del proyecto final de titulación aplicando conocimientos técnicos y científicos.",
        "area": "investigación",
        "tipo": "investigación",
        "creditos_estimados": 5
      }
    ]
  }
}
