{
  "universidad": "Universidad del Azuay",
  "carrera": "Ingeniería Civil",
  "modalidad": "Presencial",
  "duracion_semestres": 8,
  "titulo": "Ingeniero/a Civil",
  "malla_curricular": {
    "1": [
      {
        "nombre": "Análisis Matemático I",
        "descripcion": "Fundamentos del cálculo diferencial aplicados a la resolución de problemas físicos y estructurales.",
        "area": "matemática y estadística",
        "tipo": "básica",
        "creditos_estimados": 5
      },
      {
        "nombre": "Estática",
        "descripcion": "Análisis de fuerzas en equilibrio aplicadas a estructuras y sistemas mecánicos.",
        "area": "ciencias básicas",
        "tipo": "básica",
        "creditos_estimados": 4
      },
      {
        "nombre": "Fundamentos de Programación",
        "descripcion": "Introducción a la lógica computacional y al desarrollo de algoritmos aplicados a la ingeniería.",
        "area": "computación",
        "tipo": "básica",
        "creditos_estimados": 3
      },
      {
        "nombre": "Geología",
        "descripcion": "Estudio de materiales y procesos geológicos relevantes para obras civiles.",
        "area": "ciencias básicas",
        "tipo": "profesional",
        "creditos_estimados": 4
      },
      {
        "nombre": "Geometría y Trigonometría",
        "descripcion": "Análisis geométrico y trigonométrico aplicado a la representación espacial y topográfica.",
        "area": "matemática y estadística",
        "tipo": "básica",
        "creditos_estimados": 4
      },
      {
        "nombre": "Lectura y Escritura Académica I",
        "descripcion": "Desarrollo de habilidades de redacción técnica y comprensión lectora en textos científicos.",
        "area": "formación general",
        "tipo": "básica",
        "creditos_estimados": 3
      }
    ],
    "2": [
      {
        "nombre": "Álgebra Lineal",
        "descripcion": "Estudio de matrices, vectores y sistemas lineales aplicados al análisis estructural.",
        "area": "matemática y estadística",
        "tipo": "básica",
        "creditos_estimados": 4
      },
      {
        "nombre": "Análisis Matemático II",
        "descripcion": "Aplicación de integrales y series en problemas de ingeniería civil.",
        "area": "matemática y estadística",
        "tipo": "básica",
        "creditos_estimados": 4
      },
      {
        "nombre": "Física I",
        "descripcion": "Fundamentos de mecánica clásica aplicados al análisis de sistemas estructurales.",
        "area": "ciencias básicas",
        "tipo": "básica",
        "creditos_estimados": 4
      },
      {
        "nombre": "Lectura y Escritura Académica II",
        "descripcion": "Desarrollo avanzado de redacción técnica y argumentación académica.",
        "area": "formación general",
        "tipo": "básica",
        "creditos_estimados": 2
      },
      {
        "nombre": "Métodos Numéricos",
        "descripcion": "Resolución computacional de problemas matemáticos aplicados a la ingeniería civil.",
        "area": "computación",
        "tipo": "profesional",
        "creditos_estimados": 3
      },
      {
        "nombre": "Resistencia de Materiales I",
        "descripcion": "Estudio de las propiedades mecánicas de los materiales y su comportamiento bajo esfuerzos.",
        "area": "ciencias básicas",
        "tipo": "profesional",
        "creditos_estimados": 4
      }
    ],
    "3": [
      {
        "nombre": "Análisis Matemático III",
        "descripcion": "Ecuaciones diferenciales aplicadas al modelado de fenómenos físicos y estructurales.",
        "area": "matemática y estadística",
        "tipo": "básica",
        "creditos_estimados": 5
      },
      {
        "nombre": "Antropología",
        "descripcion": "Estudio de las culturas humanas y su relación con el entorno construido.",
        "area": "formación general",
        "tipo": "básica",
        "creditos_estimados": 3
      },
      {
        "nombre": "Estadística",
        "descripcion": "Análisis estadístico aplicado a la ingeniería y control de calidad en obras.",
        "area": "matemática y estadística",
        "tipo": "básica",
        "creditos_estimados": 4
      },
      {
        "nombre": "Física II",
        "descripcion": "Estudio de electricidad, magnetismo y termodinámica en aplicaciones civiles.",
        "area": "ciencias básicas",
        "tipo": "básica",
        "creditos_estimados": 4
      },
      {
        "nombre": "Hidrología",
        "descripcion": "Estudio del ciclo hidrológico y su aplicación en obras hidráulicas.",
        "area": "ingeniería civil",
        "tipo": "profesional",
        "creditos_estimados": 4
      },
      {
        "nombre": "Resistencia de Materiales II",
        "descripcion": "Análisis avanzado de materiales y su comportamiento frente a cargas complejas.",
        "area": "ciencias básicas",
        "tipo": "profesional",
        "creditos_estimados": 4
      }
    ],
    "4": [
      {
        "nombre": "Análisis Estructural",
        "descripcion": "Métodos de análisis de estructuras sometidas a cargas estáticas y dinámicas.",
        "area": "ingeniería civil",
        "tipo": "profesional",
        "creditos_estimados": 4
      },
      {
        "nombre": "Análisis Matemático IV",
        "descripcion": "Aplicaciones avanzadas de cálculo vectorial y ecuaciones diferenciales parciales.",
        "area": "matemática y estadística",
        "tipo": "básica",
        "creditos_estimados": 4
      },
      {
        "nombre": "Diseño Asistido por Computadora para IC",
        "descripcion": "Uso de software CAD para modelar y documentar proyectos estructurales y civiles.",
        "area": "computación",
        "tipo": "profesional",
        "creditos_estimados": 3
      },
      {
        "nombre": "Ética y Responsabilidad Social",
        "descripcion": "Reflexión sobre la práctica ética y la responsabilidad del ingeniero en la sociedad.",
        "area": "formación general",
        "tipo": "básica",
        "creditos_estimados": 2
      },
      {
        "nombre": "Mecánica de Fluidos",
        "descripcion": "Principios del flujo de fluidos aplicados a sistemas hidráulicos y sanitarios.",
        "area": "ciencias básicas",
        "tipo": "profesional",
        "creditos_estimados": 4
      },
      {
        "nombre": "Mecánica de Suelos I",
        "descripcion": "Propiedades y comportamiento de suelos aplicados al diseño de cimentaciones.",
        "area": "ingeniería civil",
        "tipo": "profesional",
        "creditos_estimados": 4
      }
    ],
    "5": [
      {
        "nombre": "Estructuras de Acero",
        "descripcion": "Diseño y análisis de estructuras metálicas en edificaciones e infraestructura.",
        "area": "ingeniería civil",
        "tipo": "profesional",
        "creditos_estimados": 4
      },
      {
        "nombre": "Hormigón I",
        "descripcion": "Estudio del diseño y comportamiento del hormigón armado en estructuras.",
        "area": "ingeniería civil",
        "tipo": "profesional",
        "creditos_estimados": 4
      },
      {
        "nombre": "Ingeniería de las Construcciones",
        "descripcion": "Planificación, gestión y control técnico de proyectos constructivos.",
        "area": "gestión de proyectos",
        "tipo": "profesional",
        "creditos_estimados": 4
      },
      {
        "nombre": "Ingeniería Hidráulica",
        "descripcion": "Diseño de sistemas hidráulicos para obras civiles e infraestructura.",
        "area": "ingeniería civil",
        "tipo": "profesional",
        "creditos_estimados": 4
      },
      {
        "nombre": "Prácticas Preprofesionales",
        "descripcion": "Aplicación de conocimientos en entornos laborales reales del ámbito de la construcción.",
        "area": "otras áreas",
        "tipo": "laboratorio",
        "creditos_estimados": 3
      }
    ],
    "6": [
      {
        "nombre": "Abastecimiento de Agua Potable",
        "descripcion": "Diseño y operación de sistemas de captación, tratamiento y distribución de agua.",
        "area": "ingeniería civil",
        "tipo": "profesional",
        "creditos_estimados": 4
      },
      {
        "nombre": "Análisis Matricial de Estructuras",
        "descripcion": "Métodos matriciales para el cálculo estructural asistido por computadora.",
        "area": "ingeniería civil",
        "tipo": "profesional",
        "creditos_estimados": 4
      },
      {
        "nombre": "Construcción de Carreteras",
        "descripcion": "Diseño, planificación y control de obras viales.",
        "area": "ingeniería civil",
        "tipo": "profesional",
        "creditos_estimados": 4
      },
      {
        "nombre": "Hormigón II",
        "descripcion": "Análisis estructural avanzado y diseño de elementos de hormigón reforzado.",
        "area": "ingeniería civil",
        "tipo": "profesional",
        "creditos_estimados": 4
      },
      {
        "nombre": "Mecánica de Suelos II",
        "descripcion": "Estudio de la capacidad portante y estabilidad de taludes y cimentaciones.",
        "area": "ingeniería civil",
        "tipo": "profesional",
        "creditos_estimados": 4
      },
      {
        "nombre": "Prácticas de Vinculación",
        "descripcion": "Participación en proyectos sociales vinculados a la infraestructura y sostenibilidad.",
        "area": "formación general",
        "tipo": "laboratorio",
        "creditos_estimados": 2
      }
    ],
    "7": [
      {
        "nombre": "Alcantarillado",
        "descripcion": "Diseño y análisis de sistemas de recolección y disposición de aguas residuales.",
        "area": "ingeniería civil",
        "tipo": "profesional",
        "creditos_estimados": 4
      },
      {
        "nombre": "Construcciones y Costos",
        "descripcion": "Gestión económica y técnica de proyectos constructivos, incluyendo presupuestos.",
        "area": "gestión de proyectos",
        "tipo": "profesional",
        "creditos_estimados": 4
      },
      {
        "nombre": "Dinámica Estructural",
        "descripcion": "Análisis del comportamiento estructural bajo cargas dinámicas y sísmicas.",
        "area": "ingeniería civil",
        "tipo": "profesional",
        "creditos_estimados": 4
      },
      {
        "nombre": "Diseño del Proyecto de Graduación",
        "descripcion": "Formulación del anteproyecto de investigación o desarrollo técnico.",
        "area": "investigación",
        "tipo": "investigación",
        "creditos_estimados": 2
      },
      {
        "nombre": "Ingeniería Ambiental I",
        "descripcion": "Introducción al impacto ambiental y su gestión en obras civiles.",
        "area": "ciencias ambientales",
        "tipo": "profesional",
        "creditos_estimados": 3
      }
    ],
    "8": [
      {
        "nombre": "Diseño Sismorresistente",
        "descripcion": "Cálculo y diseño estructural considerando normas sísmicas actuales.",
        "area": "ingeniería civil",
        "tipo": "profesional",
        "creditos_estimados": 4
      },
      {
        "nombre": "Ingeniería Ambiental II",
        "descripcion": "Evaluación de impactos ambientales y estrategias de sostenibilidad en proyectos civiles.",
        "area": "ciencias ambientales",
        "tipo": "profesional",
        "creditos_estimados": 3
      },
      {
        "nombre": "Marco Legal y Contratación",
        "descripcion": "Normas jurídicas aplicadas a la gestión y ejecución de contratos de obras civiles.",
        "area": "ciencias jurídicas",
        "tipo": "profesional",
        "creditos_estimados": 3
      },
      {
        "nombre": "Pavimentos",
        "descripcion": "Diseño estructural y funcional de pavimentos rígidos y flexibles.",
        "area": "ingeniería civil",
        "tipo": "profesional",
        "creditos_estimados": 4
      },
      {
        "nombre": "Taller de Graduación",
        "descripcion": "Desarrollo del proyecto final de titulación aplicando conocimientos integrados.",
        "area": "investigación",
        "tipo": "investigación",
        "creditos_estimados": 5
      },
      {
        "nombre": "Tránsito y Transporte",
        "descripcion": "Planificación y análisis del sistema de movilidad urbana y rural.",
        "area": "ingeniería civil",
        "tipo": "profesional",
        "creditos_estimados": 3
      }
    ]
  }
}
