{
  "universidad": "Universidad del Azuay",
  "carrera": "Ingeniería Automotriz",
  "modalidad": "Presencial",
  "duracion_semestres": 8,
  "titulo": "Ingeniero/a Automotriz",
  "malla_curricular": {
    "1": [
      {
        "nombre": "Análisis Matemático I",
        "descripcion": "Fundamentos de cálculo diferencial aplicados al análisis de fenómenos físicos y mecánicos.",
        "area": "matemática y estadística",
        "tipo": "básica",
        "creditos_estimados": 5
      },
      {
        "nombre": "Fundamentos de Programación",
        "descripcion": "Conceptos básicos de algoritmos, lógica y programación aplicados a la ingeniería automotriz.",
        "area": "computación",
        "tipo": "básica",
        "creditos_estimados": 3
      },
      {
        "nombre": "Geometría y Trigonometría",
        "descripcion": "Principios geométricos aplicados al modelado y análisis de componentes mecánicos.",
        "area": "matemática y estadística",
        "tipo": "básica",
        "creditos_estimados": 4
      },
      {
        "nombre": "Introducción a la Ingeniería Automotriz",
        "descripcion": "Panorama general del campo automotriz, historia, sistemas y tendencias tecnológicas.",
        "area": "ingeniería automotriz",
        "tipo": "profesional",
        "creditos_estimados": 3
      },
      {
        "nombre": "Lectura y Escritura Académica I",
        "descripcion": "Desarrollo de competencias de redacción técnica y comunicación escrita.",
        "area": "formación general",
        "tipo": "básica",
        "creditos_estimados": 3
      },
      {
        "nombre": "Química General",
        "descripcion": "Estudio de los principios químicos aplicados a materiales y procesos automotrices.",
        "area": "ciencias básicas",
        "tipo": "básica",
        "creditos_estimados": 4
      }
    ],
    "2": [
      {
        "nombre": "Álgebra Lineal",
        "descripcion": "Estudio de matrices, vectores y sistemas lineales aplicados a la ingeniería mecánica.",
        "area": "matemática y estadística",
        "tipo": "básica",
        "creditos_estimados": 4
      },
      {
        "nombre": "Análisis Matemático II",
        "descripcion": "Aplicación del cálculo integral en el modelado de sistemas mecánicos.",
        "area": "matemática y estadística",
        "tipo": "básica",
        "creditos_estimados": 4
      },
      {
        "nombre": "Diseño Asistido por Computador I para IAU",
        "descripcion": "Uso de software CAD para el modelado tridimensional de piezas automotrices.",
        "area": "diseño mecánico",
        "tipo": "profesional",
        "creditos_estimados": 4
      },
      {
        "nombre": "Ética y Responsabilidad Social",
        "descripcion": "Análisis de los valores éticos y la responsabilidad social del ingeniero automotriz.",
        "area": "formación general",
        "tipo": "básica",
        "creditos_estimados": 2
      },
      {
        "nombre": "Física I",
        "descripcion": "Principios de la mecánica clásica aplicados al movimiento de cuerpos rígidos.",
        "area": "ciencias básicas",
        "tipo": "básica",
        "creditos_estimados": 4
      },
      {
        "nombre": "Lectura y Escritura Académica II",
        "descripcion": "Desarrollo avanzado de habilidades de escritura científica y comunicación técnica.",
        "area": "formación general",
        "tipo": "básica",
        "creditos_estimados": 3
      }
    ],
    "3": [
      {
        "nombre": "Análisis Matemático III",
        "descripcion": "Ecuaciones diferenciales aplicadas al modelado de sistemas dinámicos automotrices.",
        "area": "matemática y estadística",
        "tipo": "básica",
        "creditos_estimados": 5
      },
      {
        "nombre": "Antropología",
        "descripcion": "Estudio del ser humano y su entorno desde una perspectiva cultural y social.",
        "area": "formación general",
        "tipo": "básica",
        "creditos_estimados": 3
      },
      {
        "nombre": "Diseño Asistido por Computador II para IAU",
        "descripcion": "Modelado avanzado y simulación de componentes mecánicos en entorno CAD.",
        "area": "diseño mecánico",
        "tipo": "profesional",
        "creditos_estimados": 4
      },
      {
        "nombre": "Estadística",
        "descripcion": "Aplicación de la estadística en el análisis y control de procesos de ingeniería.",
        "area": "matemática y estadística",
        "tipo": "básica",
        "creditos_estimados": 4
      },
      {
        "nombre": "Estática",
        "descripcion": "Análisis de fuerzas y equilibrio en estructuras y mecanismos automotrices.",
        "area": "ciencias básicas",
        "tipo": "básica",
        "creditos_estimados": 4
      },
      {
        "nombre": "Ingeniería de Materiales",
        "descripcion": "Estudio de propiedades mecánicas y térmicas de materiales usados en vehículos.",
        "area": "ciencias básicas",
        "tipo": "profesional",
        "creditos_estimados": 4
      }
    ],
    "4": [
      {
        "nombre": "Análisis Matemático IV",
        "descripcion": "Aplicación de métodos matemáticos avanzados en ingeniería automotriz.",
        "area": "matemática y estadística",
        "tipo": "básica",
        "creditos_estimados": 4
      },
      {
        "nombre": "Dinámica",
        "descripcion": "Estudio del movimiento y las fuerzas aplicadas en sistemas automotrices.",
        "area": "ciencias básicas",
        "tipo": "profesional",
        "creditos_estimados": 4
      },
      {
        "nombre": "Electricidad Automotriz",
        "descripcion": "Fundamentos de los sistemas eléctricos y electrónicos de los vehículos.",
        "area": "ingeniería automotriz",
        "tipo": "profesional",
        "creditos_estimados": 4
      },
      {
        "nombre": "Termodinámica",
        "descripcion": "Principios termodinámicos aplicados a los motores de combustión interna.",
        "area": "ciencias básicas",
        "tipo": "profesional",
        "creditos_estimados": 4
      },
      {
        "nombre": "Tren de Transmisión",
        "descripcion": "Análisis y diseño de sistemas de transmisión de potencia vehicular.",
        "area": "ingeniería automotriz",
        "tipo": "profesional",
        "creditos_estimados": 4
      }
    ],
    "5": [
      {
        "nombre": "Dinámica Vehicular",
        "descripcion": "Análisis del comportamiento dinámico del vehículo en diferentes condiciones de conducción.",
        "area": "ingeniería automotriz",
        "tipo": "profesional",
        "creditos_estimados": 4
      },
      {
        "nombre": "Electrónica Automotriz",
        "descripcion": "Estudio de sistemas electrónicos aplicados al control de vehículos modernos.",
        "area": "ingeniería automotriz",
        "tipo": "profesional",
        "creditos_estimados": 4
      },
      {
        "nombre": "Mecánica de Fluidos",
        "descripcion": "Principios del flujo de fluidos aplicados a sistemas hidráulicos y de refrigeración.",
        "area": "ciencias básicas",
        "tipo": "básica",
        "creditos_estimados": 4
      },
      {
        "nombre": "Resistencia de Materiales I",
        "descripcion": "Estudio de esfuerzos y deformaciones en materiales estructurales.",
        "area": "ciencias básicas",
        "tipo": "básica",
        "creditos_estimados": 4
      },
      {
        "nombre": "Sistemas Automotrices",
        "descripcion": "Estudio integral de los subsistemas mecánicos, eléctricos y electrónicos del automóvil.",
        "area": "ingeniería automotriz",
        "tipo": "profesional",
        "creditos_estimados": 4
      }
    ],
    "6": [
      {
        "nombre": "Gestión Electrónica de Motores",
        "descripcion": "Sistemas electrónicos de control y diagnóstico de motores modernos.",
        "area": "ingeniería automotriz",
        "tipo": "profesional",
        "creditos_estimados": 4
      },
      {
        "nombre": "Motores I",
        "descripcion": "Diseño y análisis del ciclo termodinámico de motores de combustión interna.",
        "area": "ingeniería automotriz",
        "tipo": "profesional",
        "creditos_estimados": 4
      },
      {
        "nombre": "Prácticas Preprofesionales",
        "descripcion": "Aplicación de conocimientos en entornos laborales del sector automotriz.",
        "area": "otras áreas",
        "tipo": "laboratorio",
        "creditos_estimados": 3
      },
      {
        "nombre": "Resistencia de Materiales II",
        "descripcion": "Análisis avanzado de esfuerzos en estructuras complejas.",
        "area": "ciencias básicas",
        "tipo": "básica",
        "creditos_estimados": 4
      },
      {
        "nombre": "Transferencia de Calor",
        "descripcion": "Procesos térmicos en motores y sistemas de refrigeración vehicular.",
        "area": "ciencias básicas",
        "tipo": "profesional",
        "creditos_estimados": 3
      }
    ],
    "7": [
      {
        "nombre": "Diseño del Proyecto de Graduación",
        "descripcion": "Elaboración del anteproyecto de investigación aplicada o innovación tecnológica.",
        "area": "investigación",
        "tipo": "investigación",
        "creditos_estimados": 3
      },
      {
        "nombre": "Elementos de Máquinas",
        "descripcion": "Diseño y selección de componentes mecánicos en sistemas automotrices.",
        "area": "diseño mecánico",
        "tipo": "profesional",
        "creditos_estimados": 4
      },
      {
        "nombre": "Motores II",
        "descripcion": "Estudio de motores avanzados, análisis de rendimiento y emisiones.",
        "area": "ingeniería automotriz",
        "tipo": "profesional",
        "creditos_estimados": 4
      },
      {
        "nombre": "Movilidad e Impacto del Automóvil",
        "descripcion": "Análisis del impacto del transporte vehicular en el medio ambiente y la sociedad.",
        "area": "ciencias ambientales",
        "tipo": "profesional",
        "creditos_estimados": 3
      },
      {
        "nombre": "Prácticas de Vinculación",
        "descripcion": "Participación en proyectos sociales y de servicio comunitario relacionados con la movilidad sostenible.",
        "area": "formación general",
        "tipo": "laboratorio",
        "creditos_estimados": 2
      },
      {
        "nombre": "Sistemas de Propulsión Híbridos y Eléctricos",
        "descripcion": "Estudio de tecnologías de propulsión alternativas y sostenibles.",
        "area": "ingeniería automotriz",
        "tipo": "profesional",
        "creditos_estimados": 4
      }
    ],
    "8": [
      {
        "nombre": "Gestión de Proyectos Automotrices",
        "descripcion": "Planificación, evaluación y gestión de proyectos tecnológicos en la industria automotriz.",
        "area": "gestión de proyectos",
        "tipo": "profesional",
        "creditos_estimados": 3
      },
      {
        "nombre": "Vehículos Eléctricos y Nuevas Tecnologías",
        "descripcion": "Estudio avanzado de sistemas eléctricos aplicados al transporte moderno.",
        "area": "ingeniería automotriz",
        "tipo": "profesional",
        "creditos_estimados": 3
      },
      {
        "nombre": "Evaluación de Impactos Ambientales en la Movilidad",
        "descripcion": "Evaluación de impactos ambientales asociados al uso y producción de vehículos.",
        "area": "ciencias ambientales",
        "tipo": "profesional",
        "creditos_estimados": 3
      },
      {
        "nombre": "Mantenimiento y Diagnóstico Avanzado",
        "descripcion": "Aplicación de tecnologías de diagnóstico para sistemas automotrices complejos.",
        "area": "ingeniería automotriz",
        "tipo": "profesional",
        "creditos_estimados": 4
      },
      {
        "nombre": "Taller de Graduación",
        "descripcion": "Ejecución del proyecto de titulación integrando conocimientos técnicos y de innovación.",
        "area": "investigación",
        "tipo": "investigación",
        "creditos_estimados": 5
      }
    ]
  }
}
