{
  "universidad": "Universidad del Azuay",
  "carrera": "Ingeniería de la Producción",
  "modalidad": "Presencial",
  "duracion_semestres": 8,
  "titulo": "Ingeniero/a en Producción",
  "malla_curricular": {
    "1": [
      {
        "nombre": "Análisis Matemático I",
        "descripcion": "Fundamentos del cálculo diferencial aplicados a la modelación y análisis de procesos productivos.",
        "area": "matemática y estadística",
        "tipo": "básica",
        "creditos_estimados": 5
      },
      {
        "nombre": "Fundamentos de Programación",
        "descripcion": "Introducción a la lógica de programación y automatización aplicada a la ingeniería de producción.",
        "area": "computación",
        "tipo": "básica",
        "creditos_estimados": 3
      },
      {
        "nombre": "Geometría y Trigonometría",
        "descripcion": "Conceptos geométricos y trigonométricos utilizados en el diseño y control de sistemas industriales.",
        "area": "matemática y estadística",
        "tipo": "básica",
        "creditos_estimados": 4
      },
      {
        "nombre": "Lectura y Escritura Académica I",
        "descripcion": "Desarrollo de habilidades de comunicación escrita y comprensión de textos científicos.",
        "area": "formación general",
        "tipo": "básica",
        "creditos_estimados": 3
      },
      {
        "nombre": "Química General",
        "descripcion": "Principios químicos aplicados a los materiales y procesos industriales.",
        "area": "ciencias básicas",
        "tipo": "básica",
        "creditos_estimados": 4
      },
      {
        "nombre": "Sistemas de Producción y Operaciones",
        "descripcion": "Introducción a los sistemas productivos y su relación con la eficiencia y calidad industrial.",
        "area": "ingeniería industrial",
        "tipo": "profesional",
        "creditos_estimados": 4
      }
    ],
    "2": [
      {
        "nombre": "Álgebra Lineal",
        "descripcion": "Estudio de matrices, vectores y sistemas lineales aplicados a la ingeniería de procesos.",
        "area": "matemática y estadística",
        "tipo": "básica",
        "creditos_estimados": 4
      },
      {
        "nombre": "Análisis Matemático II",
        "descripcion": "Aplicación del cálculo integral en el modelado de fenómenos físicos y productivos.",
        "area": "matemática y estadística",
        "tipo": "básica",
        "creditos_estimados": 4
      },
      {
        "nombre": "Comportamiento Organizacional",
        "descripcion": "Análisis del comportamiento humano dentro de las organizaciones productivas.",
        "area": "gestión de proyectos",
        "tipo": "profesional",
        "creditos_estimados": 3
      },
      {
        "nombre": "Física I",
        "descripcion": "Fundamentos de la mecánica clásica aplicados a sistemas industriales y energéticos.",
        "area": "ciencias básicas",
        "tipo": "básica",
        "creditos_estimados": 4
      },
      {
        "nombre": "Lectura y Escritura Académica II",
        "descripcion": "Desarrollo avanzado de redacción técnica y comunicación científica.",
        "area": "formación general",
        "tipo": "básica",
        "creditos_estimados": 3
      },
      {
        "nombre": "Sistemas Mecánicos y Eléctricos",
        "descripcion": "Estudio de sistemas electromecánicos aplicados a procesos de producción.",
        "area": "ciencias básicas",
        "tipo": "profesional",
        "creditos_estimados": 4
      }
    ],
    "3": [
      {
        "nombre": "Análisis Matemático III",
        "descripcion": "Ecuaciones diferenciales aplicadas a la modelación de sistemas productivos y logísticos.",
        "area": "matemática y estadística",
        "tipo": "básica",
        "creditos_estimados": 5
      },
      {
        "nombre": "Antropología",
        "descripcion": "Estudio del ser humano desde la perspectiva cultural, aplicada al contexto empresarial.",
        "area": "formación general",
        "tipo": "básica",
        "creditos_estimados": 3
      },
      {
        "nombre": "Diseño de Producto",
        "descripcion": "Principios del diseño industrial y desarrollo de productos innovadores.",
        "area": "ingeniería industrial",
        "tipo": "profesional",
        "creditos_estimados": 4
      },
      {
        "nombre": "Estadística",
        "descripcion": "Aplicación de métodos estadísticos al control de calidad y mejora de procesos.",
        "area": "matemática y estadística",
        "tipo": "básica",
        "creditos_estimados": 4
      },
      {
        "nombre": "Física II",
        "descripcion": "Estudio del electromagnetismo y la termodinámica en procesos industriales.",
        "area": "ciencias básicas",
        "tipo": "básica",
        "creditos_estimados": 4
      },
      {
        "nombre": "Sistemas de Información Gerencial",
        "descripcion": "Gestión de la información y uso de sistemas tecnológicos para la toma de decisiones.",
        "area": "computación",
        "tipo": "profesional",
        "creditos_estimados": 3
      }
    ],
    "4": [
      {
        "nombre": "Análisis Matemático IV",
        "descripcion": "Aplicaciones avanzadas de cálculo y análisis numérico en ingeniería de producción.",
        "area": "matemática y estadística",
        "tipo": "básica",
        "creditos_estimados": 4
      },
      {
        "nombre": "Contabilidad Gerencial y Costos",
        "descripcion": "Gestión contable y análisis de costos para la toma de decisiones estratégicas.",
        "area": "gestión de proyectos",
        "tipo": "profesional",
        "creditos_estimados": 3
      },
      {
        "nombre": "Emprendimiento y Desarrollo",
        "descripcion": "Desarrollo de competencias para la creación e innovación de negocios industriales.",
        "area": "gestión de proyectos",
        "tipo": "profesional",
        "creditos_estimados": 3
      },
      {
        "nombre": "Estadística II",
        "descripcion": "Modelos estadísticos avanzados aplicados al control y optimización de procesos.",
        "area": "matemática y estadística",
        "tipo": "básica",
        "creditos_estimados": 4
      },
      {
        "nombre": "Ética y Responsabilidad Social",
        "descripcion": "Reflexión sobre los valores éticos en la práctica profesional e impacto social de la industria.",
        "area": "formación general",
        "tipo": "básica",
        "creditos_estimados": 2
      },
      {
        "nombre": "Procesos Productivos",
        "descripcion": "Diseño, control y mejora de procesos industriales para maximizar la eficiencia.",
        "area": "ingeniería industrial",
        "tipo": "profesional",
        "creditos_estimados": 4
      }
    ],
    "5": [
      {
        "nombre": "Estadística Multivariada",
        "descripcion": "Análisis multivariable aplicado a la ingeniería de procesos y control de calidad.",
        "area": "matemática y estadística",
        "tipo": "básica",
        "creditos_estimados": 4
      },
      {
        "nombre": "Investigación Operativa I",
        "descripcion": "Optimización de recursos mediante modelos matemáticos en la producción industrial.",
        "area": "matemática y estadística",
        "tipo": "profesional",
        "creditos_estimados": 4
      },
      {
        "nombre": "Prácticas Preprofesionales",
        "descripcion": "Aplicación práctica de conocimientos en entornos reales de producción.",
        "area": "otras áreas",
        "tipo": "laboratorio",
        "creditos_estimados": 3
      },
      {
        "nombre": "Producción de Servicios",
        "descripcion": "Gestión y optimización de procesos en empresas de servicios.",
        "area": "ingeniería industrial",
        "tipo": "profesional",
        "creditos_estimados": 3
      },
      {
        "nombre": "Sistemas de Gestión de la Calidad",
        "descripcion": "Diseño e implementación de sistemas de calidad según normas internacionales.",
        "area": "ingeniería industrial",
        "tipo": "profesional",
        "creditos_estimados": 4
      }
    ],
    "6": [
      {
        "nombre": "Gestión de Proyectos",
        "descripcion": "Planificación, ejecución y control de proyectos industriales y de innovación.",
        "area": "gestión de proyectos",
        "tipo": "profesional",
        "creditos_estimados": 4
      },
      {
        "nombre": "Investigación Operativa II",
        "descripcion": "Modelos avanzados de optimización para la toma de decisiones industriales.",
        "area": "matemática y estadística",
        "tipo": "profesional",
        "creditos_estimados": 4
      },
      {
        "nombre": "Negociación Empresarial",
        "descripcion": "Técnicas de negociación y resolución de conflictos en entornos industriales.",
        "area": "gestión de proyectos",
        "tipo": "profesional",
        "creditos_estimados": 3
      },
      {
        "nombre": "Prácticas de Vinculación",
        "descripcion": "Participación en proyectos sociales vinculados al ámbito empresarial e industrial.",
        "area": "formación general",
        "tipo": "laboratorio",
        "creditos_estimados": 2
      },
      {
        "nombre": "Producción más Limpia",
        "descripcion": "Estrategias sostenibles para la optimización de recursos y reducción de residuos.",
        "area": "ingeniería industrial",
        "tipo": "profesional",
        "creditos_estimados": 4
      },
      {
        "nombre": "Seguridad y Salud Ocupacional",
        "descripcion": "Gestión de la seguridad laboral y prevención de riesgos en entornos productivos.",
        "area": "seguridad industrial",
        "tipo": "profesional",
        "creditos_estimados": 3
      }
    ],
    "7": [
      {
        "nombre": "Diseño del Proyecto de Graduación",
        "descripcion": "Elaboración del anteproyecto de investigación o innovación en procesos industriales.",
        "area": "investigación",
        "tipo": "investigación",
        "creditos_estimados": 2
      },
      {
        "nombre": "Gestión de la Cadena de Suministro",
        "descripcion": "Gestión integrada del flujo de materiales e información en la cadena de valor.",
        "area": "ingeniería industrial",
        "tipo": "profesional",
        "creditos_estimados": 4
      },
      {
        "nombre": "Importaciones y Exportaciones",
        "descripcion": "Gestión logística y comercial en operaciones internacionales de productos.",
        "area": "gestión de proyectos",
        "tipo": "profesional",
        "creditos_estimados": 3
      },
      {
        "nombre": "Planificación y Control de la Producción",
        "descripcion": "Técnicas de planificación y programación de operaciones industriales.",
        "area": "ingeniería industrial",
        "tipo": "profesional",
        "creditos_estimados": 4
      },
      {
        "nombre": "Simulación de Procesos",
        "descripcion": "Modelado y simulación de sistemas de producción para la toma de decisiones.",
        "area": "computación",
        "tipo": "profesional",
        "creditos_estimados": 4
      }
    ],
    "8": [
      {
        "nombre": "Gerencia Estratégica",
        "descripcion": "Formulación e implementación de estrategias organizacionales para la competitividad empresarial.",
        "area": "gestión de proyectos",
        "tipo": "profesional",
        "creditos_estimados": 3
      },
      {
        "nombre": "Gestión por Procesos",
        "descripcion": "Enfoque sistémico de gestión orientado a la mejora continua y eficiencia operacional.",
        "area": "ingeniería industrial",
        "tipo": "profesional",
        "creditos_estimados": 4
      },
      {
        "nombre": "Lean Management",
        "descripcion": "Aplicación de metodologías Lean para la optimización y eliminación de desperdicios.",
        "area": "ingeniería industrial",
        "tipo": "profesional",
        "creditos_estimados": 3
      },
      {
        "nombre": "Logística y Transporte",
        "descripcion": "Gestión integral del transporte y distribución dentro de la cadena logística.",
        "area": "ingeniería industrial",
        "tipo": "profesional",
        "creditos_estimados": 4
      },
      {
        "nombre": "Taller de Graduación",
        "descripcion": "Desarrollo y ejecución del proyecto de titulación con enfoque práctico y de investigación aplicada.",
        "area": "investigación",
        "tipo": "investigación",
        "creditos_estimados": 5
      }
    ]
  }
}
