{
  "universidad": "Universidad Politécnica Salesiana",
  "carrera": "Ingeniería Automotriz",
  "modalidad": "Presencial",
  "duracion_semestres": 8,
  "titulo": "Ingeniero/a Automotriz",
  "malla_curricular": {
    "1": [
      {
        "nombre": "Antropología Filosófico-Teológica",
        "descripcion": "Introducción a la reflexión filosófica y teológica sobre el ser humano y su relación con la sociedad.",
        "area": "formación general",
        "tipo": "básica",
        "creditos_estimados": 4
      },
      {
        "nombre": "Comunicación Oral y Escrita",
        "descripcion": "Desarrollo de habilidades comunicativas efectivas en contextos técnicos y académicos.",
        "area": "formación general",
        "tipo": "básica",
        "creditos_estimados": 3
      },
      {
        "nombre": "Álgebra Lineal",
        "descripcion": "Fundamentos de álgebra matricial y vectorial aplicados a sistemas mecánicos y análisis estructural.",
        "area": "matemática y estadística",
        "tipo": "básica",
        "creditos_estimados": 5
      },
      {
        "nombre": "Cálculo Diferencial",
        "descripcion": "Conceptos de derivación y su aplicación en el análisis de fenómenos físicos en ingeniería.",
        "area": "matemática y estadística",
        "tipo": "básica",
        "creditos_estimados": 6
      },
      {
        "nombre": "Introducción a la Ingeniería Automotriz",
        "descripcion": "Panorama general del campo automotriz, componentes del vehículo y su impacto tecnológico y ambiental.",
        "area": "ingeniería automotriz",
        "tipo": "profesional",
        "creditos_estimados": 2
      },
      {
        "nombre": "Dibujo Técnico Automotriz",
        "descripcion": "Representación gráfica y diseño de componentes automotrices mediante herramientas CAD.",
        "area": "ingeniería automotriz",
        "tipo": "profesional",
        "creditos_estimados": 5
      }
    ],
    "2": [
      {
        "nombre": "Ética",
        "descripcion": "Reflexión sobre los valores y principios morales aplicados al ejercicio profesional.",
        "area": "formación general",
        "tipo": "básica",
        "creditos_estimados": 4
      },
      {
        "nombre": "Cálculo Integral",
        "descripcion": "Métodos de integración y aplicaciones en ingeniería de sistemas automotrices.",
        "area": "matemática y estadística",
        "tipo": "básica",
        "creditos_estimados": 5
      },
      {
        "nombre": "Estática",
        "descripcion": "Análisis del equilibrio de cuerpos rígidos aplicados a estructuras y sistemas mecánicos.",
        "area": "ciencias básicas",
        "tipo": "básica",
        "creditos_estimados": 5
      },
      {
        "nombre": "Química",
        "descripcion": "Principios de química aplicados a materiales, combustibles y procesos automotrices.",
        "area": "ciencias básicas",
        "tipo": "básica",
        "creditos_estimados": 5
      },
      {
        "nombre": "Programación",
        "descripcion": "Fundamentos de programación y automatización de procesos en sistemas automotrices.",
        "area": "computación",
        "tipo": "básica",
        "creditos_estimados": 5
      }
    ],
    "3": [
      {
        "nombre": "Vida y Trascendencia",
        "descripcion": "Análisis de la dimensión humana, ética y espiritual del profesional en ingeniería.",
        "area": "formación general",
        "tipo": "básica",
        "creditos_estimados": 4
      },
      {
        "nombre": "Dinámica",
        "descripcion": "Estudio del movimiento de cuerpos rígidos y su aplicación en sistemas automotrices.",
        "area": "ciencias básicas",
        "tipo": "básica",
        "creditos_estimados": 5
      },
      {
        "nombre": "Cálculo de Varias Variables",
        "descripcion": "Extensión del cálculo diferencial a funciones multivariables aplicadas a modelos físicos.",
        "area": "matemática y estadística",
        "tipo": "básica",
        "creditos_estimados": 5
      },
      {
        "nombre": "Electricidad Automotriz I",
        "descripcion": "Fundamentos eléctricos aplicados al sistema eléctrico automotriz y sus componentes.",
        "area": "ingeniería automotriz",
        "tipo": "profesional",
        "creditos_estimados": 3
      },
      {
        "nombre": "Fundamentos de Materiales aplicada en Automotriz",
        "descripcion": "Estudio de las propiedades físicas y mecánicas de materiales utilizados en vehículos.",
        "area": "ingeniería automotriz",
        "tipo": "profesional",
        "creditos_estimados": 3
      },
      {
        "nombre": "Mecánica de Materiales aplicada en Automotriz",
        "descripcion": "Análisis de esfuerzos y deformaciones en piezas automotrices.",
        "area": "ingeniería automotriz",
        "tipo": "profesional",
        "creditos_estimados": 5
      }
    ],
    "4": [
      {
        "nombre": "Pensamiento Social de la Iglesia",
        "descripcion": "Doctrina social cristiana y su aplicación ética en la ingeniería y la sociedad.",
        "area": "formación general",
        "tipo": "básica",
        "creditos_estimados": 4
      },
      {
        "nombre": "Ecuaciones Diferenciales",
        "descripcion": "Modelación matemática de fenómenos físicos mediante ecuaciones diferenciales ordinarias.",
        "area": "matemática y estadística",
        "tipo": "básica",
        "creditos_estimados": 5
      },
      {
        "nombre": "Técnicas de Fabricación",
        "descripcion": "Procesos de manufactura y técnicas de producción en el sector automotriz.",
        "area": "ingeniería automotriz",
        "tipo": "profesional",
        "creditos_estimados": 4
      },
      {
        "nombre": "Termofluidos",
        "descripcion": "Análisis de fluidos y transferencia de calor en sistemas térmicos automotrices.",
        "area": "ciencias básicas",
        "tipo": "profesional",
        "creditos_estimados": 4
      },
      {
        "nombre": "Tren de Fuerza Motriz",
        "descripcion": "Diseño y análisis del sistema de transmisión de potencia del vehículo.",
        "area": "ingeniería automotriz",
        "tipo": "profesional",
        "creditos_estimados": 5
      },
      {
        "nombre": "Autotrónica I",
        "descripcion": "Principios de electrónica automotriz aplicados al diagnóstico y control del vehículo.",
        "area": "ingeniería automotriz",
        "tipo": "profesional",
        "creditos_estimados": 3
      }
    ],
    "5": [
      {
        "nombre": "Pensamiento Crítico",
        "descripcion": "Desarrollo del pensamiento analítico y habilidades de razonamiento técnico.",
        "area": "formación general",
        "tipo": "básica",
        "creditos_estimados": 3
      },
      {
        "nombre": "Transferencia de Calor",
        "descripcion": "Estudio de los mecanismos de conducción, convección y radiación aplicados a motores.",
        "area": "ciencias básicas",
        "tipo": "profesional",
        "creditos_estimados": 4
      },
      {
        "nombre": "Teoría de Probabilidad y Estadística",
        "descripcion": "Análisis de datos e inferencia estadística aplicada a ingeniería automotriz.",
        "area": "matemática y estadística",
        "tipo": "básica",
        "creditos_estimados": 4
      },
      {
        "nombre": "Electricidad Automotriz II",
        "descripcion": "Sistemas eléctricos avanzados y diagnóstico de fallas en vehículos modernos.",
        "area": "ingeniería automotriz",
        "tipo": "profesional",
        "creditos_estimados": 5
      },
      {
        "nombre": "Chasis, Suspensión y Frenos",
        "descripcion": "Diseño y análisis de los sistemas de suspensión, dirección y frenado de vehículos.",
        "area": "ingeniería automotriz",
        "tipo": "profesional",
        "creditos_estimados": 5
      },
      {
        "nombre": "Ingeniería de Mantenimiento",
        "descripcion": "Gestión del mantenimiento preventivo y correctivo en sistemas automotrices.",
        "area": "gestión de proyectos",
        "tipo": "profesional",
        "creditos_estimados": 3
      }
    ],
    "6": [
      {
        "nombre": "Motores de Combustión Interna I",
        "descripcion": "Principios de operación, diseño y diagnóstico de motores de combustión interna.",
        "area": "ingeniería automotriz",
        "tipo": "profesional",
        "creditos_estimados": 5
      },
      {
        "nombre": "Gestión Automotriz I",
        "descripcion": "Fundamentos de administración y gestión de empresas automotrices.",
        "area": "gestión de proyectos",
        "tipo": "profesional",
        "creditos_estimados": 3
      },
      {
        "nombre": "Dinámica del Automóvil",
        "descripcion": "Análisis del comportamiento dinámico del vehículo y sus sistemas de control.",
        "area": "ingeniería automotriz",
        "tipo": "profesional",
        "creditos_estimados": 4
      },
      {
        "nombre": "Autotrónica II",
        "descripcion": "Integración de sensores, actuadores y sistemas electrónicos en el vehículo.",
        "area": "ingeniería automotriz",
        "tipo": "profesional",
        "creditos_estimados": 4
      },
      {
        "nombre": "Diseño Mecánico",
        "descripcion": "Aplicación de principios de diseño asistido por computadora en componentes automotrices.",
        "area": "ingeniería automotriz",
        "tipo": "profesional",
        "creditos_estimados": 5
      },
      {
        "nombre": "Prácticas de Servicio Comunitario",
        "descripcion": "Actividades de vinculación social aplicando conocimientos técnicos.",
        "area": "formación general",
        "tipo": "laboratorio",
        "creditos_estimados": 2
      }
    ],
    "7": [
      {
        "nombre": "Metodología de Investigación para Ingeniería",
        "descripcion": "Diseño de proyectos de investigación y desarrollo tecnológico en ingeniería automotriz.",
        "area": "investigación",
        "tipo": "investigación",
        "creditos_estimados": 3
      },
      {
        "nombre": "Gestión Automotriz II",
        "descripcion": "Gestión operativa y estratégica en talleres y concesionarios automotrices.",
        "area": "gestión de proyectos",
        "tipo": "profesional",
        "creditos_estimados": 3
      },
      {
        "nombre": "Vehículos Eléctricos e Híbridos",
        "descripcion": "Principios de funcionamiento, diseño y mantenimiento de sistemas eléctricos e híbridos.",
        "area": "ingeniería automotriz",
        "tipo": "profesional",
        "creditos_estimados": 4
      },
      {
        "nombre": "Sistemas de Inyección a Gasolina",
        "descripcion": "Análisis y diagnóstico de sistemas de inyección en motores a gasolina.",
        "area": "ingeniería automotriz",
        "tipo": "profesional",
        "creditos_estimados": 3
      },
      {
        "nombre": "Itinerario 1 - Motores de Combustión Interna II / Mantenimiento de Maquinaria Pesada",
        "descripcion": "Estudio avanzado de motores de combustión y mantenimiento de maquinaria pesada.",
        "area": "ingeniería automotriz",
        "tipo": "profesional",
        "creditos_estimados": 5
      },
      {
        "nombre": "Emisiones por Fuentes Móviles",
        "descripcion": "Estudio de emisiones vehiculares y estrategias de control ambiental.",
        "area": "ingeniería automotriz",
        "tipo": "profesional",
        "creditos_estimados": 4
      },
      {
        "nombre": "Logística de Vehículos",
        "descripcion": "Gestión logística en el transporte, distribución y comercialización de vehículos.",
        "area": "gestión de proyectos",
        "tipo": "profesional",
        "creditos_estimados": 3
      }
    ],
    "8": [
      {
        "nombre": "Integración Curricular",
        "descripcion": "Desarrollo del trabajo de titulación con enfoque en innovación automotriz.",
        "area": "investigación",
        "tipo": "investigación",
        "creditos_estimados": 3
      },
      {
        "nombre": "Prácticas Preprofesionales",
        "descripcion": "Aplicación práctica en entornos laborales del sector automotriz.",
        "area": "otras áreas",
        "tipo": "laboratorio",
        "creditos_estimados": 3
      },
      {
        "nombre": "Sistemas de Inyección a Diesel",
        "descripcion": "Funcionamiento y diagnóstico de sistemas de inyección en motores diésel.",
        "area": "ingeniería automotriz",
        "tipo": "profesional",
        "creditos_estimados": 3
      },
      {
        "nombre": "Itinerarios Finales",
        "descripcion": "Cursos especializados según el énfasis elegido: Diseño Automotriz, Maquinaria Pesada o Equipos Navales.",
        "area": "ingeniería automotriz",
        "tipo": "profesional",
        "creditos_estimados": 5
      },
      {
        "nombre": "Reglamentación y Homologación",
        "descripcion": "Normativas técnicas y legales aplicadas a la fabricación y certificación vehicular.",
        "area": "ingeniería automotriz",
        "tipo": "profesional",
        "creditos_estimados": 3
      }
    ]
  }
}
