{
  "universidad": "Universidad Politécnica Salesiana",
  "carrera": "Ingeniería de Software",
  "modalidad": "En línea",
  "duracion_semestres": 8,
  "titulo": "Ingeniero/a de Software",
  "malla_curricular": {
    "1": [
      {
        "nombre": "Fundamentos de Programación",
        "descripcion": "Introducción a la lógica de programación, algoritmos y estructuras de control aplicadas al desarrollo de software.",
        "area": "computación",
        "tipo": "profesional",
        "creditos_estimados": 4
      },
      {
        "nombre": "Arquitectura del Computador",
        "descripcion": "Estudio de la estructura y funcionamiento interno de los sistemas de cómputo.",
        "area": "computación",
        "tipo": "profesional",
        "creditos_estimados": 3
      },
      {
        "nombre": "Álgebra Lineal",
        "descripcion": "Fundamentos matemáticos sobre vectores, matrices y transformaciones lineales aplicados a la informática.",
        "area": "matemática y estadística",
        "tipo": "básica",
        "creditos_estimados": 4
      },
      {
        "nombre": "Precálculo",
        "descripcion": "Bases matemáticas previas al cálculo diferencial e integral utilizadas en análisis computacional.",
        "area": "matemática y estadística",
        "tipo": "básica",
        "creditos_estimados": 4
      },
      {
        "nombre": "Comunicación Oral y Escrita",
        "descripcion": "Desarrollo de habilidades comunicativas en contextos académicos y profesionales.",
        "area": "formación general",
        "tipo": "básica",
        "creditos_estimados": 2
      }
    ],
    "2": [
      {
        "nombre": "Programación Orientada a Objetos",
        "descripcion": "Principios y técnicas del paradigma orientado a objetos para el desarrollo modular y reutilizable de software.",
        "area": "computación",
        "tipo": "profesional",
        "creditos_estimados": 4
      },
      {
        "nombre": "Sistemas Operativos",
        "descripcion": "Conceptos fundamentales del diseño y administración de sistemas operativos modernos.",
        "area": "computación",
        "tipo": "profesional",
        "creditos_estimados": 3
      },
      {
        "nombre": "Algoritmos y Estructura de Datos",
        "descripcion": "Diseño y análisis de algoritmos eficientes y estructuras de datos fundamentales.",
        "area": "computación",
        "tipo": "profesional",
        "creditos_estimados": 4
      },
      {
        "nombre": "Cálculo",
        "descripcion": "Aplicación del cálculo diferencial e integral a la resolución de problemas de ingeniería de software.",
        "area": "matemática y estadística",
        "tipo": "básica",
        "creditos_estimados": 4
      },
      {
        "nombre": "Antropología Filosófico-Teológica",
        "descripcion": "Análisis filosófico y teológico del ser humano en su dimensión social y ética.",
        "area": "formación general",
        "tipo": "básica",
        "creditos_estimados": 2
      }
    ],
    "3": [
      {
        "nombre": "Programación de Interfaces Gráficas",
        "descripcion": "Diseño y desarrollo de interfaces visuales interactivas orientadas a la experiencia del usuario.",
        "area": "computación",
        "tipo": "profesional",
        "creditos_estimados": 4
      },
      {
        "nombre": "Redes y Servidores",
        "descripcion": "Fundamentos de redes de computadoras, configuración de servidores y protocolos de comunicación.",
        "area": "computación",
        "tipo": "profesional",
        "creditos_estimados": 3
      },
      {
        "nombre": "Persistencia de Datos",
        "descripcion": "Técnicas de almacenamiento, gestión y acceso a datos en aplicaciones software.",
        "area": "computación",
        "tipo": "profesional",
        "creditos_estimados": 3
      },
      {
        "nombre": "Física",
        "descripcion": "Conceptos básicos de física aplicada a la computación y la ingeniería electrónica.",
        "area": "ciencias básicas",
        "tipo": "básica",
        "creditos_estimados": 4
      },
      {
        "nombre": "Ética",
        "descripcion": "Estudio de los principios morales y éticos aplicados a la práctica profesional.",
        "area": "formación general",
        "tipo": "básica",
        "creditos_estimados": 2
      }
    ],
    "4": [
      {
        "nombre": "Aplicaciones Web",
        "descripcion": "Diseño, desarrollo y despliegue de aplicaciones web utilizando frameworks modernos.",
        "area": "computación",
        "tipo": "profesional",
        "creditos_estimados": 4
      },
      {
        "nombre": "Bases de Datos",
        "descripcion": "Modelado, diseño e implementación de bases de datos relacionales y no relacionales.",
        "area": "computación",
        "tipo": "profesional",
        "creditos_estimados": 4
      },
      {
        "nombre": "Análisis y Especificación de Requerimientos",
        "descripcion": "Técnicas y metodologías para identificar, documentar y gestionar requisitos de software.",
        "area": "ingeniería de software",
        "tipo": "profesional",
        "creditos_estimados": 3
      },
      {
        "nombre": "Matemáticas Discretas",
        "descripcion": "Estructuras matemáticas fundamentales para la computación: lógica, conjuntos, grafos y combinatoria.",
        "area": "matemática y estadística",
        "tipo": "básica",
        "creditos_estimados": 4
      },
      {
        "nombre": "Vida y Trascendencia",
        "descripcion": "Reflexión sobre la existencia, la trascendencia y la responsabilidad social del ingeniero.",
        "area": "formación general",
        "tipo": "básica",
        "creditos_estimados": 2
      }
    ],
    "5": [
      {
        "nombre": "Aplicaciones Distribuidas",
        "descripcion": "Desarrollo de aplicaciones distribuidas y servicios basados en arquitecturas cliente-servidor.",
        "area": "computación",
        "tipo": "profesional",
        "creditos_estimados": 4
      },
      {
        "nombre": "Modelamiento y Diseño de Software",
        "descripcion": "Uso de UML y patrones de diseño para modelar sistemas de software complejos.",
        "area": "ingeniería de software",
        "tipo": "profesional",
        "creditos_estimados": 4
      },
      {
        "nombre": "Usabilidad y Experiencia de Usuario",
        "descripcion": "Diseño centrado en el usuario y evaluación de la interacción hombre-máquina.",
        "area": "ingeniería de software",
        "tipo": "profesional",
        "creditos_estimados": 3
      },
      {
        "nombre": "Probabilidad y Estadística Básica",
        "descripcion": "Fundamentos de probabilidad y análisis estadístico aplicados al desarrollo y evaluación de software.",
        "area": "matemática y estadística",
        "tipo": "básica",
        "creditos_estimados": 4
      },
      {
        "nombre": "Pensamiento Social de la Iglesia",
        "descripcion": "Doctrina social cristiana y su aplicación ética en la profesión del ingeniero.",
        "area": "formación general",
        "tipo": "básica",
        "creditos_estimados": 2
      }
    ],
    "6": [
      {
        "nombre": "Aplicaciones Móviles",
        "descripcion": "Desarrollo de aplicaciones móviles multiplataforma con énfasis en diseño y rendimiento.",
        "area": "computación",
        "tipo": "profesional",
        "creditos_estimados": 4
      },
      {
        "nombre": "Diseño y Desarrollo de APIs",
        "descripcion": "Creación de interfaces de programación y servicios web escalables y seguros.",
        "area": "ingeniería de software",
        "tipo": "profesional",
        "creditos_estimados": 4
      },
      {
        "nombre": "Gestión de la Configuración",
        "descripcion": "Control de versiones, automatización y gestión de entornos de desarrollo.",
        "area": "ingeniería de software",
        "tipo": "profesional",
        "creditos_estimados": 3
      },
      {
        "nombre": "Verificación y Validación de Software",
        "descripcion": "Estrategias de prueba, control de calidad y aseguramiento del software.",
        "area": "ingeniería de software",
        "tipo": "profesional",
        "creditos_estimados": 3
      },
      {
        "nombre": "Prácticas de Servicio Comunitario",
        "descripcion": "Participación en proyectos sociales aplicando conocimientos tecnológicos.",
        "area": "formación general",
        "tipo": "laboratorio",
        "creditos_estimados": 2
      }
    ],
    "7": [
      {
        "nombre": "Desarrollo de Videojuegos",
        "descripcion": "Fundamentos y herramientas para el diseño y programación de videojuegos.",
        "area": "computación",
        "tipo": "profesional",
        "creditos_estimados": 3
      },
      {
        "nombre": "Calidad del Software",
        "descripcion": "Evaluación, control y mejora continua de la calidad en procesos y productos de software.",
        "area": "ingeniería de software",
        "tipo": "profesional",
        "creditos_estimados": 3
      },
      {
        "nombre": "Procesos de Ingeniería de Software",
        "descripcion": "Modelos y marcos de trabajo para la planificación, ejecución y mantenimiento de proyectos de software.",
        "area": "ingeniería de software",
        "tipo": "profesional",
        "creditos_estimados": 3
      },
      {
        "nombre": "Técnicas de Investigación",
        "descripcion": "Metodologías para la elaboración de proyectos de investigación científica y tecnológica.",
        "area": "investigación",
        "tipo": "básica",
        "creditos_estimados": 3
      },
      {
        "nombre": "Prácticas Preprofesionales",
        "descripcion": "Experiencia práctica supervisada en entornos laborales del sector tecnológico.",
        "area": "otras áreas",
        "tipo": "laboratorio",
        "creditos_estimados": 3
      }
    ],
    "8": [
      {
        "nombre": "Realidad Virtual y Aumentada",
        "descripcion": "Diseño y desarrollo de aplicaciones inmersivas en entornos virtuales y aumentados.",
        "area": "computación",
        "tipo": "profesional",
        "creditos_estimados": 3
      },
      {
        "nombre": "Software Seguro",
        "descripcion": "Principios y prácticas de seguridad informática aplicados al ciclo de vida del software.",
        "area": "ingeniería de software",
        "tipo": "profesional",
        "creditos_estimados": 3
      },
      {
        "nombre": "Gestión de Proyectos de Software",
        "descripcion": "Planificación, estimación y control de proyectos basados en metodologías ágiles y tradicionales.",
        "area": "ingeniería de software",
        "tipo": "profesional",
        "creditos_estimados": 3
      },
      {
        "nombre": "Innovación y Emprendimiento",
        "descripcion": "Fomento de la creatividad, innovación y gestión de proyectos tecnológicos.",
        "area": "gestión de proyectos",
        "tipo": "profesional",
        "creditos_estimados": 3
      },
      {
        "nombre": "Integración Curricular",
        "descripcion": "Desarrollo del trabajo de titulación basado en la integración de conocimientos adquiridos.",
        "area": "investigación",
        "tipo": "investigación",
        "creditos_estimados": 5
      }
    ]
  }
}
