{
  "universidad": "Universidad Politécnica Salesiana",
  "carrera": "Ingeniería Civil",
  "modalidad": "Presencial",
  "duracion_semestres": 8,
  "titulo": "Ingeniero/a Civil",
  "malla_curricular": {
    "1": [
      {
        "nombre": "Antropología Filosófico-Teológica",
        "descripcion": "Introducción al pensamiento filosófico y teológico aplicado a la comprensión del ser humano y su entorno social.",
        "area": "formación general",
        "tipo": "básica",
        "creditos_estimados": 4
      },
      {
        "nombre": "Comunicación Oral y Escrita",
        "descripcion": "Desarrollo de competencias comunicativas efectivas para la expresión oral y escrita en contextos académicos y profesionales.",
        "area": "formación general",
        "tipo": "básica",
        "creditos_estimados": 4
      },
      {
        "nombre": "Álgebra Lineal",
        "descripcion": "Fundamentos del álgebra matricial y vectorial aplicados a la resolución de problemas de ingeniería.",
        "area": "matemática y estadística",
        "tipo": "básica",
        "creditos_estimados": 5
      },
      {
        "nombre": "Cálculo Diferencial",
        "descripcion": "Conceptos de derivadas y su aplicación en la modelación de fenómenos físicos y estructurales.",
        "area": "matemática y estadística",
        "tipo": "básica",
        "creditos_estimados": 6
      },
      {
        "nombre": "Dibujo Asistido por Computador",
        "descripcion": "Uso de herramientas digitales para el modelado y diseño de planos técnicos.",
        "area": "ingeniería civil",
        "tipo": "profesional",
        "creditos_estimados": 3
      },
      {
        "nombre": "Ciencia de Materiales de Construcción",
        "descripcion": "Estudio de las propiedades y comportamiento de materiales utilizados en obras civiles.",
        "area": "ingeniería civil",
        "tipo": "profesional",
        "creditos_estimados": 3
      }
    ],
    "2": [
      {
        "nombre": "Ética",
        "descripcion": "Reflexión sobre principios morales y su aplicación en la práctica profesional de la ingeniería civil.",
        "area": "formación general",
        "tipo": "básica",
        "creditos_estimados": 4
      },
      {
        "nombre": "Cálculo Integral",
        "descripcion": "Integrales y sus aplicaciones en el análisis y diseño de sistemas físicos e ingenieriles.",
        "area": "matemática y estadística",
        "tipo": "básica",
        "creditos_estimados": 5
      },
      {
        "nombre": "Estática",
        "descripcion": "Análisis de fuerzas en equilibrio y aplicación en estructuras y cuerpos rígidos.",
        "area": "ciencias básicas",
        "tipo": "básica",
        "creditos_estimados": 5
      },
      {
        "nombre": "Geología",
        "descripcion": "Estudio de los materiales terrestres, procesos geológicos y su influencia en la ingeniería civil.",
        "area": "ciencias básicas",
        "tipo": "profesional",
        "creditos_estimados": 4
      },
      {
        "nombre": "Vida y Trascendencia",
        "descripcion": "Análisis del sentido humano y espiritual desde una perspectiva integral y universitaria.",
        "area": "formación general",
        "tipo": "básica",
        "creditos_estimados": 4
      },
      {
        "nombre": "Topografía I",
        "descripcion": "Levantamientos topográficos y representación del terreno mediante instrumentos y software especializado.",
        "area": "ingeniería civil",
        "tipo": "profesional",
        "creditos_estimados": 4
      }
    ],
    "3": [
      {
        "nombre": "Cálculo de Varias Variables",
        "descripcion": "Extensión del cálculo diferencial e integral a funciones de varias variables con aplicaciones físicas.",
        "area": "matemática y estadística",
        "tipo": "básica",
        "creditos_estimados": 5
      },
      {
        "nombre": "Ecuaciones Diferenciales",
        "descripcion": "Modelado matemático de sistemas dinámicos mediante ecuaciones diferenciales ordinarias.",
        "area": "matemática y estadística",
        "tipo": "básica",
        "creditos_estimados": 5
      },
      {
        "nombre": "Resistencia de Materiales",
        "descripcion": "Comportamiento de los materiales bajo esfuerzos y deformaciones, aplicado al diseño estructural.",
        "area": "ingeniería civil",
        "tipo": "profesional",
        "creditos_estimados": 5
      },
      {
        "nombre": "Tecnología del Hormigón",
        "descripcion": "Estudio de las propiedades, mezclas y comportamiento del hormigón en la construcción.",
        "area": "ingeniería civil",
        "tipo": "profesional",
        "creditos_estimados": 4
      },
      {
        "nombre": "Topografía II",
        "descripcion": "Técnicas avanzadas de levantamiento, nivelación y curvas de nivel en obras civiles.",
        "area": "ingeniería civil",
        "tipo": "profesional",
        "creditos_estimados": 3
      }
    ],
    "4": [
      {
        "nombre": "Pensamiento Social de la Iglesia",
        "descripcion": "Doctrina social cristiana y su relación con la responsabilidad ética y social del ingeniero.",
        "area": "formación general",
        "tipo": "básica",
        "creditos_estimados": 4
      },
      {
        "nombre": "Análisis Numérico y Programación",
        "descripcion": "Métodos numéricos aplicados al análisis estructural mediante programación computacional.",
        "area": "computación",
        "tipo": "profesional",
        "creditos_estimados": 4
      },
      {
        "nombre": "Hidráulica I",
        "descripcion": "Estudio de los principios del flujo de fluidos y su aplicación en ingeniería hidráulica.",
        "area": "ingeniería civil",
        "tipo": "profesional",
        "creditos_estimados": 4
      },
      {
        "nombre": "Mecánica de Suelos I",
        "descripcion": "Propiedades físicas del suelo y su comportamiento ante cargas y estructuras.",
        "area": "ingeniería civil",
        "tipo": "profesional",
        "creditos_estimados": 4
      },
      {
        "nombre": "Estadística",
        "descripcion": "Técnicas estadísticas aplicadas a la ingeniería y toma de decisiones basadas en datos.",
        "area": "matemática y estadística",
        "tipo": "básica",
        "creditos_estimados": 5
      },
      {
        "nombre": "Ensayo de Materiales de Construcción",
        "descripcion": "Pruebas experimentales de resistencia y durabilidad en materiales estructurales.",
        "area": "ingeniería civil",
        "tipo": "laboratorio",
        "creditos_estimados": 3
      }
    ],
    "5": [
      {
        "nombre": "Teoría de Estructuras I",
        "descripcion": "Análisis de estructuras isostáticas y métodos de equilibrio para vigas y marcos.",
        "area": "ingeniería civil",
        "tipo": "profesional",
        "creditos_estimados": 5
      },
      {
        "nombre": "Mecánica de Suelos II",
        "descripcion": "Comportamiento avanzado de suelos y su aplicación en cimentaciones.",
        "area": "ingeniería civil",
        "tipo": "profesional",
        "creditos_estimados": 4
      },
      {
        "nombre": "Hidráulica II",
        "descripcion": "Flujo a presión, energía en sistemas hidráulicos y diseño de redes de conducción.",
        "area": "ingeniería civil",
        "tipo": "profesional",
        "creditos_estimados": 4
      },
      {
        "nombre": "Hidrología Aplicada",
        "descripcion": "Estudio de la precipitación, escorrentía y ciclo hidrológico para proyectos civiles.",
        "area": "ingeniería civil",
        "tipo": "profesional",
        "creditos_estimados": 4
      },
      {
        "nombre": "Hormigón Armado I",
        "descripcion": "Diseño de elementos estructurales de hormigón reforzado bajo carga estática.",
        "area": "ingeniería civil",
        "tipo": "profesional",
        "creditos_estimados": 4
      }
    ],
    "6": [
      {
        "nombre": "Teoría de Estructuras II",
        "descripcion": "Análisis de estructuras hiperestáticas y métodos matriciales de cálculo estructural.",
        "area": "ingeniería civil",
        "tipo": "profesional",
        "creditos_estimados": 5
      },
      {
        "nombre": "Hormigón Armado II",
        "descripcion": "Diseño avanzado de estructuras de concreto armado, considerando cargas dinámicas.",
        "area": "ingeniería civil",
        "tipo": "profesional",
        "creditos_estimados": 4
      },
      {
        "nombre": "Diseño Vial",
        "descripcion": "Planificación y diseño geométrico de vías conforme a normativas técnicas.",
        "area": "ingeniería civil",
        "tipo": "profesional",
        "creditos_estimados": 4
      },
      {
        "nombre": "Geotecnia",
        "descripcion": "Estudio de cimentaciones, estabilidad de taludes y mecánica de rocas.",
        "area": "ingeniería civil",
        "tipo": "profesional",
        "creditos_estimados": 4
      },
      {
        "nombre": "Pensamiento Crítico",
        "descripcion": "Desarrollo del razonamiento lógico y la evaluación crítica en el contexto técnico y social.",
        "area": "formación general",
        "tipo": "básica",
        "creditos_estimados": 4
      },
      {
        "nombre": "Prácticas de Servicio Comunitario",
        "descripcion": "Aplicación de conocimientos técnicos en beneficio de comunidades locales.",
        "area": "formación general",
        "tipo": "laboratorio",
        "creditos_estimados": 3
      }
    ],
    "7": [
      {
        "nombre": "Proyectos",
        "descripcion": "Formulación, gestión y evaluación técnica de proyectos de ingeniería civil.",
        "area": "gestión de proyectos",
        "tipo": "profesional",
        "creditos_estimados": 4
      },
      {
        "nombre": "Planificación de Obra",
        "descripcion": "Programación, control y administración de obras de construcción.",
        "area": "gestión de proyectos",
        "tipo": "profesional",
        "creditos_estimados": 4
      },
      {
        "nombre": "Construcciones Metálicas",
        "descripcion": "Diseño y cálculo de estructuras metálicas para edificaciones e infraestructura.",
        "area": "ingeniería civil",
        "tipo": "profesional",
        "creditos_estimados": 4
      },
      {
        "nombre": "Agua Potable y Alcantarillado",
        "descripcion": "Diseño y operación de sistemas de abastecimiento y saneamiento urbano.",
        "area": "ingeniería civil",
        "tipo": "profesional",
        "creditos_estimados": 4
      },
      {
        "nombre": "Prácticas Preprofesionales",
        "descripcion": "Aplicación práctica de conocimientos adquiridos en entornos profesionales reales.",
        "area": "otras áreas",
        "tipo": "laboratorio",
        "creditos_estimados": 3
      }
    ],
    "8": [
      {
        "nombre": "Integración Curricular",
        "descripcion": "Trabajo de titulación orientado a la resolución de problemas reales en el ámbito de la ingeniería civil.",
        "area": "investigación",
        "tipo": "investigación",
        "creditos_estimados": 3
      },
      {
        "nombre": "Obras Hidráulicas",
        "descripcion": "Diseño de presas, canales, sistemas de riego y obras de infraestructura hidráulica.",
        "area": "ingeniería civil",
        "tipo": "profesional",
        "creditos_estimados": 4
      },
      {
        "nombre": "Gestión de Obra",
        "descripcion": "Control técnico, económico y administrativo de proyectos de construcción.",
        "area": "gestión de proyectos",
        "tipo": "profesional",
        "creditos_estimados": 4
      },
      {
        "nombre": "Itinerario 1 - Estructuras: Diseño Sismorresistente y Puentes",
        "descripcion": "Diseño estructural avanzado considerando cargas sísmicas y diseño de puentes.",
        "area": "ingeniería civil",
        "tipo": "profesional",
        "creditos_estimados": 5
      },
      {
        "nombre": "Itinerario 2 - Vial: Pavimentos y Aplicaciones Computacionales Viales",
        "descripcion": "Diseño de pavimentos y modelación computacional aplicada a ingeniería vial.",
        "area": "ingeniería civil",
        "tipo": "profesional",
        "creditos_estimados": 5
      },
      {
        "nombre": "Itinerario 3 - Hidráulico: Centrales Hidroeléctricas y Aplicaciones Computacionales de Hidráulica",
        "descripcion": "Diseño y simulación de sistemas hidráulicos e hidroeléctricos aplicados.",
        "area": "ingeniería civil",
        "tipo": "profesional",
        "creditos_estimados": 5
      }
    ]
  }
}
