{
  "universidad": "Universidad Politécnica Salesiana",
  "carrera": "Ingeniería de la Producción",
  "modalidad": "Presencial",
  "duracion_semestres": 8,
  "titulo": "Ingeniero/a en Producción",
  "malla_curricular": {
    "1": [
      {
        "nombre": "Antropología Filosófico–Teológica",
        "descripcion": "Introducción al pensamiento filosófico y teológico sobre el ser humano, su cultura y sociedad.",
        "area": "formación general",
        "tipo": "básica",
        "creditos_estimados": 4
      },
      {
        "nombre": "Álgebra Lineal",
        "descripcion": "Conceptos de álgebra matricial y vectorial aplicados a problemas de ingeniería.",
        "area": "matemática y estadística",
        "tipo": "básica",
        "creditos_estimados": 5
      },
      {
        "nombre": "Cálculo Diferencial",
        "descripcion": "Principios de derivación aplicados al análisis de sistemas continuos y productivos.",
        "area": "matemática y estadística",
        "tipo": "básica",
        "creditos_estimados": 6
      },
      {
        "nombre": "Comunicación Oral y Escrita",
        "descripcion": "Desarrollo de competencias comunicativas efectivas en contextos académicos y laborales.",
        "area": "formación general",
        "tipo": "básica",
        "creditos_estimados": 3
      },
      {
        "nombre": "Estudio del Trabajo",
        "descripcion": "Análisis y optimización de métodos de trabajo para mejorar la productividad industrial.",
        "area": "ingeniería industrial",
        "tipo": "profesional",
        "creditos_estimados": 5
      }
    ],
    "2": [
      {
        "nombre": "Dibujo Industrial",
        "descripcion": "Representación gráfica de piezas y sistemas industriales con software CAD.",
        "area": "ingeniería industrial",
        "tipo": "básica",
        "creditos_estimados": 4
      },
      {
        "nombre": "Cálculo Integral",
        "descripcion": "Integración y aplicaciones en ingeniería de procesos productivos.",
        "area": "matemática y estadística",
        "tipo": "básica",
        "creditos_estimados": 5
      },
      {
        "nombre": "Estática",
        "descripcion": "Análisis del equilibrio de estructuras mecánicas y sistemas industriales.",
        "area": "ciencias básicas",
        "tipo": "básica",
        "creditos_estimados": 5
      },
      {
        "nombre": "Organización Empresarial",
        "descripcion": "Principios de administración y organización en el entorno industrial.",
        "area": "gestión de proyectos",
        "tipo": "profesional",
        "creditos_estimados": 3
      },
      {
        "nombre": "Química",
        "descripcion": "Fundamentos químicos aplicados a materiales y procesos industriales.",
        "area": "ciencias básicas",
        "tipo": "básica",
        "creditos_estimados": 4
      }
    ],
    "3": [
      {
        "nombre": "Diseño de Sistemas Productivos y Logística",
        "descripcion": "Diseño y gestión de sistemas de producción y flujos logísticos.",
        "area": "ingeniería industrial",
        "tipo": "profesional",
        "creditos_estimados": 4
      },
      {
        "nombre": "Contabilidad Gerencial",
        "descripcion": "Análisis contable y financiero aplicado a la gestión de producción.",
        "area": "gestión de proyectos",
        "tipo": "profesional",
        "creditos_estimados": 3
      },
      {
        "nombre": "Ecuaciones Diferenciales",
        "descripcion": "Modelado matemático de procesos industriales mediante ecuaciones diferenciales.",
        "area": "matemática y estadística",
        "tipo": "básica",
        "creditos_estimados": 5
      },
      {
        "nombre": "Ética",
        "descripcion": "Reflexión sobre principios éticos en la toma de decisiones profesionales.",
        "area": "formación general",
        "tipo": "básica",
        "creditos_estimados": 3
      },
      {
        "nombre": "Programación",
        "descripcion": "Aplicación de algoritmos y lógica computacional en la automatización industrial.",
        "area": "computación",
        "tipo": "básica",
        "creditos_estimados": 5
      },
      {
        "nombre": "Procesos de Fabricación I",
        "descripcion": "Introducción a los procesos de manufactura, materiales y control de calidad.",
        "area": "ingeniería industrial",
        "tipo": "profesional",
        "creditos_estimados": 4
      }
    ],
    "4": [
      {
        "nombre": "Fundamentos de Electricidad y Automatismos",
        "descripcion": "Principios eléctricos y automatización en sistemas industriales.",
        "area": "ciencias básicas",
        "tipo": "básica",
        "creditos_estimados": 4
      },
      {
        "nombre": "Estadística",
        "descripcion": "Análisis estadístico aplicado a la calidad y procesos productivos.",
        "area": "matemática y estadística",
        "tipo": "básica",
        "creditos_estimados": 5
      },
      {
        "nombre": "Innovación y Emprendimiento",
        "descripcion": "Fomento del pensamiento creativo y la creación de empresas industriales.",
        "area": "gestión de proyectos",
        "tipo": "profesional",
        "creditos_estimados": 4
      },
      {
        "nombre": "Procesos de Fabricación II",
        "descripcion": "Estudio avanzado de técnicas de manufactura y control de procesos.",
        "area": "ingeniería industrial",
        "tipo": "profesional",
        "creditos_estimados": 3
      },
      {
        "nombre": "Métodos Numéricos",
        "descripcion": "Resolución de problemas ingenieriles mediante métodos computacionales.",
        "area": "matemática y estadística",
        "tipo": "básica",
        "creditos_estimados": 5
      },
      {
        "nombre": "Vida y Trascendencia",
        "descripcion": "Reflexión sobre el sentido de la vida desde la perspectiva humana y social.",
        "area": "formación general",
        "tipo": "básica",
        "creditos_estimados": 3
      }
    ],
    "5": [
      {
        "nombre": "Control Estadístico de la Calidad",
        "descripcion": "Aplicación de técnicas estadísticas para la mejora continua de procesos.",
        "area": "ingeniería industrial",
        "tipo": "profesional",
        "creditos_estimados": 5
      },
      {
        "nombre": "Ingeniería Financiera",
        "descripcion": "Gestión económica y financiera de proyectos industriales.",
        "area": "gestión de proyectos",
        "tipo": "profesional",
        "creditos_estimados": 3
      },
      {
        "nombre": "Pensamiento Social de la Iglesia",
        "descripcion": "Principios éticos y sociales del pensamiento cristiano aplicados a la ingeniería.",
        "area": "formación general",
        "tipo": "básica",
        "creditos_estimados": 3
      },
      {
        "nombre": "Cadena de Suministro y Logística",
        "descripcion": "Gestión integral del flujo de materiales e información en la cadena de valor.",
        "area": "ingeniería industrial",
        "tipo": "profesional",
        "creditos_estimados": 4
      },
      {
        "nombre": "Termodinámica",
        "descripcion": "Estudio de las leyes de la termodinámica y su aplicación en procesos industriales.",
        "area": "ciencias básicas",
        "tipo": "básica",
        "creditos_estimados": 4
      },
      {
        "nombre": "Evaluación de Riesgos Laborales",
        "descripcion": "Identificación y control de riesgos en ambientes industriales.",
        "area": "seguridad industrial",
        "tipo": "profesional",
        "creditos_estimados": 3
      },
      {
        "nombre": "Prácticas de Servicio Comunitario",
        "descripcion": "Participación en proyectos sociales aplicando conocimientos de ingeniería.",
        "area": "formación general",
        "tipo": "laboratorio",
        "creditos_estimados": 3
      }
    ],
    "6": [
      {
        "nombre": "Modelado y Simulación",
        "descripcion": "Simulación de sistemas de producción mediante modelos matemáticos y computacionales.",
        "area": "ingeniería industrial",
        "tipo": "profesional",
        "creditos_estimados": 4
      },
      {
        "nombre": "Seguridad Industrial y Salud Ocupacional",
        "descripcion": "Gestión de la seguridad y salud en ambientes laborales.",
        "area": "seguridad industrial",
        "tipo": "profesional",
        "creditos_estimados": 4
      },
      {
        "nombre": "Planeación y Control de la Producción",
        "descripcion": "Técnicas de planificación, control y programación de operaciones industriales.",
        "area": "ingeniería industrial",
        "tipo": "profesional",
        "creditos_estimados": 4
      },
      {
        "nombre": "Estrategia Empresarial",
        "descripcion": "Diseño e implementación de estrategias corporativas en entornos competitivos.",
        "area": "gestión de proyectos",
        "tipo": "profesional",
        "creditos_estimados": 3
      },
      {
        "nombre": "Metodología de la Investigación",
        "descripcion": "Fundamentos para la elaboración de proyectos de investigación científica y técnica.",
        "area": "investigación",
        "tipo": "básica",
        "creditos_estimados": 3
      },
      {
        "nombre": "Analítica de Datos",
        "descripcion": "Aplicación de herramientas de análisis de datos para optimización de procesos productivos.",
        "area": "computación",
        "tipo": "profesional",
        "creditos_estimados": 4
      },
      {
        "nombre": "Transferencia de Calor y Fluidos",
        "descripcion": "Estudio de los procesos térmicos y fluidos aplicados a la ingeniería de manufactura.",
        "area": "ciencias básicas",
        "tipo": "básica",
        "creditos_estimados": 3
      }
    ],
    "7": [
      {
        "nombre": "Gestión Ambiental en la Industria",
        "descripcion": "Aplicación de políticas ambientales y sostenibilidad en la gestión industrial.",
        "area": "ingeniería industrial",
        "tipo": "profesional",
        "creditos_estimados": 3
      },
      {
        "nombre": "Gestión del Talento Humano",
        "descripcion": "Gestión de personal y liderazgo organizacional en entornos industriales.",
        "area": "gestión de proyectos",
        "tipo": "profesional",
        "creditos_estimados": 4
      },
      {
        "nombre": "Programación de la Producción",
        "descripcion": "Planificación y optimización de la secuencia de operaciones productivas.",
        "area": "ingeniería industrial",
        "tipo": "profesional",
        "creditos_estimados": 4
      },
      {
        "nombre": "Investigación de Operaciones",
        "descripcion": "Técnicas cuantitativas para la toma de decisiones en sistemas productivos.",
        "area": "matemática y estadística",
        "tipo": "profesional",
        "creditos_estimados": 5
      },
      {
        "nombre": "Prácticas Preprofesionales",
        "descripcion": "Experiencia profesional supervisada en el entorno industrial.",
        "area": "otras áreas",
        "tipo": "laboratorio",
        "creditos_estimados": 3
      }
    ],
    "8": [
      {
        "nombre": "Gestión de Calidad",
        "descripcion": "Diseño e implementación de sistemas de gestión de calidad industrial.",
        "area": "ingeniería industrial",
        "tipo": "profesional",
        "creditos_estimados": 4
      },
      {
        "nombre": "Legislación Industrial y Societaria",
        "descripcion": "Marco legal y regulaciones aplicadas a las empresas industriales.",
        "area": "gestión de proyectos",
        "tipo": "profesional",
        "creditos_estimados": 3
      },
      {
        "nombre": "Administración de Proyectos",
        "descripcion": "Gestión integral de proyectos de innovación y mejora industrial.",
        "area": "gestión de proyectos",
        "tipo": "profesional",
        "creditos_estimados": 3
      },
      {
        "nombre": "Manufactura Esbelta",
        "descripcion": "Implementación de metodologías Lean Manufacturing para reducción de desperdicios.",
        "area": "ingeniería industrial",
        "tipo": "profesional",
        "creditos_estimados": 3
      },
      {
        "nombre": "Gestión del Mantenimiento",
        "descripcion": "Planificación y control de mantenimiento de equipos industriales.",
        "area": "ingeniería industrial",
        "tipo": "profesional",
        "creditos_estimados": 4
      },
      {
        "nombre": "Integración Curricular",
        "descripcion": "Trabajo de titulación enfocado en la solución de problemas reales de producción.",
        "area": "investigación",
        "tipo": "investigación",
        "creditos_estimados": 5
      }
    ]
  }
}
