{
  "universidad": "Universidad Politécnica Salesiana",
  "carrera": "Ingeniería Industrial",
  "modalidad": "Presencial",
  "duracion_semestres": 8,
  "titulo": "Ingeniero/a Industrial",
  "malla_curricular": {
    "1": [
      {
        "nombre": "Antropología Filosófico-Teológica",
        "descripcion": "Reflexión filosófica y teológica sobre el ser humano, su cultura y su relación con la sociedad.",
        "area": "formación general",
        "tipo": "básica",
        "creditos_estimados": 4
      },
      {
        "nombre": "Comunicación Oral y Escrita",
        "descripcion": "Desarrollo de habilidades comunicativas escritas y orales aplicadas al ámbito académico y profesional.",
        "area": "formación general",
        "tipo": "básica",
        "creditos_estimados": 3
      },
      {
        "nombre": "Álgebra Lineal",
        "descripcion": "Estudio de vectores, matrices y espacios vectoriales aplicados a problemas de ingeniería.",
        "area": "matemática y estadística",
        "tipo": "básica",
        "creditos_estimados": 5
      },
      {
        "nombre": "Cálculo Diferencial",
        "descripcion": "Fundamentos del cálculo de derivadas aplicados al análisis de sistemas físicos y productivos.",
        "area": "matemática y estadística",
        "tipo": "básica",
        "creditos_estimados": 6
      },
      {
        "nombre": "Ingeniería de Métodos",
        "descripcion": "Análisis y optimización de procesos de trabajo para mejorar la eficiencia industrial.",
        "area": "ingeniería industrial",
        "tipo": "profesional",
        "creditos_estimados": 5
      }
    ],
    "2": [
      {
        "nombre": "Ética",
        "descripcion": "Reflexión sobre los valores éticos y su importancia en la toma de decisiones empresariales.",
        "area": "formación general",
        "tipo": "básica",
        "creditos_estimados": 3
      },
      {
        "nombre": "Química",
        "descripcion": "Principios de química aplicados a los materiales y procesos industriales.",
        "area": "ciencias básicas",
        "tipo": "básica",
        "creditos_estimados": 4
      },
      {
        "nombre": "Cálculo Integral",
        "descripcion": "Integración y sus aplicaciones en sistemas de ingeniería y control de procesos.",
        "area": "matemática y estadística",
        "tipo": "básica",
        "creditos_estimados": 5
      },
      {
        "nombre": "Estática",
        "descripcion": "Análisis de fuerzas y equilibrio en cuerpos rígidos aplicados a sistemas industriales.",
        "area": "ciencias básicas",
        "tipo": "básica",
        "creditos_estimados": 5
      },
      {
        "nombre": "Dibujo Industrial",
        "descripcion": "Representación técnica y modelado de componentes industriales mediante software CAD.",
        "area": "ingeniería industrial",
        "tipo": "básica",
        "creditos_estimados": 4
      }
    ],
    "3": [
      {
        "nombre": "Vida y Trascendencia",
        "descripcion": "Reflexión sobre el sentido de la existencia y la responsabilidad social del profesional.",
        "area": "formación general",
        "tipo": "básica",
        "creditos_estimados": 3
      },
      {
        "nombre": "Programación",
        "descripcion": "Fundamentos de programación orientada a la automatización de procesos industriales.",
        "area": "computación",
        "tipo": "básica",
        "creditos_estimados": 5
      },
      {
        "nombre": "Ecuaciones Diferenciales",
        "descripcion": "Modelado de sistemas dinámicos y productivos mediante ecuaciones diferenciales.",
        "area": "matemática y estadística",
        "tipo": "básica",
        "creditos_estimados": 5
      },
      {
        "nombre": "Procesos de Manufactura I",
        "descripcion": "Principios de manufactura y transformación de materiales en la industria.",
        "area": "ingeniería industrial",
        "tipo": "profesional",
        "creditos_estimados": 4
      },
      {
        "nombre": "Organización de Sistemas Productivos",
        "descripcion": "Diseño y gestión de sistemas de producción y operaciones industriales.",
        "area": "ingeniería industrial",
        "tipo": "profesional",
        "creditos_estimados": 4
      }
    ],
    "4": [
      {
        "nombre": "Pensamiento Social de la Iglesia",
        "descripcion": "Principios éticos y sociales del pensamiento cristiano aplicados a la ingeniería.",
        "area": "formación general",
        "tipo": "básica",
        "creditos_estimados": 3
      },
      {
        "nombre": "Química Industrial",
        "descripcion": "Procesos químicos aplicados a la producción industrial y control de calidad.",
        "area": "ciencias básicas",
        "tipo": "básica",
        "creditos_estimados": 4
      },
      {
        "nombre": "Estadística",
        "descripcion": "Aplicación de métodos estadísticos al control y mejora de procesos productivos.",
        "area": "matemática y estadística",
        "tipo": "básica",
        "creditos_estimados": 5
      },
      {
        "nombre": "Electrotecnia",
        "descripcion": "Principios eléctricos y su aplicación en sistemas industriales y automatización.",
        "area": "ciencias básicas",
        "tipo": "básica",
        "creditos_estimados": 4
      },
      {
        "nombre": "Métodos Numéricos",
        "descripcion": "Solución computacional de problemas de ingeniería mediante técnicas numéricas.",
        "area": "matemática y estadística",
        "tipo": "básica",
        "creditos_estimados": 5
      },
      {
        "nombre": "Contabilidad",
        "descripcion": "Fundamentos contables y financieros aplicados a la gestión empresarial.",
        "area": "gestión de proyectos",
        "tipo": "profesional",
        "creditos_estimados": 3
      }
    ],
    "5": [
      {
        "nombre": "Pensamiento Crítico",
        "descripcion": "Desarrollo del razonamiento lógico, analítico y reflexivo en contextos técnicos.",
        "area": "formación general",
        "tipo": "básica",
        "creditos_estimados": 3
      },
      {
        "nombre": "Automatismos",
        "descripcion": "Diseño y control de sistemas automatizados en procesos industriales.",
        "area": "ingeniería industrial",
        "tipo": "profesional",
        "creditos_estimados": 4
      },
      {
        "nombre": "Termodinámica",
        "descripcion": "Estudio de los principios termodinámicos aplicados a la ingeniería de procesos.",
        "area": "ciencias básicas",
        "tipo": "básica",
        "creditos_estimados": 4
      },
      {
        "nombre": "Ingeniería Económica",
        "descripcion": "Evaluación económica de proyectos y análisis financiero para la toma de decisiones.",
        "area": "gestión de proyectos",
        "tipo": "profesional",
        "creditos_estimados": 3
      },
      {
        "nombre": "Energía y Medio Ambiente",
        "descripcion": "Evaluación del impacto energético y ambiental en la producción industrial.",
        "area": "ingeniería industrial",
        "tipo": "profesional",
        "creditos_estimados": 3
      },
      {
        "nombre": "Prácticas de Servicio Comunitario",
        "descripcion": "Aplicación de conocimientos técnicos en proyectos sociales y comunitarios.",
        "area": "formación general",
        "tipo": "laboratorio",
        "creditos_estimados": 2
      },
      {
        "nombre": "Itinerario - Evaluación de Riesgos Laborales",
        "descripcion": "Identificación, análisis y control de riesgos en entornos industriales.",
        "area": "seguridad industrial",
        "tipo": "profesional",
        "creditos_estimados": 3
      }
    ],
    "6": [
      {
        "nombre": "Gestión del Mantenimiento",
        "descripcion": "Planificación y control de actividades de mantenimiento en plantas industriales.",
        "area": "ingeniería industrial",
        "tipo": "profesional",
        "creditos_estimados": 4
      },
      {
        "nombre": "Mecánica de Materiales I",
        "descripcion": "Estudio de los esfuerzos y deformaciones en materiales estructurales.",
        "area": "ciencias básicas",
        "tipo": "básica",
        "creditos_estimados": 5
      },
      {
        "nombre": "Ingeniería de la Producción",
        "descripcion": "Gestión integral de sistemas de producción y operaciones industriales.",
        "area": "ingeniería industrial",
        "tipo": "profesional",
        "creditos_estimados": 4
      },
      {
        "nombre": "Transferencia de Calor y Fluidos",
        "descripcion": "Fenómenos térmicos y de transporte aplicados a procesos productivos.",
        "area": "ciencias básicas",
        "tipo": "básica",
        "creditos_estimados": 3
      },
      {
        "nombre": "Investigación de Operaciones",
        "descripcion": "Optimización de procesos industriales mediante modelos matemáticos.",
        "area": "matemática y estadística",
        "tipo": "profesional",
        "creditos_estimados": 5
      },
      {
        "nombre": "Itinerario - Evaluación de Impactos Ambientales",
        "descripcion": "Análisis del impacto ambiental y sostenibilidad en la industria.",
        "area": "seguridad industrial",
        "tipo": "profesional",
        "creditos_estimados": 3
      }
    ],
    "7": [
      {
        "nombre": "Proyectos",
        "descripcion": "Formulación, planificación y ejecución de proyectos industriales.",
        "area": "gestión de proyectos",
        "tipo": "profesional",
        "creditos_estimados": 4
      },
      {
        "nombre": "Estrategia Empresarial",
        "descripcion": "Diseño de estrategias competitivas para la gestión empresarial.",
        "area": "gestión de proyectos",
        "tipo": "profesional",
        "creditos_estimados": 3
      },
      {
        "nombre": "Seguridad Industrial y Salud Ocupacional",
        "descripcion": "Prevención de riesgos laborales y promoción de la salud ocupacional.",
        "area": "seguridad industrial",
        "tipo": "profesional",
        "creditos_estimados": 3
      },
      {
        "nombre": "Logística",
        "descripcion": "Gestión del flujo de materiales, información y transporte en cadenas de suministro.",
        "area": "ingeniería industrial",
        "tipo": "profesional",
        "creditos_estimados": 4
      },
      {
        "nombre": "Gestión de Calidad",
        "descripcion": "Diseño, implementación y auditoría de sistemas de gestión de calidad.",
        "area": "ingeniería industrial",
        "tipo": "profesional",
        "creditos_estimados": 4
      },
      {
        "nombre": "Prácticas Preprofesionales",
        "descripcion": "Experiencia práctica supervisada en entornos industriales reales.",
        "area": "otras áreas",
        "tipo": "laboratorio",
        "creditos_estimados": 3
      }
    ],
    "8": [
      {
        "nombre": "Integración Curricular",
        "descripcion": "Trabajo de titulación orientado a resolver problemas de ingeniería industrial.",
        "area": "investigación",
        "tipo": "investigación",
        "creditos_estimados": 5
      },
      {
        "nombre": "Diseño de Productos y Servicios",
        "descripcion": "Diseño de soluciones industriales centradas en la mejora de productos y procesos.",
        "area": "ingeniería industrial",
        "tipo": "profesional",
        "creditos_estimados": 4
      },
      {
        "nombre": "Gestión del Talento Humano",
        "descripcion": "Gestión de personal y desarrollo del talento en entornos industriales.",
        "area": "gestión de proyectos",
        "tipo": "profesional",
        "creditos_estimados": 4
      },
      {
        "nombre": "Simulación de Procesos",
        "descripcion": "Modelado y análisis computacional de sistemas productivos.",
        "area": "ingeniería industrial",
        "tipo": "profesional",
        "creditos_estimados": 4
      },
      {
        "nombre": "Legislación Industrial y Societaria",
        "descripcion": "Aspectos legales relacionados con la operación de empresas industriales.",
        "area": "gestión de proyectos",
        "tipo": "profesional",
        "creditos_estimados": 3
      },
      {
        "nombre": "Itinerario - Sistemas de Gestión",
        "descripcion": "Implementación de sistemas integrados de gestión de calidad, ambiente y seguridad.",
        "area": "seguridad industrial",
        "tipo": "profesional",
        "creditos_estimados": 4
      }
    ]
  }
}
