{
  "universidad": "PUCE",
  "carrera": "Ingeniería Civil",
  "modalidad": "Presencial",
  "duracion_semestres": 9,
  "titulo": "Ingeniero/a Civil",
  "malla_curricular": {
    "1": [
      {
        "nombre": "Conocimiento, Palabra y Cambio Social",
        "descripcion": "Formación general y ética profesional.",
        "area": "formación general",
        "tipo": "básica",
        "creditos_estimados": 4
      },
      {
        "nombre": "Cálculo I",
        "descripcion": "Fundamentos matemáticos aplicados a problemas de ingeniería.",
        "area": "matemática y estadística",
        "tipo": "básica",
        "creditos_estimados": 5
      },
      {
        "nombre": "Física General",
        "descripcion": "Conceptos de física relevantes para el análisis de sistemas y estructuras.",
        "area": "ciencias básicas",
        "tipo": "básica",
        "creditos_estimados": 5
      },
      {
        "nombre": "Pensamiento Computacional",
        "descripcion": "Introducción al diseño y desarrollo de soluciones computacionales.",
        "area": "computación",
        "tipo": "profesional",
        "creditos_estimados": 4
      },
      {
        "nombre": "Innovación y Creatividad",
        "descripcion": "Contenido introductorio y aplicado al campo de la asignatura.",
        "area": "formación general",
        "tipo": "básica",
        "creditos_estimados": 4
      },
      {
        "nombre": "Técnicas Gráficas y Geométricas",
        "descripcion": "Contenido introductorio y aplicado al campo de la asignatura.",
        "area": "otras áreas",
        "tipo": "profesional",
        "creditos_estimados": 4
      }
    ],
    "2": [
      {
        "nombre": "Fundamentos de Investigación",
        "descripcion": "Contenido introductorio y aplicado al campo de la asignatura.",
        "area": "otras áreas",
        "tipo": "investigación",
        "creditos_estimados": 4
      },
      {
        "nombre": "Cálculo II",
        "descripcion": "Fundamentos matemáticos aplicados a problemas de ingeniería.",
        "area": "matemática y estadística",
        "tipo": "básica",
        "creditos_estimados": 5
      },
      {
        "nombre": "Estadística Aplicada",
        "descripcion": "Herramientas estadísticas para el análisis y la toma de decisiones.",
        "area": "matemática y estadística",
        "tipo": "básica",
        "creditos_estimados": 4
      },
      {
        "nombre": "Programación I",
        "descripcion": "Introducción al diseño y desarrollo de soluciones computacionales.",
        "area": "computación",
        "tipo": "profesional",
        "creditos_estimados": 4
      },
      {
        "nombre": "Ciencia de los Materiales: Propiedades, Procesos y Ciclos",
        "descripcion": "Contenido introductorio y aplicado al campo de la asignatura.",
        "area": "ingeniería de procesos",
        "tipo": "profesional",
        "creditos_estimados": 4
      },
      {
        "nombre": "Álgebra Lineal y Geometría Analítica",
        "descripcion": "Fundamentos matemáticos aplicados a problemas de ingeniería.",
        "area": "matemática y estadística",
        "tipo": "básica",
        "creditos_estimados": 5
      }
    ],
    "3": [
      {
        "nombre": "Jesucristo y Aprendizajes Vitales",
        "descripcion": "Formación general y ética profesional.",
        "area": "formación general",
        "tipo": "básica",
        "creditos_estimados": 4
      },
      {
        "nombre": "Mecánica para Ingenieros: Estática",
        "descripcion": "Contenido introductorio y aplicado al campo de la asignatura.",
        "area": "ciencias básicas",
        "tipo": "básica",
        "creditos_estimados": 4
      },
      {
        "nombre": "Mecánica para Ingenieros: Dinámica",
        "descripcion": "Contenido introductorio y aplicado al campo de la asignatura.",
        "area": "ciencias básicas",
        "tipo": "básica",
        "creditos_estimados": 4
      },
      {
        "nombre": "Análisis Numérico para Ingeniería",
        "descripcion": "Contenido introductorio y aplicado al campo de la asignatura.",
        "area": "matemática y estadística",
        "tipo": "básica",
        "creditos_estimados": 4
      },
      {
        "nombre": "Tecnología del Hormigón y Laboratorio",
        "descripcion": "Diseño y análisis de estructuras en diferentes materiales.",
        "area": "ingeniería civil",
        "tipo": "laboratorio",
        "creditos_estimados": 2
      },
      {
        "nombre": "Geomática-Topografía I",
        "descripcion": "Levantamientos y representación del terreno para proyectos civiles.",
        "area": "ingeniería civil",
        "tipo": "profesional",
        "creditos_estimados": 5
      }
    ],
    "4": [
      {
        "nombre": "Ética e Interculturalidad",
        "descripcion": "Formación general y ética profesional.",
        "area": "formación general",
        "tipo": "básica",
        "creditos_estimados": 4
      },
      {
        "nombre": "Resistencia de Materiales II",
        "descripcion": "Contenido introductorio y aplicado al campo de la asignatura.",
        "area": "otras áreas",
        "tipo": "profesional",
        "creditos_estimados": 4
      },
      {
        "nombre": "Hidráulica General",
        "descripcion": "Análisis del comportamiento del agua en sistemas naturales y de ingeniería.",
        "area": "ingeniería civil",
        "tipo": "profesional",
        "creditos_estimados": 5
      },
      {
        "nombre": "Instalaciones en Edificaciones Sostenibles",
        "descripcion": "Contenido introductorio y aplicado al campo de la asignatura.",
        "area": "otras áreas",
        "tipo": "profesional",
        "creditos_estimados": 4
      },
      {
        "nombre": "Geotecnia Aplicada I y Laboratorio",
        "descripcion": "Estudio del suelo y su interacción con estructuras.",
        "area": "ingeniería civil",
        "tipo": "laboratorio",
        "creditos_estimados": 2
      },
      {
        "nombre": "Diseño Geométrico Vial",
        "descripcion": "Diseño y evaluación de infraestructuras viales.",
        "area": "ingeniería civil",
        "tipo": "profesional",
        "creditos_estimados": 4
      }
    ],
    "5": [
      {
        "nombre": "Resistencia de Materiales I y Laboratorio",
        "descripcion": "Sesiones prácticas para consolidar competencias técnicas.",
        "area": "otras áreas",
        "tipo": "laboratorio",
        "creditos_estimados": 2
      },
      {
        "nombre": "Mecánica de Fluidos",
        "descripcion": "Contenido introductorio y aplicado al campo de la asignatura.",
        "area": "ciencias básicas",
        "tipo": "básica",
        "creditos_estimados": 4
      },
      {
        "nombre": "Hidrología",
        "descripcion": "Análisis del comportamiento del agua en sistemas naturales y de ingeniería.",
        "area": "ingeniería civil",
        "tipo": "profesional",
        "creditos_estimados": 4
      },
      {
        "nombre": "Mecánica de Suelos y Laboratorio",
        "descripcion": "Estudio del suelo y su interacción con estructuras.",
        "area": "ingeniería civil",
        "tipo": "laboratorio",
        "creditos_estimados": 2
      },
      {
        "nombre": "Geomática-Topografía II",
        "descripcion": "Levantamientos y representación del terreno para proyectos civiles.",
        "area": "ingeniería civil",
        "tipo": "profesional",
        "creditos_estimados": 5
      },
      {
        "nombre": "Costos y Programación de Obra",
        "descripcion": "Introducción al diseño y desarrollo de soluciones computacionales.",
        "area": "computación",
        "tipo": "profesional",
        "creditos_estimados": 4
      }
    ],
    "6": [
      {
        "nombre": "Estructuras del Hormigón I",
        "descripcion": "Diseño y análisis de estructuras en diferentes materiales.",
        "area": "ingeniería civil",
        "tipo": "profesional",
        "creditos_estimados": 5
      },
      {
        "nombre": "Análisis Estructural",
        "descripcion": "Contenido introductorio y aplicado al campo de la asignatura.",
        "area": "otras áreas",
        "tipo": "profesional",
        "creditos_estimados": 5
      },
      {
        "nombre": "Hidráulica Aplicada",
        "descripcion": "Análisis del comportamiento del agua en sistemas naturales y de ingeniería.",
        "area": "ingeniería civil",
        "tipo": "profesional",
        "creditos_estimados": 5
      },
      {
        "nombre": "Sanitaria I",
        "descripcion": "Contenido introductorio y aplicado al campo de la asignatura.",
        "area": "ingeniería civil",
        "tipo": "profesional",
        "creditos_estimados": 4
      },
      {
        "nombre": "Geotecnia Aplicada II y Ensayos de Campo",
        "descripcion": "Estudio del suelo y su interacción con estructuras.",
        "area": "ingeniería civil",
        "tipo": "profesional",
        "creditos_estimados": 5
      },
      {
        "nombre": "Ecología Integral",
        "descripcion": "Contenido introductorio y aplicado al campo de la asignatura.",
        "area": "formación general",
        "tipo": "básica",
        "creditos_estimados": 4
      }
    ],
    "7": [
      {
        "nombre": "Seminario de Titulación",
        "descripcion": "Contenido introductorio y aplicado al campo de la asignatura.",
        "area": "otras áreas",
        "tipo": "investigación",
        "creditos_estimados": 3
      },
      {
        "nombre": "Asignatura 1 de Itinerario",
        "descripcion": "Contenido introductorio y aplicado al campo de la asignatura.",
        "area": "otras áreas",
        "tipo": "profesional",
        "creditos_estimados": 4
      },
      {
        "nombre": "Asignatura 2 de Itinerario",
        "descripcion": "Contenido introductorio y aplicado al campo de la asignatura.",
        "area": "otras áreas",
        "tipo": "profesional",
        "creditos_estimados": 4
      },
      {
        "nombre": "Hormigón Presforzado",
        "descripcion": "Diseño y análisis de estructuras en diferentes materiales.",
        "area": "ingeniería civil",
        "tipo": "profesional",
        "creditos_estimados": 4
      },
      {
        "nombre": "Cimentaciones y Métodos Computacionales",
        "descripcion": "Introducción al diseño y desarrollo de soluciones computacionales.",
        "area": "ingeniería civil",
        "tipo": "profesional",
        "creditos_estimados": 4
      },
      {
        "nombre": "Impacto Ambiental en Obras Civiles",
        "descripcion": "Contenido introductorio y aplicado al campo de la asignatura.",
        "area": "otras áreas",
        "tipo": "profesional",
        "creditos_estimados": 4
      }
    ],
    "8": [
      {
        "nombre": "Estructuras del Hormigón II",
        "descripcion": "Diseño y análisis de estructuras en diferentes materiales.",
        "area": "ingeniería civil",
        "tipo": "profesional",
        "creditos_estimados": 5
      },
      {
        "nombre": "Análisis Matricial",
        "descripcion": "Contenido introductorio y aplicado al campo de la asignatura.",
        "area": "otras áreas",
        "tipo": "profesional",
        "creditos_estimados": 4
      },
      {
        "nombre": "Estructuras de Acero",
        "descripcion": "Diseño y análisis de estructuras en diferentes materiales.",
        "area": "ingeniería civil",
        "tipo": "profesional",
        "creditos_estimados": 5
      },
      {
        "nombre": "Sanitaria II",
        "descripcion": "Contenido introductorio y aplicado al campo de la asignatura.",
        "area": "ingeniería civil",
        "tipo": "profesional",
        "creditos_estimados": 4
      },
      {
        "nombre": "Diseño y Evaluación de Proyectos",
        "descripcion": "Planificación, ejecución y control de proyectos de ingeniería.",
        "area": "gestión de proyectos",
        "tipo": "profesional",
        "creditos_estimados": 4
      },
      {
        "nombre": "Diseño de Pavimentos y Laboratorio",
        "descripcion": "Diseño y evaluación de infraestructuras viales.",
        "area": "ingeniería civil",
        "tipo": "laboratorio",
        "creditos_estimados": 2
      }
    ],
    "9": [
      {
        "nombre": "Integración Curricular",
        "descripcion": "Contenido introductorio y aplicado al campo de la asignatura.",
        "area": "otras áreas",
        "tipo": "investigación",
        "creditos_estimados": 3
      },
      {
        "nombre": "Asignatura 3 de Itinerario",
        "descripcion": "Contenido introductorio y aplicado al campo de la asignatura.",
        "area": "otras áreas",
        "tipo": "profesional",
        "creditos_estimados": 4
      },
      {
        "nombre": "Asignatura 4 de Itinerario",
        "descripcion": "Contenido introductorio y aplicado al campo de la asignatura.",
        "area": "otras áreas",
        "tipo": "profesional",
        "creditos_estimados": 4
      },
      {
        "nombre": "Puentes",
        "descripcion": "Diseño y evaluación de infraestructuras viales.",
        "area": "ingeniería civil",
        "tipo": "profesional",
        "creditos_estimados": 4
      },
      {
        "nombre": "Diseño Sismorresistente",
        "descripcion": "Contenido introductorio y aplicado al campo de la asignatura.",
        "area": "ingeniería civil",
        "tipo": "profesional",
        "creditos_estimados": 4
      },
      {
        "nombre": "Fiscalización y Residencia de Obras Civiles",
        "descripcion": "Contenido introductorio y aplicado al campo de la asignatura.",
        "area": "otras áreas",
        "tipo": "profesional",
        "creditos_estimados": 4
      }
    ]
  }
}