{
  "universidad": "PUCE",
  "carrera": "Bioingeniería",
  "modalidad": "Presencial",
  "duracion_semestres": 8,
  "titulo": "Bioingeniero/a",
  "malla_curricular": {
    "1": [
      {
        "nombre": "Conocimiento, Palabra y Cambio Social",
        "descripcion": "Formación general y ética profesional.",
        "area": "formación general",
        "tipo": "básica",
        "creditos_estimados": 4
      },
      {
        "nombre": "Fundamentos de Biología",
        "descripcion": "Contenido introductorio y aplicado al campo de la asignatura.",
        "area": "otras áreas",
        "tipo": "profesional",
        "creditos_estimados": 4
      },
      {
        "nombre": "Fundamentos de Química",
        "descripcion": "Principios de química y sus aplicaciones en procesos y materiales.",
        "area": "ciencias básicas",
        "tipo": "básica",
        "creditos_estimados": 5
      },
      {
        "nombre": "Física I",
        "descripcion": "Conceptos de física relevantes para el análisis de sistemas y estructuras.",
        "area": "ciencias básicas",
        "tipo": "básica",
        "creditos_estimados": 5
      },
      {
        "nombre": "Ecuador Megadiverso",
        "descripcion": "Contenido introductorio y aplicado al campo de la asignatura.",
        "area": "formación general",
        "tipo": "básica",
        "creditos_estimados": 4
      },
      {
        "nombre": "Matemática I",
        "descripcion": "Fundamentos matemáticos aplicados a problemas de ingeniería.",
        "area": "matemática y estadística",
        "tipo": "básica",
        "creditos_estimados": 5
      }
    ],
    "2": [
      {
        "nombre": "Fundamentos de la Investigación",
        "descripcion": "Contenido introductorio y aplicado al campo de la asignatura.",
        "area": "otras áreas",
        "tipo": "investigación",
        "creditos_estimados": 4
      },
      {
        "nombre": "Fundamentos de Microbiología",
        "descripcion": "Contenido introductorio y aplicado al campo de la asignatura.",
        "area": "otras áreas",
        "tipo": "profesional",
        "creditos_estimados": 4
      },
      {
        "nombre": "Química Orgánica Básica",
        "descripcion": "Principios de química y sus aplicaciones en procesos y materiales.",
        "area": "ciencias básicas",
        "tipo": "básica",
        "creditos_estimados": 5
      },
      {
        "nombre": "Matemática II",
        "descripcion": "Fundamentos matemáticos aplicados a problemas de ingeniería.",
        "area": "matemática y estadística",
        "tipo": "básica",
        "creditos_estimados": 5
      },
      {
        "nombre": "Fundamentos de Genética",
        "descripcion": "Formación general y ética profesional.",
        "area": "formación general",
        "tipo": "básica",
        "creditos_estimados": 4
      },
      {
        "nombre": "Física II",
        "descripcion": "Conceptos de física relevantes para el análisis de sistemas y estructuras.",
        "area": "ciencias básicas",
        "tipo": "básica",
        "creditos_estimados": 5
      }
    ],
    "3": [
      {
        "nombre": "Jesucristo y los Aprendizajes Vitales",
        "descripcion": "Formación general y ética profesional.",
        "area": "formación general",
        "tipo": "básica",
        "creditos_estimados": 4
      },
      {
        "nombre": "Macromoléculas y Metabolismo",
        "descripcion": "Contenido introductorio y aplicado al campo de la asignatura.",
        "area": "otras áreas",
        "tipo": "profesional",
        "creditos_estimados": 4
      },
      {
        "nombre": "Álgebra Lineal",
        "descripcion": "Fundamentos matemáticos aplicados a problemas de ingeniería.",
        "area": "matemática y estadística",
        "tipo": "básica",
        "creditos_estimados": 5
      },
      {
        "nombre": "Técnicas de Laboratorio Químico",
        "descripcion": "Sesiones prácticas para consolidar competencias técnicas.",
        "area": "otras áreas",
        "tipo": "laboratorio",
        "creditos_estimados": 2
      },
      {
        "nombre": "Estadística I",
        "descripcion": "Herramientas estadísticas para el análisis y la toma de decisiones.",
        "area": "matemática y estadística",
        "tipo": "básica",
        "creditos_estimados": 4
      },
      {
        "nombre": "Ciencias Fundamentales I",
        "descripcion": "Contenido introductorio y aplicado al campo de la asignatura.",
        "area": "otras áreas",
        "tipo": "profesional",
        "creditos_estimados": 4
      }
    ],
    "4": [
      {
        "nombre": "Ética e Interculturalidad",
        "descripcion": "Formación general y ética profesional.",
        "area": "formación general",
        "tipo": "básica",
        "creditos_estimados": 4
      },
      {
        "nombre": "Biología Molecular",
        "descripcion": "Contenido introductorio y aplicado al campo de la asignatura.",
        "area": "otras áreas",
        "tipo": "profesional",
        "creditos_estimados": 4
      },
      {
        "nombre": "Balance de Materia y Energía",
        "descripcion": "Contenido introductorio y aplicado al campo de la asignatura.",
        "area": "ingeniería de procesos",
        "tipo": "profesional",
        "creditos_estimados": 4
      },
      {
        "nombre": "Fenómenos de Transporte",
        "descripcion": "Operaciones y fenómenos básicos en ingeniería de procesos.",
        "area": "ciencias básicas",
        "tipo": "básica",
        "creditos_estimados": 4
      },
      {
        "nombre": "Mecánica",
        "descripcion": "Contenido introductorio y aplicado al campo de la asignatura.",
        "area": "ciencias básicas",
        "tipo": "básica",
        "creditos_estimados": 4
      },
      {
        "nombre": "Ecodiseño y Sostenibilidad",
        "descripcion": "Contenido introductorio y aplicado al campo de la asignatura.",
        "area": "diseño/arquitectura",
        "tipo": "profesional",
        "creditos_estimados": 4
      }
    ],
    "5": [
      {
        "nombre": "Diseño y Evaluación de Proyectos",
        "descripcion": "Planificación, ejecución y control de proyectos de ingeniería.",
        "area": "gestión de proyectos",
        "tipo": "profesional",
        "creditos_estimados": 4
      },
      {
        "nombre": "Fisicoquímica",
        "descripcion": "Principios de química y sus aplicaciones en procesos y materiales.",
        "area": "ciencias básicas",
        "tipo": "básica",
        "creditos_estimados": 5
      },
      {
        "nombre": "Operaciones Unitarias",
        "descripcion": "Operaciones y fenómenos básicos en ingeniería de procesos.",
        "area": "ingeniería de procesos",
        "tipo": "profesional",
        "creditos_estimados": 5
      },
      {
        "nombre": "Propiedades Físicas y Mecánicas de los Materiales",
        "descripcion": "Conceptos de física relevantes para el análisis de sistemas y estructuras.",
        "area": "ciencias básicas",
        "tipo": "básica",
        "creditos_estimados": 5
      },
      {
        "nombre": "Ecología Integral",
        "descripcion": "Contenido introductorio y aplicado al campo de la asignatura.",
        "area": "formación general",
        "tipo": "básica",
        "creditos_estimados": 4
      },
      {
        "nombre": "Biotecnología y Herramientas Bioinformáticas",
        "descripcion": "Contenido introductorio y aplicado al campo de la asignatura.",
        "area": "ingeniería eléctrica/mecánica",
        "tipo": "profesional",
        "creditos_estimados": 4
      }
    ],
    "6": [
      {
        "nombre": "Genética Molecular",
        "descripcion": "Formación general y ética profesional.",
        "area": "formación general",
        "tipo": "básica",
        "creditos_estimados": 4
      },
      {
        "nombre": "Estadística II",
        "descripcion": "Herramientas estadísticas para el análisis y la toma de decisiones.",
        "area": "matemática y estadística",
        "tipo": "básica",
        "creditos_estimados": 4
      },
      {
        "nombre": "Biología de Hongos",
        "descripcion": "Contenido introductorio y aplicado al campo de la asignatura.",
        "area": "otras áreas",
        "tipo": "profesional",
        "creditos_estimados": 4
      },
      {
        "nombre": "Ecuaciones Diferenciales",
        "descripcion": "Contenido introductorio y aplicado al campo de la asignatura.",
        "area": "matemática y estadística",
        "tipo": "básica",
        "creditos_estimados": 4
      },
      {
        "nombre": "Soluciones Inspiradas en la Naturaleza",
        "descripcion": "Contenido introductorio y aplicado al campo de la asignatura.",
        "area": "otras áreas",
        "tipo": "profesional",
        "creditos_estimados": 4
      },
      {
        "nombre": "Pensamiento Sistémico",
        "descripcion": "Contenido introductorio y aplicado al campo de la asignatura.",
        "area": "otras áreas",
        "tipo": "profesional",
        "creditos_estimados": 4
      }
    ],
    "7": [
      {
        "nombre": "Seminario de Titulación",
        "descripcion": "Contenido introductorio y aplicado al campo de la asignatura.",
        "area": "otras áreas",
        "tipo": "investigación",
        "creditos_estimados": 3
      },
      {
        "nombre": "Asignatura 1 de Itinerario",
        "descripcion": "Contenido introductorio y aplicado al campo de la asignatura.",
        "area": "otras áreas",
        "tipo": "profesional",
        "creditos_estimados": 4
      },
      {
        "nombre": "Asignatura 2 de Itinerario",
        "descripcion": "Contenido introductorio y aplicado al campo de la asignatura.",
        "area": "otras áreas",
        "tipo": "profesional",
        "creditos_estimados": 4
      },
      {
        "nombre": "Biología Sintética",
        "descripcion": "Procesos biotecnológicos para aplicaciones industriales.",
        "area": "formación general",
        "tipo": "básica",
        "creditos_estimados": 4
      },
      {
        "nombre": "Fermentaciones Industriales",
        "descripcion": "Procesos biotecnológicos para aplicaciones industriales.",
        "area": "ingeniería de procesos",
        "tipo": "profesional",
        "creditos_estimados": 4
      },
      {
        "nombre": "Fundamentos de Procesos, Simulación y Control",
        "descripcion": "Contenido introductorio y aplicado al campo de la asignatura.",
        "area": "ingeniería de procesos",
        "tipo": "profesional",
        "creditos_estimados": 4
      }
    ],
    "8": [
      {
        "nombre": "Integración Curricular",
        "descripcion": "Contenido introductorio y aplicado al campo de la asignatura.",
        "area": "otras áreas",
        "tipo": "investigación",
        "creditos_estimados": 3
      },
      {
        "nombre": "Asignatura 3 de Itinerario",
        "descripcion": "Contenido introductorio y aplicado al campo de la asignatura.",
        "area": "otras áreas",
        "tipo": "profesional",
        "creditos_estimados": 4
      },
      {
        "nombre": "Asignatura 4 de Itinerario",
        "descripcion": "Contenido introductorio y aplicado al campo de la asignatura.",
        "area": "otras áreas",
        "tipo": "profesional",
        "creditos_estimados": 4
      },
      {
        "nombre": "Ingeniería de Procesos",
        "descripcion": "Contenido introductorio y aplicado al campo de la asignatura.",
        "area": "ingeniería de procesos",
        "tipo": "profesional",
        "creditos_estimados": 4
      },
      {
        "nombre": "Polímeros",
        "descripcion": "Contenido introductorio y aplicado al campo de la asignatura.",
        "area": "ingeniería de procesos",
        "tipo": "profesional",
        "creditos_estimados": 4
      },
      {
        "nombre": "Nanociencia y Nanotecnología",
        "descripcion": "Contenido introductorio y aplicado al campo de la asignatura.",
        "area": "ingeniería de procesos",
        "tipo": "profesional",
        "creditos_estimados": 4
      }
    ]
  }
}