{
  "universidad": "PUCE",
  "carrera": "Ingeniería Integral",
  "modalidad": "Presencial",
  "duracion_semestres": 9,
  "titulo": "Ingeniero/a Integral",
  "malla_curricular": {
    "1": [
      {
        "nombre": "Teoría de los Mecanismos",
        "descripcion": "Contenido introductorio y aplicado al campo de la asignatura.",
        "area": "otras áreas",
        "tipo": "profesional",
        "creditos_estimados": 4
      },
      {
        "nombre": "Matemática I",
        "descripcion": "Fundamentos matemáticos aplicados a problemas de ingeniería.",
        "area": "matemática y estadística",
        "tipo": "básica",
        "creditos_estimados": 5
      },
      {
        "nombre": "Electromagnetismo",
        "descripcion": "Contenido introductorio y aplicado al campo de la asignatura.",
        "area": "ciencias básicas",
        "tipo": "básica",
        "creditos_estimados": 4
      },
      {
        "nombre": "Humanidades I",
        "descripcion": "Formación general y ética profesional.",
        "area": "formación general",
        "tipo": "básica",
        "creditos_estimados": 4
      },
      {
        "nombre": "PDD – Pedagogía de la Decisión I",
        "descripcion": "Contenido introductorio y aplicado al campo de la asignatura.",
        "area": "otras áreas",
        "tipo": "profesional",
        "creditos_estimados": 4
      },
      {
        "nombre": "Pedagogía de Proyecto - Análisis Dron",
        "descripcion": "Planificación, ejecución y control de proyectos de ingeniería.",
        "area": "gestión de proyectos",
        "tipo": "profesional",
        "creditos_estimados": 4
      },
      {
        "nombre": "Aprendizaje Basado en Problemas",
        "descripcion": "Contenido introductorio y aplicado al campo de la asignatura.",
        "area": "otras áreas",
        "tipo": "profesional",
        "creditos_estimados": 4
      }
    ],
    "2": [
      {
        "nombre": "Resistencia de Estructuras",
        "descripcion": "Diseño y análisis de estructuras en diferentes materiales.",
        "area": "ingeniería civil",
        "tipo": "profesional",
        "creditos_estimados": 5
      },
      {
        "nombre": "Matemáticas II",
        "descripcion": "Fundamentos matemáticos aplicados a problemas de ingeniería.",
        "area": "matemática y estadística",
        "tipo": "básica",
        "creditos_estimados": 5
      },
      {
        "nombre": "Óptica",
        "descripcion": "Contenido introductorio y aplicado al campo de la asignatura.",
        "area": "ciencias básicas",
        "tipo": "básica",
        "creditos_estimados": 4
      },
      {
        "nombre": "Descubrimiento de Empresas",
        "descripcion": "Contenido introductorio y aplicado al campo de la asignatura.",
        "area": "otras áreas",
        "tipo": "profesional",
        "creditos_estimados": 4
      },
      {
        "nombre": "Humanidades II",
        "descripcion": "Formación general y ética profesional.",
        "area": "formación general",
        "tipo": "básica",
        "creditos_estimados": 4
      },
      {
        "nombre": "PDD – Pedagogía de la Decisión II",
        "descripcion": "Contenido introductorio y aplicado al campo de la asignatura.",
        "area": "otras áreas",
        "tipo": "profesional",
        "creditos_estimados": 4
      },
      {
        "nombre": "Pedagogía de Proyecto - Optimización del Dron",
        "descripcion": "Planificación, ejecución y control de proyectos de ingeniería.",
        "area": "gestión de proyectos",
        "tipo": "profesional",
        "creditos_estimados": 4
      },
      {
        "nombre": "Aprendizaje Basado en Problemas – PBL B",
        "descripcion": "Contenido introductorio y aplicado al campo de la asignatura.",
        "area": "otras áreas",
        "tipo": "profesional",
        "creditos_estimados": 4
      },
      {
        "nombre": "Prácticas Preprofesionales I",
        "descripcion": "Sesiones prácticas para consolidar competencias técnicas.",
        "area": "otras áreas",
        "tipo": "laboratorio",
        "creditos_estimados": 2
      }
    ],
    "3": [
      {
        "nombre": "Resistencia de Estructuras",
        "descripcion": "Diseño y análisis de estructuras en diferentes materiales.",
        "area": "ingeniería civil",
        "tipo": "profesional",
        "creditos_estimados": 5
      },
      {
        "nombre": "Matemáticas III",
        "descripcion": "Fundamentos matemáticos aplicados a problemas de ingeniería.",
        "area": "matemática y estadística",
        "tipo": "básica",
        "creditos_estimados": 5
      },
      {
        "nombre": "Electrónica Analógica",
        "descripcion": "Contenido introductorio y aplicado al campo de la asignatura.",
        "area": "ingeniería eléctrica/mecánica",
        "tipo": "profesional",
        "creditos_estimados": 4
      },
      {
        "nombre": "Mecánica de Fluidos y Polímeros",
        "descripcion": "Contenido introductorio y aplicado al campo de la asignatura.",
        "area": "ciencias básicas",
        "tipo": "básica",
        "creditos_estimados": 4
      },
      {
        "nombre": "Humanidades III",
        "descripcion": "Formación general y ética profesional.",
        "area": "formación general",
        "tipo": "básica",
        "creditos_estimados": 4
      },
      {
        "nombre": "PDD – Pedagogía de la Decisión III",
        "descripcion": "Contenido introductorio y aplicado al campo de la asignatura.",
        "area": "otras áreas",
        "tipo": "profesional",
        "creditos_estimados": 4
      },
      {
        "nombre": "Pedagogía de Proyecto - Conceptualización del Dron",
        "descripcion": "Planificación, ejecución y control de proyectos de ingeniería.",
        "area": "gestión de proyectos",
        "tipo": "profesional",
        "creditos_estimados": 4
      },
      {
        "nombre": "Aprendizaje Basado en Problemas – PBL C",
        "descripcion": "Contenido introductorio y aplicado al campo de la asignatura.",
        "area": "otras áreas",
        "tipo": "profesional",
        "creditos_estimados": 4
      },
      {
        "nombre": "Prácticas Preprofesionales II",
        "descripcion": "Sesiones prácticas para consolidar competencias técnicas.",
        "area": "otras áreas",
        "tipo": "laboratorio",
        "creditos_estimados": 2
      }
    ],
    "4": [
      {
        "nombre": "Técnicas de Manufactura",
        "descripcion": "Contenido introductorio y aplicado al campo de la asignatura.",
        "area": "otras áreas",
        "tipo": "profesional",
        "creditos_estimados": 4
      },
      {
        "nombre": "Electrónica de Potencia I",
        "descripcion": "Contenido introductorio y aplicado al campo de la asignatura.",
        "area": "ingeniería eléctrica/mecánica",
        "tipo": "profesional",
        "creditos_estimados": 4
      },
      {
        "nombre": "Microestructura de Materiales",
        "descripcion": "Contenido introductorio y aplicado al campo de la asignatura.",
        "area": "otras áreas",
        "tipo": "profesional",
        "creditos_estimados": 4
      },
      {
        "nombre": "Industrialización",
        "descripcion": "Contenido introductorio y aplicado al campo de la asignatura.",
        "area": "otras áreas",
        "tipo": "profesional",
        "creditos_estimados": 4
      },
      {
        "nombre": "Humanidades V",
        "descripcion": "Formación general y ética profesional.",
        "area": "formación general",
        "tipo": "básica",
        "creditos_estimados": 4
      },
      {
        "nombre": "PDD – Pedagogía de la Decisión V",
        "descripcion": "Contenido introductorio y aplicado al campo de la asignatura.",
        "area": "otras áreas",
        "tipo": "profesional",
        "creditos_estimados": 4
      },
      {
        "nombre": "Pedagogía de Proyecto – Construcción del Bote Dron I",
        "descripcion": "Planificación, ejecución y control de proyectos de ingeniería.",
        "area": "gestión de proyectos",
        "tipo": "profesional",
        "creditos_estimados": 4
      },
      {
        "nombre": "Aprendizaje Basado en Problemas – PBL E",
        "descripcion": "Contenido introductorio y aplicado al campo de la asignatura.",
        "area": "otras áreas",
        "tipo": "profesional",
        "creditos_estimados": 4
      }
    ],
    "5": [
      {
        "nombre": "Electrónica Digital",
        "descripcion": "Contenido introductorio y aplicado al campo de la asignatura.",
        "area": "ingeniería eléctrica/mecánica",
        "tipo": "profesional",
        "creditos_estimados": 4
      },
      {
        "nombre": "Polímeros – Máquinas Térmicas",
        "descripcion": "Contenido introductorio y aplicado al campo de la asignatura.",
        "area": "ingeniería de procesos",
        "tipo": "profesional",
        "creditos_estimados": 4
      },
      {
        "nombre": "Humanidades IV",
        "descripcion": "Formación general y ética profesional.",
        "area": "formación general",
        "tipo": "básica",
        "creditos_estimados": 4
      },
      {
        "nombre": "PDD – Pedagogía de la Decisión IV",
        "descripcion": "Contenido introductorio y aplicado al campo de la asignatura.",
        "area": "otras áreas",
        "tipo": "profesional",
        "creditos_estimados": 4
      },
      {
        "nombre": "Pedagogía de Proyecto – Diseño del Bote Dron",
        "descripcion": "Planificación, ejecución y control de proyectos de ingeniería.",
        "area": "gestión de proyectos",
        "tipo": "profesional",
        "creditos_estimados": 4
      },
      {
        "nombre": "Aprendizaje Basado en Problemas – PBL D",
        "descripcion": "Contenido introductorio y aplicado al campo de la asignatura.",
        "area": "otras áreas",
        "tipo": "profesional",
        "creditos_estimados": 4
      },
      {
        "nombre": "Prácticas Preprofesionales III",
        "descripcion": "Sesiones prácticas para consolidar competencias técnicas.",
        "area": "otras áreas",
        "tipo": "laboratorio",
        "creditos_estimados": 2
      }
    ],
    "6": [
      {
        "nombre": "Elasticidad y Elementos Finitos",
        "descripcion": "Contenido introductorio y aplicado al campo de la asignatura.",
        "area": "ingeniería eléctrica/mecánica",
        "tipo": "profesional",
        "creditos_estimados": 4
      },
      {
        "nombre": "Electrónica de Potencia II",
        "descripcion": "Contenido introductorio y aplicado al campo de la asignatura.",
        "area": "ingeniería eléctrica/mecánica",
        "tipo": "profesional",
        "creditos_estimados": 4
      },
      {
        "nombre": "Estructuras de Relación – Propiedades y Procesos",
        "descripcion": "Diseño y análisis de estructuras en diferentes materiales.",
        "area": "ingeniería civil",
        "tipo": "profesional",
        "creditos_estimados": 5
      },
      {
        "nombre": "Métodos y Calidad",
        "descripcion": "Contenido introductorio y aplicado al campo de la asignatura.",
        "area": "otras áreas",
        "tipo": "profesional",
        "creditos_estimados": 4
      },
      {
        "nombre": "Humanidades VI",
        "descripcion": "Formación general y ética profesional.",
        "area": "formación general",
        "tipo": "básica",
        "creditos_estimados": 4
      },
      {
        "nombre": "PDD – Pedagogía de la Decisión VI",
        "descripcion": "Contenido introductorio y aplicado al campo de la asignatura.",
        "area": "otras áreas",
        "tipo": "profesional",
        "creditos_estimados": 4
      },
      {
        "nombre": "Pedagogía de Proyecto – Construcción Bote Dron II",
        "descripcion": "Planificación, ejecución y control de proyectos de ingeniería.",
        "area": "gestión de proyectos",
        "tipo": "profesional",
        "creditos_estimados": 4
      },
      {
        "nombre": "Aprendizaje Basado en Problemas – PBL F",
        "descripcion": "Contenido introductorio y aplicado al campo de la asignatura.",
        "area": "otras áreas",
        "tipo": "profesional",
        "creditos_estimados": 4
      },
      {
        "nombre": "Prácticas Preprofesionales IV",
        "descripcion": "Sesiones prácticas para consolidar competencias técnicas.",
        "area": "otras áreas",
        "tipo": "laboratorio",
        "creditos_estimados": 2
      }
    ],
    "7": [
      {
        "nombre": "IoT y Ciberseguridad",
        "descripcion": "Contenido introductorio y aplicado al campo de la asignatura.",
        "area": "ingeniería eléctrica/mecánica",
        "tipo": "profesional",
        "creditos_estimados": 4
      },
      {
        "nombre": "Materiales de Construcción – Transferencias Térmicas",
        "descripcion": "Contenido introductorio y aplicado al campo de la asignatura.",
        "area": "otras áreas",
        "tipo": "profesional",
        "creditos_estimados": 4
      },
      {
        "nombre": "Enfoque de Sistemas",
        "descripcion": "Contenido introductorio y aplicado al campo de la asignatura.",
        "area": "otras áreas",
        "tipo": "profesional",
        "creditos_estimados": 4
      },
      {
        "nombre": "Humanidades VII",
        "descripcion": "Formación general y ética profesional.",
        "area": "formación general",
        "tipo": "básica",
        "creditos_estimados": 4
      },
      {
        "nombre": "PDD – Pedagogía de la Decisión VII",
        "descripcion": "Contenido introductorio y aplicado al campo de la asignatura.",
        "area": "otras áreas",
        "tipo": "profesional",
        "creditos_estimados": 4
      },
      {
        "nombre": "Pedagogía de Proyecto – Proyecto Domótico",
        "descripcion": "Planificación, ejecución y control de proyectos de ingeniería.",
        "area": "gestión de proyectos",
        "tipo": "profesional",
        "creditos_estimados": 4
      },
      {
        "nombre": "Aprendizaje Basado en Problemas – PBL G",
        "descripcion": "Contenido introductorio y aplicado al campo de la asignatura.",
        "area": "otras áreas",
        "tipo": "profesional",
        "creditos_estimados": 4
      }
    ],
    "8": [
      {
        "nombre": "Dimensionamiento de Estructuras",
        "descripcion": "Diseño y análisis de estructuras en diferentes materiales.",
        "area": "ingeniería civil",
        "tipo": "profesional",
        "creditos_estimados": 5
      },
      {
        "nombre": "Red Inteligente, Microcontroladores y Automatización",
        "descripcion": "Contenido introductorio y aplicado al campo de la asignatura.",
        "area": "ingeniería de procesos",
        "tipo": "profesional",
        "creditos_estimados": 4
      },
      {
        "nombre": "Transferencias Térmicas – Reciclaje de Materiales",
        "descripcion": "Contenido introductorio y aplicado al campo de la asignatura.",
        "area": "otras áreas",
        "tipo": "profesional",
        "creditos_estimados": 4
      },
      {
        "nombre": "Ley de Contratos Internacionales",
        "descripcion": "Contenido introductorio y aplicado al campo de la asignatura.",
        "area": "economía y derecho",
        "tipo": "profesional",
        "creditos_estimados": 4
      },
      {
        "nombre": "Humanidades VIII",
        "descripcion": "Formación general y ética profesional.",
        "area": "formación general",
        "tipo": "básica",
        "creditos_estimados": 4
      },
      {
        "nombre": "PDD – Pedagogía de la Decisión VIII",
        "descripcion": "Contenido introductorio y aplicado al campo de la asignatura.",
        "area": "otras áreas",
        "tipo": "profesional",
        "creditos_estimados": 4
      },
      {
        "nombre": "Pedagogía de Proyecto – Integración de Proyecto",
        "descripcion": "Planificación, ejecución y control de proyectos de ingeniería.",
        "area": "gestión de proyectos",
        "tipo": "profesional",
        "creditos_estimados": 4
      },
      {
        "nombre": "Aprendizaje Basado en Problemas – PBL H",
        "descripcion": "Contenido introductorio y aplicado al campo de la asignatura.",
        "area": "otras áreas",
        "tipo": "profesional",
        "creditos_estimados": 4
      },
      {
        "nombre": "Prácticas de Servicio Comunitario",
        "descripcion": "Sesiones prácticas para consolidar competencias técnicas.",
        "area": "formación general",
        "tipo": "laboratorio",
        "creditos_estimados": 2
      }
    ],
    "9": [
      {
        "nombre": "Vibración Estructural",
        "descripcion": "Contenido introductorio y aplicado al campo de la asignatura.",
        "area": "ingeniería eléctrica/mecánica",
        "tipo": "profesional",
        "creditos_estimados": 4
      },
      {
        "nombre": "Simulación Numérica",
        "descripcion": "Contenido introductorio y aplicado al campo de la asignatura.",
        "area": "ingeniería de procesos",
        "tipo": "profesional",
        "creditos_estimados": 4
      },
      {
        "nombre": "Control y Dominio de Procesos Industriales",
        "descripcion": "Contenido introductorio y aplicado al campo de la asignatura.",
        "area": "ingeniería de procesos",
        "tipo": "profesional",
        "creditos_estimados": 4
      },
      {
        "nombre": "Gestión Financiera y Derecho en Gestión Industrial",
        "descripcion": "Planificación, ejecución y control de proyectos de ingeniería.",
        "area": "gestión de proyectos",
        "tipo": "profesional",
        "creditos_estimados": 4
      },
      {
        "nombre": "PDD – Pedagogía de la Decisión – Proyecto Profesional y Vida",
        "descripcion": "Planificación, ejecución y control de proyectos de ingeniería.",
        "area": "gestión de proyectos",
        "tipo": "profesional",
        "creditos_estimados": 4
      },
      {
        "nombre": "Unidad de Integración Curricular – Proyecto de Creación",
        "descripcion": "Planificación, ejecución y control de proyectos de ingeniería.",
        "area": "gestión de proyectos",
        "tipo": "investigación",
        "creditos_estimados": 3
      },
      {
        "nombre": "Experimentación Profesional V",
        "descripcion": "Sesiones prácticas para consolidar competencias técnicas.",
        "area": "otras áreas",
        "tipo": "laboratorio",
        "creditos_estimados": 2
      }
    ]
  }
}