{
  "universidad": "PUCE",
  "carrera": "Ingeniería en Sistemas de Información",
  "modalidad": "Presencial",
  "duracion_semestres": 8,
  "titulo": "Ingeniero/a en Sistemas de Información",
  "malla_curricular": {
    "1": [
      {
        "nombre": "Conocimiento, Palabra y Cambio Social",
        "descripcion": "Formación general y ética profesional.",
        "area": "formación general",
        "tipo": "básica",
        "creditos_estimados": 4
      },
      {
        "nombre": "Cálculo I",
        "descripcion": "Fundamentos matemáticos aplicados a problemas de ingeniería.",
        "area": "matemática y estadística",
        "tipo": "básica",
        "creditos_estimados": 5
      },
      {
        "nombre": "Física General",
        "descripcion": "Conceptos de física relevantes para el análisis de sistemas y estructuras.",
        "area": "ciencias básicas",
        "tipo": "básica",
        "creditos_estimados": 5
      },
      {
        "nombre": "Pensamiento Computacional",
        "descripcion": "Introducción al diseño y desarrollo de soluciones computacionales.",
        "area": "computación",
        "tipo": "profesional",
        "creditos_estimados": 4
      },
      {
        "nombre": "Innovación y Creatividad",
        "descripcion": "Contenido introductorio y aplicado al campo de la asignatura.",
        "area": "formación general",
        "tipo": "básica",
        "creditos_estimados": 4
      },
      {
        "nombre": "Técnicas Gráficas y Geométricas",
        "descripcion": "Contenido introductorio y aplicado al campo de la asignatura.",
        "area": "otras áreas",
        "tipo": "profesional",
        "creditos_estimados": 4
      }
    ],
    "2": [
      {
        "nombre": "Fundamentos de Investigación",
        "descripcion": "Contenido introductorio y aplicado al campo de la asignatura.",
        "area": "otras áreas",
        "tipo": "investigación",
        "creditos_estimados": 4
      },
      {
        "nombre": "Cálculo II",
        "descripcion": "Fundamentos matemáticos aplicados a problemas de ingeniería.",
        "area": "matemática y estadística",
        "tipo": "básica",
        "creditos_estimados": 5
      },
      {
        "nombre": "Estadística Aplicada",
        "descripcion": "Herramientas estadísticas para el análisis y la toma de decisiones.",
        "area": "matemática y estadística",
        "tipo": "básica",
        "creditos_estimados": 4
      },
      {
        "nombre": "Programación I",
        "descripcion": "Introducción al diseño y desarrollo de soluciones computacionales.",
        "area": "computación",
        "tipo": "profesional",
        "creditos_estimados": 4
      },
      {
        "nombre": "Ciencia de los Materiales: Propiedades, Procesos y Ciclos",
        "descripcion": "Contenido introductorio y aplicado al campo de la asignatura.",
        "area": "ingeniería de procesos",
        "tipo": "profesional",
        "creditos_estimados": 4
      },
      {
        "nombre": "Álgebra Lineal y Geometría Analítica",
        "descripcion": "Fundamentos matemáticos aplicados a problemas de ingeniería.",
        "area": "matemática y estadística",
        "tipo": "básica",
        "creditos_estimados": 5
      }
    ],
    "3": [
      {
        "nombre": "Jesucristo y Aprendizajes Vitales",
        "descripcion": "Formación general y ética profesional.",
        "area": "formación general",
        "tipo": "básica",
        "creditos_estimados": 4
      },
      {
        "nombre": "Ingeniería de Requerimientos",
        "descripcion": "Contenido introductorio y aplicado al campo de la asignatura.",
        "area": "otras áreas",
        "tipo": "profesional",
        "creditos_estimados": 4
      },
      {
        "nombre": "Programación II",
        "descripcion": "Introducción al diseño y desarrollo de soluciones computacionales.",
        "area": "computación",
        "tipo": "profesional",
        "creditos_estimados": 4
      },
      {
        "nombre": "Cálculo de Predicados",
        "descripcion": "Fundamentos matemáticos aplicados a problemas de ingeniería.",
        "area": "matemática y estadística",
        "tipo": "básica",
        "creditos_estimados": 5
      },
      {
        "nombre": "Sistemas Operativos",
        "descripcion": "Gestión de recursos y procesos en sistemas operativos modernos.",
        "area": "computación",
        "tipo": "profesional",
        "creditos_estimados": 4
      },
      {
        "nombre": "Redes de Computadoras",
        "descripcion": "Fundamentos de redes y comunicación de datos.",
        "area": "computación",
        "tipo": "profesional",
        "creditos_estimados": 4
      }
    ],
    "4": [
      {
        "nombre": "Fundamentos de Sistemas de Información",
        "descripcion": "Contenido introductorio y aplicado al campo de la asignatura.",
        "area": "otras áreas",
        "tipo": "profesional",
        "creditos_estimados": 4
      },
      {
        "nombre": "Diseño de Sistemas",
        "descripcion": "Contenido introductorio y aplicado al campo de la asignatura.",
        "area": "diseño/arquitectura",
        "tipo": "profesional",
        "creditos_estimados": 4
      },
      {
        "nombre": "Programación III",
        "descripcion": "Introducción al diseño y desarrollo de soluciones computacionales.",
        "area": "computación",
        "tipo": "profesional",
        "creditos_estimados": 4
      },
      {
        "nombre": "Programación IV",
        "descripcion": "Introducción al diseño y desarrollo de soluciones computacionales.",
        "area": "computación",
        "tipo": "profesional",
        "creditos_estimados": 4
      },
      {
        "nombre": "Bases de Datos I",
        "descripcion": "Modelado, consulta y administración de bases de datos.",
        "area": "computación",
        "tipo": "profesional",
        "creditos_estimados": 5
      },
      {
        "nombre": "Infraestructura",
        "descripcion": "Contenido introductorio y aplicado al campo de la asignatura.",
        "area": "computación",
        "tipo": "profesional",
        "creditos_estimados": 4
      }
    ],
    "5": [
      {
        "nombre": "Ética e Interculturalidad",
        "descripcion": "Formación general y ética profesional.",
        "area": "formación general",
        "tipo": "básica",
        "creditos_estimados": 4
      },
      {
        "nombre": "Interacción Humano-Computadora",
        "descripcion": "Contenido introductorio y aplicado al campo de la asignatura.",
        "area": "otras áreas",
        "tipo": "profesional",
        "creditos_estimados": 4
      },
      {
        "nombre": "Desarrollo en Plataformas",
        "descripcion": "Contenido introductorio y aplicado al campo de la asignatura.",
        "area": "otras áreas",
        "tipo": "profesional",
        "creditos_estimados": 4
      },
      {
        "nombre": "Ingeniería de Software",
        "descripcion": "Contenido introductorio y aplicado al campo de la asignatura.",
        "area": "otras áreas",
        "tipo": "profesional",
        "creditos_estimados": 4
      },
      {
        "nombre": "Bases de Datos II",
        "descripcion": "Modelado, consulta y administración de bases de datos.",
        "area": "computación",
        "tipo": "profesional",
        "creditos_estimados": 5
      },
      {
        "nombre": "Arquitectura Empresarial",
        "descripcion": "Contenido introductorio y aplicado al campo de la asignatura.",
        "area": "diseño/arquitectura",
        "tipo": "profesional",
        "creditos_estimados": 4
      }
    ],
    "6": [
      {
        "nombre": "Ecología Integral",
        "descripcion": "Contenido introductorio y aplicado al campo de la asignatura.",
        "area": "formación general",
        "tipo": "básica",
        "creditos_estimados": 4
      },
      {
        "nombre": "Desarrollo de Software Seguro",
        "descripcion": "Contenido introductorio y aplicado al campo de la asignatura.",
        "area": "otras áreas",
        "tipo": "profesional",
        "creditos_estimados": 4
      },
      {
        "nombre": "Integración de Sistemas",
        "descripcion": "Contenido introductorio y aplicado al campo de la asignatura.",
        "area": "otras áreas",
        "tipo": "profesional",
        "creditos_estimados": 4
      },
      {
        "nombre": "Programación Móvil",
        "descripcion": "Introducción al diseño y desarrollo de soluciones computacionales.",
        "area": "computación",
        "tipo": "profesional",
        "creditos_estimados": 4
      },
      {
        "nombre": "Inteligencia Artificial",
        "descripcion": "Conceptos básicos de IA y sus aplicaciones prácticas.",
        "area": "computación",
        "tipo": "profesional",
        "creditos_estimados": 4
      },
      {
        "nombre": "Emprendimiento Tecnológico",
        "descripcion": "Contenido introductorio y aplicado al campo de la asignatura.",
        "area": "otras áreas",
        "tipo": "profesional",
        "creditos_estimados": 4
      }
    ],
    "7": [
      {
        "nombre": "Seminario de Titulación",
        "descripcion": "Contenido introductorio y aplicado al campo de la asignatura.",
        "area": "otras áreas",
        "tipo": "investigación",
        "creditos_estimados": 3
      },
      {
        "nombre": "Asignatura 1 de Itinerario",
        "descripcion": "Contenido introductorio y aplicado al campo de la asignatura.",
        "area": "otras áreas",
        "tipo": "profesional",
        "creditos_estimados": 4
      },
      {
        "nombre": "Asignatura 2 de Itinerario",
        "descripcion": "Contenido introductorio y aplicado al campo de la asignatura.",
        "area": "otras áreas",
        "tipo": "profesional",
        "creditos_estimados": 4
      },
      {
        "nombre": "Inteligencia de Negocios",
        "descripcion": "Contenido introductorio y aplicado al campo de la asignatura.",
        "area": "otras áreas",
        "tipo": "profesional",
        "creditos_estimados": 4
      },
      {
        "nombre": "Ciencia de Datos",
        "descripcion": "Contenido introductorio y aplicado al campo de la asignatura.",
        "area": "otras áreas",
        "tipo": "profesional",
        "creditos_estimados": 4
      },
      {
        "nombre": "Diseño y Evaluación de Proyectos",
        "descripcion": "Planificación, ejecución y control de proyectos de ingeniería.",
        "area": "gestión de proyectos",
        "tipo": "profesional",
        "creditos_estimados": 4
      }
    ],
    "8": [
      {
        "nombre": "Integración Curricular",
        "descripcion": "Contenido introductorio y aplicado al campo de la asignatura.",
        "area": "otras áreas",
        "tipo": "investigación",
        "creditos_estimados": 3
      },
      {
        "nombre": "Asignatura 3 de Itinerario",
        "descripcion": "Contenido introductorio y aplicado al campo de la asignatura.",
        "area": "otras áreas",
        "tipo": "profesional",
        "creditos_estimados": 4
      },
      {
        "nombre": "Asignatura 4 de Itinerario",
        "descripcion": "Contenido introductorio y aplicado al campo de la asignatura.",
        "area": "otras áreas",
        "tipo": "profesional",
        "creditos_estimados": 4
      },
      {
        "nombre": "Desarrollo en Contenedores",
        "descripcion": "Contenido introductorio y aplicado al campo de la asignatura.",
        "area": "computación",
        "tipo": "profesional",
        "creditos_estimados": 4
      },
      {
        "nombre": "Big Data",
        "descripcion": "Procesamiento y análisis de grandes volúmenes de datos.",
        "area": "computación",
        "tipo": "profesional",
        "creditos_estimados": 4
      },
      {
        "nombre": "Minería de Datos y Metodologías",
        "descripcion": "Procesamiento y análisis de grandes volúmenes de datos.",
        "area": "computación",
        "tipo": "profesional",
        "creditos_estimados": 4
      }
    ]
  }
}