{
  "universidad": "Universidad San Francisco de Quito (USFQ)",
  "carrera": "Ingeniería Electrónica y Automatización / Electronics Engineering",
  "modalidad": "Presencial",
  "duracion_semestres": 9,
  "titulo": "Ingeniero/a en Electrónica y Automatización",
  "malla_curricular": {
    "1": [
      {
        "nombre": "Escritura Académica",
        "descripcion": "Curso de redacción académica y técnica en contextos científicos.",
        "area": "comunicación académica",
        "tipo": "formación general",
        "creditos_estimados": 3
      },
      {
        "nombre": "Cálculo Diferencial + Ejercicios",
        "descripcion": "Fundamentos del cálculo diferencial aplicado a problemas de ingeniería.",
        "area": "matemática y estadística",
        "tipo": "básica",
        "creditos_estimados": 3
      },
      {
        "nombre": "Taller de Ingeniería Electrónica",
        "descripcion": "Introducción a la ingeniería electrónica, herramientas y aplicaciones básicas.",
        "area": "ingeniería electrónica",
        "tipo": "profesional",
        "creditos_estimados": 3
      },
      {
        "nombre": "Química General I + Laboratorio",
        "descripcion": "Conceptos de química general con énfasis en materiales eléctricos y procesos.",
        "area": "ciencias básicas",
        "tipo": "básica",
        "creditos_estimados": 3
      },
      {
        "nombre": "Autoconocimiento",
        "descripcion": "Desarrollo personal y profesional mediante reflexión ética y emocional.",
        "area": "formación humanística",
        "tipo": "formación general",
        "creditos_estimados": 3
      }
    ],
    "2": [
      {
        "nombre": "Cálculo Integral + Ejercicios",
        "descripcion": "Integrales definidas e indefinidas aplicadas a señales y circuitos eléctricos.",
        "area": "matemática",
        "tipo": "básica",
        "creditos_estimados": 3
      },
      {
        "nombre": "Introducción a la Economía",
        "descripcion": "Conceptos económicos aplicados a la industria tecnológica y la automatización.",
        "area": "gestión y economía",
        "tipo": "formación complementaria",
        "creditos_estimados": 3
      },
      {
        "nombre": "Álgebra Lineal I + Ejercicios",
        "descripcion": "Vectores, matrices y sistemas lineales aplicados al análisis de circuitos.",
        "area": "matemática",
        "tipo": "básica",
        "creditos_estimados": 3
      },
      {
        "nombre": "Cosmos",
        "descripcion": "Curso filosófico sobre la relación entre el ser humano y el universo.",
        "area": "formación humanística",
        "tipo": "formación general",
        "creditos_estimados": 3
      },
      {
        "nombre": "Humanidades: Literatura, Filosofía o Historia del Arte",
        "descripcion": "Curso de formación cultural en el ámbito de las humanidades.",
        "area": "formación humanística",
        "tipo": "optativa",
        "creditos_estimados": 3
      }
    ],
    "3": [
      {
        "nombre": "Ecuaciones Diferenciales",
        "descripcion": "Modelado matemático de sistemas eléctricos y de control mediante ecuaciones diferenciales.",
        "area": "matemática aplicada",
        "tipo": "básica",
        "creditos_estimados": 3
      },
      {
        "nombre": "Física para Ingenieros I + Laboratorio",
        "descripcion": "Fundamentos de mecánica, energía y movimiento aplicados a sistemas electrónicos.",
        "area": "física aplicada",
        "tipo": "básica",
        "creditos_estimados": 3
      },
      {
        "nombre": "Ser y Cosmos",
        "descripcion": "Reflexión sobre la existencia humana, ética y conocimiento científico.",
        "area": "formación humanística",
        "tipo": "formación general",
        "creditos_estimados": 3
      },
      {
        "nombre": "Cálculo Vectorial",
        "descripcion": "Aplicación de campos vectoriales en electromagnetismo y circuitos.",
        "area": "matemática avanzada",
        "tipo": "básica",
        "creditos_estimados": 3
      },
      {
        "nombre": "Arte: Arte, Música, Danza o Teatro",
        "descripcion": "Expresión artística como parte del desarrollo integral del ingeniero.",
        "area": "formación general",
        "tipo": "optativa",
        "creditos_estimados": 3
      }
    ],
    "4": [
      {
        "nombre": "Programación en C++ + Ejercicios",
        "descripcion": "Fundamentos de programación orientada a objetos aplicados al control electrónico.",
        "area": "programación y software",
        "tipo": "profesional",
        "creditos_estimados": 3
      },
      {
        "nombre": "Teoría Electromagnética + Laboratorio",
        "descripcion": "Estudio de los campos eléctricos y magnéticos aplicados a sistemas electrónicos.",
        "area": "electromagnetismo",
        "tipo": "profesional",
        "creditos_estimados": 3
      },
      {
        "nombre": "Física para Ingenieros II + Laboratorio",
        "descripcion": "Electricidad y magnetismo aplicados a la ingeniería electrónica.",
        "area": "física aplicada",
        "tipo": "básica",
        "creditos_estimados": 3
      },
      {
        "nombre": "Aprendizaje y Servicio PASEC",
        "descripcion": "Práctica comunitaria orientada a proyectos de tecnología y automatización.",
        "area": "formación práctica",
        "tipo": "comunitaria",
        "creditos_estimados": 3
      },
      {
        "nombre": "Señales y Sistemas + Laboratorio",
        "descripcion": "Análisis y procesamiento de señales continuas y discretas.",
        "area": "procesamiento de señales",
        "tipo": "profesional",
        "creditos_estimados": 3
      }
    ],
    "5": [
      {
        "nombre": "Circuitos Eléctricos + Laboratorio",
        "descripcion": "Análisis de circuitos eléctricos de corriente continua y alterna.",
        "area": "electrónica básica",
        "tipo": "profesional",
        "creditos_estimados": 3
      },
      {
        "nombre": "Emprendimiento",
        "descripcion": "Desarrollo de proyectos innovadores en electrónica y automatización.",
        "area": "gestión e innovación",
        "tipo": "formación complementaria",
        "creditos_estimados": 3
      },
      {
        "nombre": "Física de Semiconductores + Laboratorio",
        "descripcion": "Estudio de materiales semiconductores y su aplicación en circuitos integrados.",
        "area": "electrónica",
        "tipo": "profesional",
        "creditos_estimados": 3
      },
      {
        "nombre": "Procesos Aleatorios y Estadística",
        "descripcion": "Modelos probabilísticos y estadísticos aplicados a sistemas electrónicos.",
        "area": "matemática aplicada",
        "tipo": "profesional",
        "creditos_estimados": 3
      },
      {
        "nombre": "Ciencias Sociales",
        "descripcion": "Curso electivo en historia, política o sociología.",
        "area": "formación humanística",
        "tipo": "optativa",
        "creditos_estimados": 3
      }
    ],
    "6": [
      {
        "nombre": "Cultura Gastronómica",
        "descripcion": "Seminario de cultura ecuatoriana y su relación con la sostenibilidad.",
        "area": "formación general",
        "tipo": "formación complementaria",
        "creditos_estimados": 1
      },
      {
        "nombre": "Teoría de Comunicaciones + Laboratorio",
        "descripcion": "Principios de transmisión y modulación de señales electrónicas.",
        "area": "telecomunicaciones",
        "tipo": "profesional",
        "creditos_estimados": 3
      },
      {
        "nombre": "Ondas Electromagnéticas + Laboratorio",
        "descripcion": "Análisis de ondas, propagación y radiación electromagnética.",
        "area": "electromagnetismo",
        "tipo": "profesional",
        "creditos_estimados": 3
      },
      {
        "nombre": "Electrónica I + Laboratorio",
        "descripcion": "Diseño y análisis de circuitos electrónicos con componentes activos.",
        "area": "electrónica",
        "tipo": "profesional",
        "creditos_estimados": 3
      },
      {
        "nombre": "Semiconductores + Laboratorio",
        "descripcion": "Comportamiento de dispositivos semiconductores y sus aplicaciones prácticas.",
        "area": "electrónica",
        "tipo": "profesional",
        "creditos_estimados": 3
      },
      {
        "nombre": "Electiva Libre I",
        "descripcion": "Asignatura de libre elección para complementar la formación técnica.",
        "area": "optativa",
        "tipo": "electiva",
        "creditos_estimados": 3
      }
    ],
    "7": [
      {
        "nombre": "Procesamiento de Señales Digitales",
        "descripcion": "Transformadas y técnicas de procesamiento digital de señales.",
        "area": "procesamiento digital",
        "tipo": "profesional",
        "creditos_estimados": 3
      },
      {
        "nombre": "Instalaciones Eléctricas",
        "descripcion": "Diseño y seguridad de instalaciones eléctricas industriales y residenciales.",
        "area": "electrotecnia",
        "tipo": "profesional",
        "creditos_estimados": 3
      },
      {
        "nombre": "Electrónica II + Laboratorio",
        "descripcion": "Diseño avanzado de amplificadores y sistemas electrónicos complejos.",
        "area": "electrónica avanzada",
        "tipo": "profesional",
        "creditos_estimados": 3
      },
      {
        "nombre": "Control de Procesos + Laboratorio",
        "descripcion": "Diseño e implementación de sistemas automáticos de control industrial.",
        "area": "automatización y control",
        "tipo": "profesional",
        "creditos_estimados": 3
      },
      {
        "nombre": "Optativa I",
        "descripcion": "Curso especializado en un área de interés del estudiante.",
        "area": "optativa profesional",
        "tipo": "electiva",
        "creditos_estimados": 3
      }
    ],
    "8": [
      {
        "nombre": "Deportes",
        "descripcion": "Actividad física o deportiva obligatoria para el bienestar integral.",
        "area": "formación general",
        "tipo": "formación complementaria",
        "creditos_estimados": 1
      },
      {
        "nombre": "Sistemas de Comunicaciones + Laboratorio",
        "descripcion": "Diseño y análisis de sistemas de comunicación digital y analógica.",
        "area": "telecomunicaciones",
        "tipo": "profesional",
        "creditos_estimados": 3
      },
      {
        "nombre": "Sistemas Digitales + Laboratorio",
        "descripcion": "Diseño de circuitos digitales y sistemas embebidos.",
        "area": "electrónica digital",
        "tipo": "profesional",
        "creditos_estimados": 3
      },
      {
        "nombre": "Automatismos Industriales + Laboratorio",
        "descripcion": "Diseño de sistemas de automatización industrial y control lógico programable.",
        "area": "automatización industrial",
        "tipo": "profesional",
        "creditos_estimados": 3
      },
      {
        "nombre": "Electrónica de Potencia + Laboratorio",
        "descripcion": "Conversión y control de energía eléctrica mediante dispositivos electrónicos.",
        "area": "potencia y energía",
        "tipo": "profesional",
        "creditos_estimados": 3
      },
      {
        "nombre": "Electiva Libre II",
        "descripcion": "Materia optativa de libre elección.",
        "area": "optativa",
        "tipo": "electiva",
        "creditos_estimados": 3
      }
    ],
    "verano": [
      {
        "nombre": "Práctica Pre-profesional PASEM",
        "descripcion": "Práctica profesional supervisada en empresas o laboratorios de automatización.",
        "area": "formación práctica",
        "tipo": "práctica preprofesional",
        "creditos_estimados": 5
      }
    ],
    "9": [
      {
        "nombre": "Coloquios",
        "descripcion": "Seminario de cierre de carrera con discusiones técnicas y éticas.",
        "area": "formación general",
        "tipo": "formación complementaria",
        "creditos_estimados": 1
      },
      {
        "nombre": "Circuitos Integrados + Laboratorio",
        "descripcion": "Diseño y análisis de circuitos integrados analógicos y digitales.",
        "area": "electrónica avanzada",
        "tipo": "profesional",
        "creditos_estimados": 3
      },
      {
        "nombre": "Sistemas Programables + Laboratorio",
        "descripcion": "Diseño de sistemas embebidos y controladores programables.",
        "area": "automatización",
        "tipo": "profesional",
        "creditos_estimados": 3
      },
      {
        "nombre": "Optativa II",
        "descripcion": "Asignatura de especialización elegida por el estudiante.",
        "area": "optativa profesional",
        "tipo": "electiva",
        "creditos_estimados": 3
      },
      {
        "nombre": "Proyecto Integrador IEE",
        "descripcion": "Desarrollo de un proyecto final integrador de la carrera de ingeniería electrónica.",
        "area": "investigación aplicada",
        "tipo": "investigación",
        "creditos_estimados": 5
      }
    ]
  }
}
