{
  "universidad": "Universidad San Francisco de Quito (USFQ)",
  "carrera": "Ingeniería en Agronomía",
  "modalidad": "Presencial",
  "duracion_semestres": 9,
  "titulo": "Ingeniero/a en Agronomía",
  "malla_curricular": {
    "1": [
      {
        "nombre": "Cálculo para Ciencias de la Vida",
        "descripcion": "Fundamentos del cálculo diferencial e integral con aplicación en biología y agronomía.",
        "area": "matemática y estadística",
        "tipo": "básica",
        "creditos_estimados": 3
      },
      {
        "nombre": "Biología General",
        "descripcion": "Principios de biología celular, genética y fisiología de los organismos vivos.",
        "area": "ciencias biológicas",
        "tipo": "básica",
        "creditos_estimados": 3
      },
      {
        "nombre": "Taller de Ingeniería en Agronomía",
        "descripcion": "Introducción a los sistemas agrícolas y fundamentos de la ingeniería agronómica.",
        "area": "agronomía",
        "tipo": "profesional",
        "creditos_estimados": 3
      },
      {
        "nombre": "Introducción a la Economía",
        "descripcion": "Conceptos básicos de micro y macroeconomía aplicados al sector agropecuario.",
        "area": "economía agrícola",
        "tipo": "básica",
        "creditos_estimados": 3
      },
      {
        "nombre": "Autoconocimiento",
        "descripcion": "Desarrollo personal y reflexión sobre la formación integral del estudiante.",
        "area": "formación humanística",
        "tipo": "formación general",
        "creditos_estimados": 3
      }
    ],
    "2": [
      {
        "nombre": "Escritura Académica",
        "descripcion": "Desarrollo de competencias para la redacción formal y científica.",
        "area": "comunicación académica",
        "tipo": "básica",
        "creditos_estimados": 3
      },
      {
        "nombre": "Botánica General",
        "descripcion": "Estudio de la estructura, fisiología y clasificación de las plantas.",
        "area": "ciencias biológicas",
        "tipo": "profesional",
        "creditos_estimados": 3
      },
      {
        "nombre": "Química General I",
        "descripcion": "Fundamentos de química inorgánica y reacciones químicas aplicadas a la agronomía.",
        "area": "ciencias básicas",
        "tipo": "básica",
        "creditos_estimados": 3
      },
      {
        "nombre": "Física para Ciencias de la Vida",
        "descripcion": "Aplicación de los principios de la física en procesos biológicos y agrícolas.",
        "area": "ciencias básicas",
        "tipo": "básica",
        "creditos_estimados": 3
      },
      {
        "nombre": "Arte",
        "descripcion": "Curso de expresión artística o apreciación cultural.",
        "area": "formación general",
        "tipo": "optativa",
        "creditos_estimados": 3
      }
    ],
    "3": [
      {
        "nombre": "Producción Animal I",
        "descripcion": "Introducción a la producción y manejo de animales de granja.",
        "area": "zootecnia",
        "tipo": "profesional",
        "creditos_estimados": 3
      },
      {
        "nombre": "Bioestadística",
        "descripcion": "Métodos estadísticos aplicados a la investigación biológica y agrícola.",
        "area": "matemática y estadística",
        "tipo": "básica",
        "creditos_estimados": 3
      },
      {
        "nombre": "Genética General",
        "descripcion": "Estudio de los principios de herencia y variación genética en organismos vivos.",
        "area": "biotecnología agrícola",
        "tipo": "profesional",
        "creditos_estimados": 3
      },
      {
        "nombre": "Introducción al Manejo de Suelos",
        "descripcion": "Principios de conservación, fertilidad y uso sostenible de suelos agrícolas.",
        "area": "ciencias del suelo",
        "tipo": "profesional",
        "creditos_estimados": 3
      },
      {
        "nombre": "Ser y Cosmos",
        "descripcion": "Exploración filosófica sobre la relación del ser humano con la naturaleza.",
        "area": "formación humanística",
        "tipo": "formación general",
        "creditos_estimados": 3
      }
    ],
    "4": [
      {
        "nombre": "Producción Animal II",
        "descripcion": "Profundización en la producción ganadera y sistemas de manejo animal.",
        "area": "zootecnia",
        "tipo": "profesional",
        "creditos_estimados": 3
      },
      {
        "nombre": "Olericultura",
        "descripcion": "Producción y manejo de cultivos hortícolas.",
        "area": "agronomía",
        "tipo": "profesional",
        "creditos_estimados": 3
      },
      {
        "nombre": "Fisiología Vegetal",
        "descripcion": "Procesos fisiológicos de las plantas y su aplicación en la producción agrícola.",
        "area": "ciencias biológicas",
        "tipo": "profesional",
        "creditos_estimados": 3
      },
      {
        "nombre": "Fertilidad Suelo-Planta",
        "descripcion": "Interacción entre el suelo y la planta en la absorción de nutrientes.",
        "area": "ciencias del suelo",
        "tipo": "profesional",
        "creditos_estimados": 3
      },
      {
        "nombre": "Humanidades",
        "descripcion": "Asignatura optativa en literatura, filosofía o historia del arte.",
        "area": "formación humanística",
        "tipo": "optativa",
        "creditos_estimados": 3
      }
    ],
    "5": [
      {
        "nombre": "Cultura Gastronómica",
        "descripcion": "Introducción a la relación entre la gastronomía y la producción agroalimentaria.",
        "area": "alimentación y cultura",
        "tipo": "formación complementaria",
        "creditos_estimados": 1
      },
      {
        "nombre": "Técnicas Experimentales",
        "descripcion": "Diseño experimental y análisis de datos en estudios agrícolas.",
        "area": "investigación aplicada",
        "tipo": "profesional",
        "creditos_estimados": 3
      },
      {
        "nombre": "Fruticultura",
        "descripcion": "Estudio de la producción y manejo de frutales de interés comercial.",
        "area": "agronomía",
        "tipo": "profesional",
        "creditos_estimados": 3
      },
      {
        "nombre": "Protección Vegetal",
        "descripcion": "Identificación y control de plagas y enfermedades en cultivos.",
        "area": "fitosanidad",
        "tipo": "profesional",
        "creditos_estimados": 3
      },
      {
        "nombre": "Aprendizaje y Servicio PASEC",
        "descripcion": "Práctica comunitaria vinculada al servicio y aprendizaje social.",
        "area": "formación práctica",
        "tipo": "comunitaria",
        "creditos_estimados": 3
      }
    ],
    "6": [
      {
        "nombre": "Emprendimiento",
        "descripcion": "Desarrollo de proyectos empresariales en el ámbito agrícola.",
        "area": "gestión empresarial",
        "tipo": "formación complementaria",
        "creditos_estimados": 3
      },
      {
        "nombre": "Cultivos de la Sierra",
        "descripcion": "Manejo técnico de cultivos andinos adaptados a distintas altitudes.",
        "area": "agronomía",
        "tipo": "profesional",
        "creditos_estimados": 3
      },
      {
        "nombre": "Riego y Drenaje",
        "descripcion": "Diseño y operación de sistemas de riego y drenaje agrícola.",
        "area": "ingeniería agrícola",
        "tipo": "profesional",
        "creditos_estimados": 3
      },
      {
        "nombre": "Electiva Libre II",
        "descripcion": "Asignatura elegida libremente para fortalecer el perfil profesional.",
        "area": "optativa",
        "tipo": "electiva",
        "creditos_estimados": 3
      },
      {
        "nombre": "Optativa I",
        "descripcion": "Curso especializado en temas de interés agronómico.",
        "area": "optativa",
        "tipo": "electiva",
        "creditos_estimados": 3
      }
    ],
    "7": [
      {
        "nombre": "Agrobiotecnología",
        "descripcion": "Uso de técnicas biotecnológicas en la mejora de cultivos y productividad agrícola.",
        "area": "biotecnología agrícola",
        "tipo": "profesional",
        "creditos_estimados": 3
      },
      {
        "nombre": "Manejo Integrado de Plagas",
        "descripcion": "Estrategias sostenibles para el control de plagas agrícolas.",
        "area": "fitosanidad",
        "tipo": "profesional",
        "creditos_estimados": 3
      },
      {
        "nombre": "Fitomejoramiento",
        "descripcion": "Principios genéticos y metodológicos para el mejoramiento de especies vegetales.",
        "area": "biotecnología agrícola",
        "tipo": "profesional",
        "creditos_estimados": 3
      },
      {
        "nombre": "Cultivos Tropicales",
        "descripcion": "Producción y manejo de cultivos tropicales en sistemas agrícolas sostenibles.",
        "area": "agronomía",
        "tipo": "profesional",
        "creditos_estimados": 3
      },
      {
        "nombre": "Ciencias Sociales",
        "descripcion": "Asignatura electiva en historia, política o sociología.",
        "area": "formación humanística",
        "tipo": "optativa",
        "creditos_estimados": 3
      }
    ],
    "8": [
      {
        "nombre": "Proyectos Agropecuarios",
        "descripcion": "Formulación y evaluación de proyectos agrícolas y pecuarios.",
        "area": "gestión agrícola",
        "tipo": "profesional",
        "creditos_estimados": 3
      },
      {
        "nombre": "Floricultura",
        "descripcion": "Cultivo y manejo de flores y plantas ornamentales.",
        "area": "agronomía",
        "tipo": "profesional",
        "creditos_estimados": 3
      },
      {
        "nombre": "Cultivos Protegidos",
        "descripcion": "Producción agrícola bajo invernadero y ambientes controlados.",
        "area": "ingeniería agrícola",
        "tipo": "profesional",
        "creditos_estimados": 3
      },
      {
        "nombre": "Optativa II",
        "descripcion": "Materia optativa avanzada según la especialización elegida.",
        "area": "optativa",
        "tipo": "electiva",
        "creditos_estimados": 3
      },
      {
        "nombre": "Optativa III",
        "descripcion": "Curso especializado de profundización técnica.",
        "area": "optativa",
        "tipo": "electiva",
        "creditos_estimados": 3
      }
    ],
    "9": [
      {
        "nombre": "Coloquios",
        "descripcion": "Seminario de integración y reflexión sobre la profesión agronómica.",
        "area": "formación general",
        "tipo": "formación complementaria",
        "creditos_estimados": 1
      },
      {
        "nombre": "Comercio Exterior Agrícola",
        "descripcion": "Gestión de exportaciones y normativas internacionales del comercio agrícola.",
        "area": "comercio exterior",
        "tipo": "profesional",
        "creditos_estimados": 3
      },
      {
        "nombre": "Economía Agroalimentaria",
        "descripcion": "Análisis económico de los sistemas agroalimentarios.",
        "area": "economía agrícola",
        "tipo": "profesional",
        "creditos_estimados": 3
      },
      {
        "nombre": "Principios de Marketing",
        "descripcion": "Fundamentos de marketing aplicados a productos agrícolas y agroindustriales.",
        "area": "gestión empresarial",
        "tipo": "profesional",
        "creditos_estimados": 3
      },
      {
        "nombre": "Proyecto Integrador AGR",
        "descripcion": "Desarrollo de un proyecto integrador que aplica conocimientos multidisciplinarios de la carrera.",
        "area": "investigación aplicada",
        "tipo": "investigación",
        "creditos_estimados": 5
      }
    ]
  }
}
