{
  "universidad": "Universidad San Francisco de Quito (USFQ)",
  "carrera": "Ingeniería Civil / Civil Engineering",
  "modalidad": "Presencial",
  "duracion_semestres": 9,
  "titulo": "Ingeniero/a Civil",
  "malla_curricular": {
    "1": [
      {
        "nombre": "Taller de Ingeniería Civil",
        "descripcion": "Introducción a la ingeniería civil, fundamentos del diseño y práctica básica.",
        "area": "ingeniería civil",
        "tipo": "profesional",
        "creditos_estimados": 3
      },
      {
        "nombre": "Cálculo Diferencial",
        "descripcion": "Cálculo diferencial aplicado a problemas de ingeniería.",
        "area": "matemática",
        "tipo": "básica",
        "creditos_estimados": 3
      },
      {
        "nombre": "Química General I",
        "descripcion": "Fundamentos de química y sus aplicaciones en materiales de construcción.",
        "area": "ciencias básicas",
        "tipo": "básica",
        "creditos_estimados": 3
      },
      {
        "nombre": "Introducción a la Economía",
        "descripcion": "Conceptos económicos aplicados al sector de la construcción e infraestructura.",
        "area": "economía",
        "tipo": "formación complementaria",
        "creditos_estimados": 3
      },
      {
        "nombre": "Autoconocimiento",
        "descripcion": "Curso de desarrollo personal y ética profesional.",
        "area": "formación humanística",
        "tipo": "formación general",
        "creditos_estimados": 3
      }
    ],
    "2": [
      {
        "nombre": "Escritura Académica",
        "descripcion": "Técnicas de redacción y comunicación académica en ingeniería.",
        "area": "comunicación académica",
        "tipo": "formación general",
        "creditos_estimados": 3
      },
      {
        "nombre": "Cálculo Integral",
        "descripcion": "Aplicaciones del cálculo integral en ingeniería estructural y hidráulica.",
        "area": "matemática",
        "tipo": "básica",
        "creditos_estimados": 3
      },
      {
        "nombre": "Álgebra Lineal I",
        "descripcion": "Conceptos de álgebra matricial y vectores aplicados a estructuras.",
        "area": "matemática",
        "tipo": "básica",
        "creditos_estimados": 3
      },
      {
        "nombre": "Cosmos",
        "descripcion": "Reflexión filosófica sobre el universo y su relación con el ser humano.",
        "area": "formación humanística",
        "tipo": "formación general",
        "creditos_estimados": 3
      },
      {
        "nombre": "Ser y Cosmos",
        "descripcion": "Análisis ético y filosófico de la existencia humana y su entorno.",
        "area": "formación humanística",
        "tipo": "formación general",
        "creditos_estimados": 3
      }
    ],
    "3": [
      {
        "nombre": "Ecuaciones Diferenciales",
        "descripcion": "Modelos diferenciales aplicados a sistemas estructurales y de flujo.",
        "area": "matemática aplicada",
        "tipo": "básica",
        "creditos_estimados": 3
      },
      {
        "nombre": "Física para Ingenieros I",
        "descripcion": "Mecánica clásica aplicada a estructuras y materiales.",
        "area": "física aplicada",
        "tipo": "básica",
        "creditos_estimados": 3
      },
      {
        "nombre": "Probabilidad y Estadística",
        "descripcion": "Aplicación de métodos estadísticos en análisis estructural y ambiental.",
        "area": "matemática aplicada",
        "tipo": "básica",
        "creditos_estimados": 3
      },
      {
        "nombre": "Topografía",
        "descripcion": "Principios de medición y levantamiento topográfico con instrumentos.",
        "area": "geotecnia y levantamiento",
        "tipo": "profesional",
        "creditos_estimados": 3
      },
      {
        "nombre": "Humanidades",
        "descripcion": "Curso electivo en literatura, filosofía o historia del arte.",
        "area": "formación humanística",
        "tipo": "optativa",
        "creditos_estimados": 3
      }
    ],
    "4": [
      {
        "nombre": "Deportes",
        "descripcion": "Actividad física obligatoria para promover el bienestar integral.",
        "area": "formación general",
        "tipo": "básica",
        "creditos_estimados": 1
      },
      {
        "nombre": "Física para Ingenieros II",
        "descripcion": "Electricidad y magnetismo aplicados a sistemas de ingeniería.",
        "area": "física aplicada",
        "tipo": "básica",
        "creditos_estimados": 3
      },
      {
        "nombre": "Diseño Vial",
        "descripcion": "Diseño geométrico y funcional de carreteras.",
        "area": "infraestructura vial",
        "tipo": "profesional",
        "creditos_estimados": 3
      },
      {
        "nombre": "Estática",
        "descripcion": "Principios del equilibrio de fuerzas aplicados al análisis estructural.",
        "area": "mecánica estructural",
        "tipo": "profesional",
        "creditos_estimados": 3
      },
      {
        "nombre": "Aprendizaje y Servicio PASEC",
        "descripcion": "Práctica comunitaria de ingeniería aplicada a problemas reales.",
        "area": "formación práctica",
        "tipo": "comunitaria",
        "creditos_estimados": 3
      },
      {
        "nombre": "Electiva Libre I",
        "descripcion": "Materia elegida por el estudiante para complementar su formación.",
        "area": "optativa",
        "tipo": "electiva",
        "creditos_estimados": 3
      }
    ],
    "5": [
      {
        "nombre": "Cultura Gastronómica",
        "descripcion": "Seminario sobre gastronomía y cultura ecuatoriana.",
        "area": "formación general",
        "tipo": "formación complementaria",
        "creditos_estimados": 1
      },
      {
        "nombre": "Emprendimiento",
        "descripcion": "Desarrollo de proyectos empresariales en el sector de la construcción.",
        "area": "gestión empresarial",
        "tipo": "profesional",
        "creditos_estimados": 3
      },
      {
        "nombre": "Mecánica de Fluidos",
        "descripcion": "Estudio del comportamiento de los fluidos en movimiento y reposo.",
        "area": "hidráulica",
        "tipo": "profesional",
        "creditos_estimados": 3
      },
      {
        "nombre": "Mecánica de Materiales",
        "descripcion": "Análisis de esfuerzos, deformaciones y propiedades mecánicas.",
        "area": "mecánica estructural",
        "tipo": "profesional",
        "creditos_estimados": 3
      },
      {
        "nombre": "Electiva Libre II",
        "descripcion": "Asignatura de libre elección para profundización en áreas afines.",
        "area": "optativa",
        "tipo": "electiva",
        "creditos_estimados": 3
      },
      {
        "nombre": "Ciencias Sociales o Arte",
        "descripcion": "Curso optativo en sociología, política, historia o arte.",
        "area": "formación humanística",
        "tipo": "optativa",
        "creditos_estimados": 3
      }
    ],
    "6": [
      {
        "nombre": "Ingeniería de la Construcción",
        "descripcion": "Gestión y técnicas constructivas aplicadas a obras civiles.",
        "area": "construcción",
        "tipo": "profesional",
        "creditos_estimados": 3
      },
      {
        "nombre": "Hidráulica",
        "descripcion": "Principios de flujo de fluidos en canales y tuberías.",
        "area": "hidráulica",
        "tipo": "profesional",
        "creditos_estimados": 3
      },
      {
        "nombre": "Hormigón Armado I",
        "descripcion": "Diseño y cálculo de elementos estructurales de concreto reforzado.",
        "area": "estructuras",
        "tipo": "profesional",
        "creditos_estimados": 3
      },
      {
        "nombre": "Mecánica de Suelos",
        "descripcion": "Propiedades físicas y mecánicas de los suelos aplicadas al diseño.",
        "area": "geotecnia",
        "tipo": "profesional",
        "creditos_estimados": 3
      },
      {
        "nombre": "Análisis Estructural I",
        "descripcion": "Métodos de análisis estructural aplicados a vigas y pórticos.",
        "area": "estructuras",
        "tipo": "profesional",
        "creditos_estimados": 3
      }
    ],
    "7": [
      {
        "nombre": "Cimentaciones y Muros",
        "descripcion": "Diseño de cimentaciones y muros de contención.",
        "area": "geotecnia",
        "tipo": "profesional",
        "creditos_estimados": 3
      },
      {
        "nombre": "Ingeniería Geotécnica",
        "descripcion": "Análisis del comportamiento del suelo y su interacción con estructuras.",
        "area": "geotecnia",
        "tipo": "profesional",
        "creditos_estimados": 3
      },
      {
        "nombre": "Diseño de Pavimentos",
        "descripcion": "Principios para el diseño estructural de pavimentos rígidos y flexibles.",
        "area": "infraestructura vial",
        "tipo": "profesional",
        "creditos_estimados": 3
      },
      {
        "nombre": "Estructuras de Acero I",
        "descripcion": "Diseño y análisis de estructuras metálicas.",
        "area": "estructuras",
        "tipo": "profesional",
        "creditos_estimados": 3
      },
      {
        "nombre": "Análisis Estructural II",
        "descripcion": "Modelos avanzados para el análisis de sistemas estructurales.",
        "area": "estructuras",
        "tipo": "profesional",
        "creditos_estimados": 3
      }
    ],
    "8": [
      {
        "nombre": "Ingeniería de Costos",
        "descripcion": "Evaluación económica y presupuestaria de proyectos de construcción.",
        "area": "gestión de proyectos",
        "tipo": "profesional",
        "creditos_estimados": 3
      },
      {
        "nombre": "Ingeniería Sismo-Resistente",
        "descripcion": "Análisis y diseño de estructuras bajo cargas sísmicas.",
        "area": "estructuras",
        "tipo": "profesional",
        "creditos_estimados": 3
      },
      {
        "nombre": "Hormigón Armado II",
        "descripcion": "Diseño avanzado de estructuras de concreto reforzado.",
        "area": "estructuras",
        "tipo": "profesional",
        "creditos_estimados": 3
      },
      {
        "nombre": "Ingeniería Sanitaria",
        "descripcion": "Diseño de sistemas de agua potable y alcantarillado.",
        "area": "hidrosanitaria",
        "tipo": "profesional",
        "creditos_estimados": 3
      },
      {
        "nombre": "Optativa Ingeniería Civil I",
        "descripcion": "Curso optativo especializado en un área de profundización.",
        "area": "optativa profesional",
        "tipo": "electiva",
        "creditos_estimados": 3
      }
    ],
    "verano": [
      {
        "nombre": "Práctica Pre-Profesional PASEM",
        "descripcion": "Práctica supervisada en proyectos de ingeniería civil.",
        "area": "formación práctica",
        "tipo": "práctica preprofesional",
        "creditos_estimados": 5
      }
    ],
    "9": [
      {
        "nombre": "Coloquios",
        "descripcion": "Seminario de cierre de carrera para integración profesional.",
        "area": "formación general",
        "tipo": "formación complementaria",
        "creditos_estimados": 1
      },
      {
        "nombre": "Análisis Computacional en Ingeniería Civil",
        "descripcion": "Modelado numérico y simulación computacional aplicada a estructuras.",
        "area": "ingeniería computacional",
        "tipo": "profesional",
        "creditos_estimados": 3
      },
      {
        "nombre": "Gerencia de la Construcción",
        "descripcion": "Planificación y gestión de proyectos de construcción civil.",
        "area": "gestión de proyectos",
        "tipo": "profesional",
        "creditos_estimados": 3
      },
      {
        "nombre": "Optativa Ingeniería Civil II",
        "descripcion": "Materia de especialización seleccionada por el estudiante.",
        "area": "optativa profesional",
        "tipo": "electiva",
        "creditos_estimados": 3
      },
      {
        "nombre": "Proyecto Integrador ICV",
        "descripcion": "Desarrollo del proyecto de titulación aplicado a ingeniería civil.",
        "area": "investigación aplicada",
        "tipo": "investigación",
        "creditos_estimados": 5
      }
    ]
  }
}
