{
  "universidad": "Universidad San Francisco de Quito (USFQ)",
  "carrera": "Ingeniería Química / Chemical Engineering",
  "modalidad": "Presencial",
  "duracion_semestres": 9,
  "titulo": "Ingeniero/a Químico/a",
  "malla_curricular": {
    "1": [
      {
        "nombre": "Taller de Ingeniería Química",
        "descripcion": "Introducción a la ingeniería química, sus campos de aplicación y prácticas iniciales de laboratorio.",
        "area": "ingeniería química",
        "tipo": "profesional",
        "creditos_estimados": 3
      },
      {
        "nombre": "Cálculo Diferencial",
        "descripcion": "Fundamentos del cálculo diferencial aplicado a procesos físicos y químicos.",
        "area": "matemática",
        "tipo": "básica",
        "creditos_estimados": 3
      },
      {
        "nombre": "Biología General + Laboratorio",
        "descripcion": "Estudio de los principios biológicos aplicados a procesos biotecnológicos y ambientales.",
        "area": "ciencias básicas",
        "tipo": "básica",
        "creditos_estimados": 3
      },
      {
        "nombre": "Química General I + Laboratorio",
        "descripcion": "Fundamentos de la química general con enfoque en soluciones, estequiometría y estructura molecular.",
        "area": "ciencias químicas",
        "tipo": "básica",
        "creditos_estimados": 3
      },
      {
        "nombre": "Autoconocimiento",
        "descripcion": "Desarrollo personal, ética y responsabilidad profesional.",
        "area": "formación humanística",
        "tipo": "formación general",
        "creditos_estimados": 3
      }
    ],
    "2": [
      {
        "nombre": "Escritura Académica",
        "descripcion": "Desarrollo de habilidades de redacción científica y técnica para contextos académicos.",
        "area": "comunicación académica",
        "tipo": "formación general",
        "creditos_estimados": 3
      },
      {
        "nombre": "Química General II + Ejercicios",
        "descripcion": "Continuación de química general, enfocado en equilibrio, cinética y termodinámica química.",
        "area": "ciencias químicas",
        "tipo": "básica",
        "creditos_estimados": 3
      },
      {
        "nombre": "Cálculo Integral",
        "descripcion": "Integrales definidas e indefinidas aplicadas a balances de materia y energía.",
        "area": "matemática aplicada",
        "tipo": "básica",
        "creditos_estimados": 3
      },
      {
        "nombre": "Balance de Masa y Energía",
        "descripcion": "Análisis y aplicación de balances en procesos químicos industriales.",
        "area": "ingeniería de procesos",
        "tipo": "profesional",
        "creditos_estimados": 3
      },
      {
        "nombre": "Programación en Python",
        "descripcion": "Fundamentos de programación aplicados al modelado y simulación de procesos químicos.",
        "area": "computación aplicada",
        "tipo": "profesional",
        "creditos_estimados": 3
      }
    ],
    "3": [
      {
        "nombre": "Ecuaciones Diferenciales",
        "descripcion": "Modelos diferenciales aplicados a sistemas de transporte y reacciones químicas.",
        "area": "matemática aplicada",
        "tipo": "básica",
        "creditos_estimados": 3
      },
      {
        "nombre": "Química Orgánica + Laboratorio",
        "descripcion": "Estructura, nomenclatura y reactividad de compuestos orgánicos en la industria química.",
        "area": "ciencias químicas",
        "tipo": "básica",
        "creditos_estimados": 3
      },
      {
        "nombre": "Físico Química I",
        "descripcion": "Fundamentos termodinámicos y cinéticos de la materia y sus aplicaciones en ingeniería.",
        "area": "ciencias químicas",
        "tipo": "básica",
        "creditos_estimados": 3
      },
      {
        "nombre": "Física para Ingenieros I + Laboratorio",
        "descripcion": "Mecánica y movimiento aplicados a sistemas de ingeniería.",
        "area": "física aplicada",
        "tipo": "básica",
        "creditos_estimados": 3
      },
      {
        "nombre": "Ser y Cosmos",
        "descripcion": "Reflexión filosófica sobre la ciencia, el conocimiento y el ser humano.",
        "area": "formación humanística",
        "tipo": "formación general",
        "creditos_estimados": 3
      }
    ],
    "4": [
      {
        "nombre": "Flujo de Fluidos + Laboratorio",
        "descripcion": "Estudio del comportamiento de fluidos en reposo y movimiento aplicado a procesos químicos.",
        "area": "mecánica de fluidos",
        "tipo": "profesional",
        "creditos_estimados": 3
      },
      {
        "nombre": "Álgebra Lineal I",
        "descripcion": "Teoría matricial aplicada al modelado y resolución de sistemas de ecuaciones en ingeniería.",
        "area": "matemática",
        "tipo": "básica",
        "creditos_estimados": 3
      },
      {
        "nombre": "Física para Ingenieros II + Laboratorio",
        "descripcion": "Electricidad y magnetismo aplicados a instrumentación y control de procesos.",
        "area": "física aplicada",
        "tipo": "básica",
        "creditos_estimados": 3
      },
      {
        "nombre": "Termodinámica de Procesos",
        "descripcion": "Análisis termodinámico de sistemas de producción y separación de energía.",
        "area": "ingeniería de procesos",
        "tipo": "profesional",
        "creditos_estimados": 3
      },
      {
        "nombre": "Probabilidad y Estadística",
        "descripcion": "Herramientas estadísticas aplicadas a control y optimización de procesos industriales.",
        "area": "matemática aplicada",
        "tipo": "básica",
        "creditos_estimados": 3
      }
    ],
    "5": [
      {
        "nombre": "Cultura Gastronómica",
        "descripcion": "Seminario sobre cultura ecuatoriana, sostenibilidad y alimentación.",
        "area": "formación general",
        "tipo": "formación complementaria",
        "creditos_estimados": 1
      },
      {
        "nombre": "Química Analítica + Laboratorio",
        "descripcion": "Técnicas de análisis químico cuantitativo y cualitativo.",
        "area": "ciencias químicas",
        "tipo": "profesional",
        "creditos_estimados": 3
      },
      {
        "nombre": "Métodos Computacionales",
        "descripcion": "Uso de herramientas computacionales para simulación y análisis de procesos químicos.",
        "area": "ingeniería computacional",
        "tipo": "profesional",
        "creditos_estimados": 3
      },
      {
        "nombre": "Aprendizaje y Servicio PASEC",
        "descripcion": "Práctica comunitaria con aplicación de conocimientos de ingeniería química.",
        "area": "formación práctica",
        "tipo": "comunitaria",
        "creditos_estimados": 3
      },
      {
        "nombre": "Fenómenos de Transporte + Laboratorio",
        "descripcion": "Transferencia de masa, energía y cantidad de movimiento en sistemas químicos.",
        "area": "ingeniería de procesos",
        "tipo": "profesional",
        "creditos_estimados": 3
      },
      {
        "nombre": "Humanidades",
        "descripcion": "Curso optativo en literatura, filosofía o historia del arte.",
        "area": "formación humanística",
        "tipo": "optativa",
        "creditos_estimados": 3
      }
    ],
    "6": [
      {
        "nombre": "Deportes",
        "descripcion": "Actividad física o deportiva obligatoria.",
        "area": "formación general",
        "tipo": "formación complementaria",
        "creditos_estimados": 1
      },
      {
        "nombre": "Química Instrumental + Laboratorio",
        "descripcion": "Técnicas instrumentales modernas para análisis químico e industrial.",
        "area": "ciencias químicas",
        "tipo": "profesional",
        "creditos_estimados": 3
      },
      {
        "nombre": "Introducción a la Economía",
        "descripcion": "Principios económicos para la toma de decisiones en ingeniería.",
        "area": "gestión y economía",
        "tipo": "formación complementaria",
        "creditos_estimados": 3
      },
      {
        "nombre": "Ingeniería de Reacciones + Laboratorio",
        "descripcion": "Análisis y diseño de reactores químicos.",
        "area": "ingeniería química",
        "tipo": "profesional",
        "creditos_estimados": 3
      },
      {
        "nombre": "Operaciones Unitarias I + Laboratorio",
        "descripcion": "Principios y diseño de operaciones de separación física.",
        "area": "ingeniería de procesos",
        "tipo": "profesional",
        "creditos_estimados": 3
      },
      {
        "nombre": "Ciencias Sociales",
        "descripcion": "Curso electivo en historia, política, sociología o psicología.",
        "area": "formación humanística",
        "tipo": "optativa",
        "creditos_estimados": 3
      }
    ],
    "7": [
      {
        "nombre": "Emprendimiento",
        "descripcion": "Desarrollo de proyectos empresariales y de innovación tecnológica.",
        "area": "gestión empresarial",
        "tipo": "profesional",
        "creditos_estimados": 3
      },
      {
        "nombre": "Diseño de Plantas + Laboratorio",
        "descripcion": "Diseño y planificación de instalaciones industriales de procesos químicos.",
        "area": "diseño de plantas",
        "tipo": "profesional",
        "creditos_estimados": 3
      },
      {
        "nombre": "Control de Procesos + Laboratorio",
        "descripcion": "Modelado y control automático de procesos químicos industriales.",
        "area": "automatización y control",
        "tipo": "profesional",
        "creditos_estimados": 3
      },
      {
        "nombre": "Operaciones Unitarias II + Laboratorio",
        "descripcion": "Estudio avanzado de operaciones de separación y purificación.",
        "area": "ingeniería de procesos",
        "tipo": "profesional",
        "creditos_estimados": 3
      },
      {
        "nombre": "Optativa I",
        "descripcion": "Materia optativa de especialización dentro del área de ingeniería química.",
        "area": "optativa profesional",
        "tipo": "electiva",
        "creditos_estimados": 3
      }
    ],
    "8": [
      {
        "nombre": "Diseño Avanzado de Procesos",
        "descripcion": "Optimización y diseño integral de procesos químicos complejos.",
        "area": "ingeniería de procesos",
        "tipo": "profesional",
        "creditos_estimados": 3
      },
      {
        "nombre": "Bioingeniería I + Laboratorio",
        "descripcion": "Aplicación de principios de ingeniería en procesos biotecnológicos.",
        "area": "bioingeniería",
        "tipo": "profesional",
        "creditos_estimados": 3
      },
      {
        "nombre": "Electiva Libre I",
        "descripcion": "Materia de libre elección para ampliar la formación interdisciplinaria.",
        "area": "optativa general",
        "tipo": "electiva",
        "creditos_estimados": 3
      },
      {
        "nombre": "Optativa II",
        "descripcion": "Curso avanzado de especialización en ingeniería química o áreas afines.",
        "area": "optativa profesional",
        "tipo": "electiva",
        "creditos_estimados": 3
      },
      {
        "nombre": "Optativa III",
        "descripcion": "Asignatura de elección del estudiante dentro del campo científico o tecnológico.",
        "area": "optativa profesional",
        "tipo": "electiva",
        "creditos_estimados": 3
      }
    ],
    "verano": [
      {
        "nombre": "Práctica Pre-profesional PASEM",
        "descripcion": "Práctica supervisada en laboratorios o plantas químicas industriales.",
        "area": "formación práctica",
        "tipo": "práctica preprofesional",
        "creditos_estimados": 5
      }
    ],
    "9": [
      {
        "nombre": "Coloquios",
        "descripcion": "Seminario final de integración académica y profesional.",
        "area": "formación general",
        "tipo": "formación complementaria",
        "creditos_estimados": 1
      },
      {
        "nombre": "Electiva Libre II",
        "descripcion": "Curso optativo libre orientado a complementar el perfil profesional.",
        "area": "optativa general",
        "tipo": "electiva",
        "creditos_estimados": 3
      },
      {
        "nombre": "Optativa IV",
        "descripcion": "Asignatura de profundización o investigación aplicada en ingeniería química.",
        "area": "optativa profesional",
        "tipo": "electiva",
        "creditos_estimados": 3
      },
      {
        "nombre": "Arte",
        "descripcion": "Curso en arte, música, danza o teatro para fomentar la creatividad y expresión.",
        "area": "formación humanística",
        "tipo": "formación general",
        "creditos_estimados": 3
      },
      {
        "nombre": "Proyecto Integrador INQ",
        "descripcion": "Proyecto final de titulación basado en investigación y diseño de procesos químicos.",
        "area": "investigación aplicada",
        "tipo": "investigación",
        "creditos_estimados": 5
      }
    ]
  }
}
