{
  "universidad": "Universidad San Francisco de Quito (USFQ)",
  "carrera": "Ingeniería Industrial / Industrial Engineering",
  "modalidad": "Presencial",
  "duracion_semestres": 9,
  "titulo": "Ingeniero/a Industrial",
  "malla_curricular": {
    "1": [
      {
        "nombre": "Cálculo Diferencial",
        "descripcion": "Fundamentos del cálculo diferencial con aplicaciones en problemas de ingeniería industrial.",
        "area": "matemática y estadística",
        "tipo": "básica",
        "creditos_estimados": 3
      },
      {
        "nombre": "Química General I",
        "descripcion": "Principios básicos de la química con laboratorio, aplicados a procesos industriales.",
        "area": "ciencias básicas",
        "tipo": "básica",
        "creditos_estimados": 3
      },
      {
        "nombre": "Taller de Ingeniería Industrial",
        "descripcion": "Introducción a la disciplina, herramientas básicas y conceptos fundamentales de la ingeniería industrial.",
        "area": "ingeniería industrial",
        "tipo": "profesional",
        "creditos_estimados": 3
      },
      {
        "nombre": "Introducción a la Economía",
        "descripcion": "Conceptos económicos aplicados a la gestión de la producción y la toma de decisiones empresariales.",
        "area": "economía y gestión",
        "tipo": "formación complementaria",
        "creditos_estimados": 3
      },
      {
        "nombre": "Autoconocimiento",
        "descripcion": "Desarrollo personal y habilidades de liderazgo desde una perspectiva humanística.",
        "area": "formación humanística",
        "tipo": "formación general",
        "creditos_estimados": 3
      }
    ],
    "2": [
      {
        "nombre": "Escritura Académica",
        "descripcion": "Curso de redacción y comunicación académica para entornos técnicos y científicos.",
        "area": "comunicación académica",
        "tipo": "formación general",
        "creditos_estimados": 3
      },
      {
        "nombre": "Cálculo Integral",
        "descripcion": "Aplicación de integrales definidas e indefinidas en modelos de optimización y control de procesos.",
        "area": "matemática",
        "tipo": "básica",
        "creditos_estimados": 3
      },
      {
        "nombre": "Álgebra Lineal I",
        "descripcion": "Análisis matricial y sistemas lineales aplicados a modelos industriales.",
        "area": "matemática",
        "tipo": "básica",
        "creditos_estimados": 3
      },
      {
        "nombre": "Programación en Python",
        "descripcion": "Desarrollo de habilidades en programación orientada a la solución de problemas industriales.",
        "area": "programación y análisis de datos",
        "tipo": "profesional",
        "creditos_estimados": 3
      },
      {
        "nombre": "Cosmos",
        "descripcion": "Reflexión filosófica sobre el universo, el conocimiento y el ser humano.",
        "area": "formación humanística",
        "tipo": "formación general",
        "creditos_estimados": 3
      }
    ],
    "3": [
      {
        "nombre": "Física para Ingenieros I",
        "descripcion": "Fundamentos de mecánica y energía con laboratorio aplicados a sistemas industriales.",
        "area": "física aplicada",
        "tipo": "básica",
        "creditos_estimados": 3
      },
      {
        "nombre": "Probabilidad y Estadística",
        "descripcion": "Principios estadísticos aplicados al control de calidad y la optimización de procesos.",
        "area": "matemática y estadística",
        "tipo": "básica",
        "creditos_estimados": 3
      },
      {
        "nombre": "Ser y Cosmos",
        "descripcion": "Curso de ética, autoconocimiento y reflexión sobre el papel del ingeniero en la sociedad.",
        "area": "formación humanística",
        "tipo": "formación general",
        "creditos_estimados": 3
      },
      {
        "nombre": "Cálculo Vectorial",
        "descripcion": "Análisis de campos vectoriales aplicados a modelos físicos e industriales.",
        "area": "matemática avanzada",
        "tipo": "básica",
        "creditos_estimados": 3
      },
      {
        "nombre": "Humanidades (Literatura, Filosofía o Historia del Arte)",
        "descripcion": "Curso optativo de humanidades orientado a la formación integral del estudiante.",
        "area": "formación humanística",
        "tipo": "optativa",
        "creditos_estimados": 3
      }
    ],
    "4": [
      {
        "nombre": "Modelos Estadísticos Avanzados",
        "descripcion": "Aplicación de modelos estadísticos a la predicción y análisis de procesos industriales.",
        "area": "análisis de datos y optimización",
        "tipo": "profesional",
        "creditos_estimados": 3
      },
      {
        "nombre": "Gestión y Manejo de Datos",
        "descripcion": "Técnicas y herramientas para la gestión y análisis de grandes volúmenes de datos.",
        "area": "tecnología de la información",
        "tipo": "profesional",
        "creditos_estimados": 3
      },
      {
        "nombre": "Modelos de Optimización",
        "descripcion": "Diseño de modelos matemáticos para optimizar procesos de producción y logística.",
        "area": "optimización y operaciones",
        "tipo": "profesional",
        "creditos_estimados": 3
      },
      {
        "nombre": "Gestión por Procesos",
        "descripcion": "Enfoques modernos de gestión de procesos empresariales y mejora continua.",
        "area": "gestión industrial",
        "tipo": "profesional",
        "creditos_estimados": 3
      },
      {
        "nombre": "Arte (Arte, Música, Danza o Teatro)",
        "descripcion": "Expresión artística orientada al desarrollo integral del estudiante.",
        "area": "formación cultural",
        "tipo": "optativa",
        "creditos_estimados": 3
      }
    ],
    "5": [
      {
        "nombre": "Optimización Avanzada",
        "descripcion": "Modelos matemáticos avanzados para la toma de decisiones y eficiencia operativa.",
        "area": "investigación operativa",
        "tipo": "profesional",
        "creditos_estimados": 3
      },
      {
        "nombre": "Diseño de Experimentos",
        "descripcion": "Metodología experimental aplicada al control de calidad y mejora de procesos.",
        "area": "estadística aplicada",
        "tipo": "profesional",
        "creditos_estimados": 3
      },
      {
        "nombre": "Pronósticos e Inventarios",
        "descripcion": "Técnicas de predicción de demanda y gestión de inventarios industriales.",
        "area": "logística y operaciones",
        "tipo": "profesional",
        "creditos_estimados": 3
      },
      {
        "nombre": "Física para Ingenieros II",
        "descripcion": "Principios de electricidad y magnetismo aplicados a la ingeniería industrial.",
        "area": "física aplicada",
        "tipo": "básica",
        "creditos_estimados": 3
      },
      {
        "nombre": "Deportes",
        "descripcion": "Actividad física para el bienestar y equilibrio del estudiante.",
        "area": "formación general",
        "tipo": "formación complementaria",
        "creditos_estimados": 1
      }
    ],
    "6": [
      {
        "nombre": "AI for Business",
        "descripcion": "Aplicaciones de inteligencia artificial en procesos industriales y empresariales.",
        "area": "tecnología y análisis de datos",
        "tipo": "profesional",
        "creditos_estimados": 3
      },
      {
        "nombre": "Emprendimiento",
        "descripcion": "Desarrollo de proyectos empresariales sostenibles y de innovación tecnológica.",
        "area": "gestión y negocios",
        "tipo": "profesional",
        "creditos_estimados": 3
      },
      {
        "nombre": "Ergonomía",
        "descripcion": "Diseño de entornos de trabajo enfocados en la seguridad y eficiencia humana.",
        "area": "ingeniería humana",
        "tipo": "profesional",
        "creditos_estimados": 3
      },
      {
        "nombre": "Logística y Diseño de Plantas",
        "descripcion": "Planificación, diseño y gestión de instalaciones industriales eficientes.",
        "area": "logística y producción",
        "tipo": "profesional",
        "creditos_estimados": 3
      },
      {
        "nombre": "Cultura Gastronómica",
        "descripcion": "Curso sobre la cultura ecuatoriana y la sostenibilidad alimentaria.",
        "area": "formación general",
        "tipo": "formación complementaria",
        "creditos_estimados": 1
      },
      {
        "nombre": "Aprendizaje y Servicio PASEC",
        "descripcion": "Práctica de vinculación con la comunidad mediante proyectos de impacto social.",
        "area": "formación práctica",
        "tipo": "comunitaria",
        "creditos_estimados": 3
      }
    ],
    "7": [
      {
        "nombre": "Tecnologías Digitales",
        "descripcion": "Aplicación de tecnologías emergentes en la transformación industrial.",
        "area": "tecnología y automatización",
        "tipo": "profesional",
        "creditos_estimados": 3
      },
      {
        "nombre": "Factores Humanos",
        "descripcion": "Evaluación de la interacción entre personas, máquinas y entornos laborales.",
        "area": "ergonomía y psicología industrial",
        "tipo": "profesional",
        "creditos_estimados": 3
      },
      {
        "nombre": "Simulación de Procesos",
        "descripcion": "Modelación computacional de procesos productivos y de servicios.",
        "area": "optimización y modelado",
        "tipo": "profesional",
        "creditos_estimados": 3
      },
      {
        "nombre": "Optativa Ingeniería Industrial I",
        "descripcion": "Curso especializado elegido por el estudiante dentro del campo de la ingeniería industrial.",
        "area": "optativa profesional",
        "tipo": "electiva",
        "creditos_estimados": 3
      },
      {
        "nombre": "Electiva Libre I",
        "descripcion": "Materia libre elegida por el estudiante para complementar su formación.",
        "area": "optativa general",
        "tipo": "electiva",
        "creditos_estimados": 3
      }
    ],
    "8": [
      {
        "nombre": "Sistemas Lean",
        "descripcion": "Implementación de metodologías Lean para la mejora continua y eficiencia operacional.",
        "area": "gestión de calidad",
        "tipo": "profesional",
        "creditos_estimados": 3
      },
      {
        "nombre": "Diseño de Nuevos Productos",
        "descripcion": "Metodología de innovación para el desarrollo de nuevos productos industriales.",
        "area": "diseño industrial",
        "tipo": "profesional",
        "creditos_estimados": 3
      },
      {
        "nombre": "Gestión de Proyectos",
        "descripcion": "Planificación, ejecución y control de proyectos industriales y tecnológicos.",
        "area": "gestión de proyectos",
        "tipo": "profesional",
        "creditos_estimados": 3
      },
      {
        "nombre": "Ingeniería de la Calidad",
        "descripcion": "Principios y herramientas del control y aseguramiento de la calidad.",
        "area": "gestión de calidad",
        "tipo": "profesional",
        "creditos_estimados": 3
      },
      {
        "nombre": "Electiva Libre II",
        "descripcion": "Asignatura libre para ampliar el enfoque interdisciplinario.",
        "area": "optativa general",
        "tipo": "electiva",
        "creditos_estimados": 3
      }
    ],
    "verano": [
      {
        "nombre": "Práctica Pre-profesional PASEM",
        "descripcion": "Práctica profesional en instituciones o empresas del sector industrial.",
        "area": "formación práctica",
        "tipo": "práctica preprofesional",
        "creditos_estimados": 5
      }
    ],
    "9": [
      {
        "nombre": "Coloquios",
        "descripcion": "Seminario final de integración académica y profesional.",
        "area": "formación complementaria",
        "tipo": "formación general",
        "creditos_estimados": 1
      },
      {
        "nombre": "Gerencia Empresarial",
        "descripcion": "Administración y dirección estratégica de organizaciones industriales.",
        "area": "gestión empresarial",
        "tipo": "profesional",
        "creditos_estimados": 3
      },
      {
        "nombre": "Optativa Ingeniería Industrial II",
        "descripcion": "Curso especializado dentro del campo de la ingeniería industrial.",
        "area": "optativa profesional",
        "tipo": "electiva",
        "creditos_estimados": 3
      },
      {
        "nombre": "Optativa Ingeniería Industrial III",
        "descripcion": "Asignatura de profundización en un área avanzada de la ingeniería industrial.",
        "area": "optativa profesional",
        "tipo": "electiva",
        "creditos_estimados": 3
      },
      {
        "nombre": "Proyecto Integrador IIN",
        "descripcion": "Proyecto de titulación que integra conocimientos de diseño, gestión y optimización industrial.",
        "area": "investigación aplicada",
        "tipo": "investigación",
        "creditos_estimados": 5
      }
    ]
  }
}
