{
  "universidad": "Universidad San Francisco de Quito (USFQ)",
  "carrera": "Ingeniería en Agroempresa / Agrobusiness Engineering",
  "modalidad": "Presencial",
  "duracion_semestres": 9,
  "titulo": "Ingeniero/a en Agroempresa",
  "malla_curricular": {
    "1": [
      {
        "nombre": "Cálculo para Ciencias de la Vida",
        "descripcion": "Fundamentos de cálculo diferencial e integral enfocados en aplicaciones biológicas.",
        "area": "matemática y estadística",
        "tipo": "básica",
        "creditos_estimados": 3
      },
      {
        "nombre": "Biología General",
        "descripcion": "Principios fundamentales de biología celular, genética y evolución.",
        "area": "ciencias biológicas",
        "tipo": "básica",
        "creditos_estimados": 3
      },
      {
        "nombre": "Química General I",
        "descripcion": "Conceptos de estructura atómica, enlaces y reacciones químicas aplicadas a la agroindustria.",
        "area": "ciencias básicas",
        "tipo": "básica",
        "creditos_estimados": 3
      },
      {
        "nombre": "Introducción a Sistemas Agrícolas",
        "descripcion": "Panorama general de los sistemas agrícolas y su relación con la sostenibilidad.",
        "area": "agroindustrial",
        "tipo": "profesional",
        "creditos_estimados": 3
      },
      {
        "nombre": "Principios de Administración",
        "descripcion": "Fundamentos de gestión empresarial aplicados al sector agrícola.",
        "area": "gestión y administración",
        "tipo": "formación profesional",
        "creditos_estimados": 3
      }
    ],
    "2": [
      {
        "nombre": "Botánica General",
        "descripcion": "Estudio de la morfología, fisiología y clasificación de las plantas.",
        "area": "ciencias biológicas",
        "tipo": "básica",
        "creditos_estimados": 3
      },
      {
        "nombre": "Introducción a la Economía",
        "descripcion": "Conceptos fundamentales de economía y su aplicación al sector agroindustrial.",
        "area": "economía",
        "tipo": "básica",
        "creditos_estimados": 3
      },
      {
        "nombre": "Manejo de Suelos",
        "descripcion": "Principios de manejo, conservación y fertilidad de suelos agrícolas.",
        "area": "ciencias agrarias",
        "tipo": "profesional",
        "creditos_estimados": 3
      },
      {
        "nombre": "Física para Ciencias de la Vida",
        "descripcion": "Conceptos de física aplicados a procesos biológicos y agrícolas.",
        "area": "ciencias básicas",
        "tipo": "básica",
        "creditos_estimados": 3
      },
      {
        "nombre": "Autoconocimiento",
        "descripcion": "Desarrollo personal y comprensión del rol profesional en la sociedad.",
        "area": "formación humanística",
        "tipo": "formación general",
        "creditos_estimados": 3
      }
    ],
    "3": [
      {
        "nombre": "Escritura Académica",
        "descripcion": "Técnicas de redacción científica y comunicación escrita en contextos académicos.",
        "area": "comunicación y lenguaje",
        "tipo": "básica",
        "creditos_estimados": 3
      },
      {
        "nombre": "Principios de Marketing",
        "descripcion": "Introducción al marketing y estrategias de posicionamiento de productos agroindustriales.",
        "area": "gestión empresarial",
        "tipo": "profesional",
        "creditos_estimados": 3
      },
      {
        "nombre": "Fisiología Vegetal",
        "descripcion": "Procesos fisiológicos de las plantas y su relación con la productividad agrícola.",
        "area": "ciencias biológicas",
        "tipo": "profesional",
        "creditos_estimados": 3
      },
      {
        "nombre": "Fertilidad Suelo-Planta",
        "descripcion": "Interacción entre el suelo y la planta en la absorción de nutrientes.",
        "area": "ciencias agrarias",
        "tipo": "profesional",
        "creditos_estimados": 3
      },
      {
        "nombre": "Ser y Cosmos",
        "descripcion": "Exploración filosófica del ser humano y su relación con el entorno natural.",
        "area": "formación humanística",
        "tipo": "formación general",
        "creditos_estimados": 3
      }
    ],
    "4": [
      {
        "nombre": "Deportes",
        "descripcion": "Práctica deportiva orientada al bienestar físico y mental.",
        "area": "formación general",
        "tipo": "básica",
        "creditos_estimados": 1
      },
      {
        "nombre": "Bioestadística",
        "descripcion": "Aplicación de métodos estadísticos al análisis de datos biológicos y agrícolas.",
        "area": "matemática y estadística",
        "tipo": "básica",
        "creditos_estimados": 3
      },
      {
        "nombre": "Contabilidad Financiera",
        "descripcion": "Principios contables para la toma de decisiones empresariales.",
        "area": "gestión empresarial",
        "tipo": "básica",
        "creditos_estimados": 3
      },
      {
        "nombre": "Producción de Vegetales",
        "descripcion": "Planificación y manejo de cultivos vegetales a nivel comercial.",
        "area": "agroindustrial",
        "tipo": "profesional",
        "creditos_estimados": 3
      },
      {
        "nombre": "Ciencias Sociales / Humanidades",
        "descripcion": "Cursos optativos en historia, sociología, filosofía o arte.",
        "area": "formación humanística",
        "tipo": "optativa",
        "creditos_estimados": 6
      }
    ],
    "5": [
      {
        "nombre": "Cultura Gastronómica",
        "descripcion": "Introducción a la gastronomía y su relación con la producción agroalimentaria.",
        "area": "alimentación y cultura",
        "tipo": "formación complementaria",
        "creditos_estimados": 1
      },
      {
        "nombre": "Diseño Experimental Agrícola",
        "descripcion": "Diseño y análisis de experimentos aplicados a investigaciones agrícolas.",
        "area": "investigación aplicada",
        "tipo": "profesional",
        "creditos_estimados": 3
      },
      {
        "nombre": "Fitopatología Agrícola",
        "descripcion": "Diagnóstico y manejo de enfermedades en cultivos agrícolas.",
        "area": "ciencias agrarias",
        "tipo": "profesional",
        "creditos_estimados": 3
      },
      {
        "nombre": "Principios de Finanzas",
        "descripcion": "Gestión financiera en empresas agrícolas y agroindustriales.",
        "area": "finanzas",
        "tipo": "profesional",
        "creditos_estimados": 3
      },
      {
        "nombre": "Electiva Libre",
        "descripcion": "Asignatura elegida por el estudiante para ampliar su formación.",
        "area": "optativa",
        "tipo": "electiva",
        "creditos_estimados": 3
      }
    ],
    "6": [
      {
        "nombre": "Entomología y Manejo Integrado de Plagas",
        "descripcion": "Identificación y control de plagas en sistemas agrícolas sostenibles.",
        "area": "ciencias agrarias",
        "tipo": "profesional",
        "creditos_estimados": 3
      },
      {
        "nombre": "Emprendimiento",
        "descripcion": "Desarrollo de proyectos empresariales sostenibles en el sector agroalimentario.",
        "area": "gestión empresarial",
        "tipo": "formación complementaria",
        "creditos_estimados": 3
      },
      {
        "nombre": "Fitomejoramiento",
        "descripcion": "Métodos de mejoramiento genético de plantas agrícolas.",
        "area": "biotecnología agrícola",
        "tipo": "profesional",
        "creditos_estimados": 3
      },
      {
        "nombre": "Cultivo de Árboles Frutales y Bayas",
        "descripcion": "Manejo y producción de cultivos frutales para la agroindustria.",
        "area": "agroindustrial",
        "tipo": "profesional",
        "creditos_estimados": 3
      },
      {
        "nombre": "Optativa I",
        "descripcion": "Asignatura de libre elección en el área de especialización.",
        "area": "optativa",
        "tipo": "electiva",
        "creditos_estimados": 3
      }
    ],
    "7": [
      {
        "nombre": "Economía Agroalimentaria",
        "descripcion": "Análisis económico de los sistemas agroalimentarios y su cadena de valor.",
        "area": "economía agrícola",
        "tipo": "profesional",
        "creditos_estimados": 3
      },
      {
        "nombre": "Agrobiotecnología",
        "descripcion": "Aplicación de técnicas biotecnológicas en la producción agrícola.",
        "area": "biotecnología agrícola",
        "tipo": "profesional",
        "creditos_estimados": 3
      },
      {
        "nombre": "Procesamiento de Frutas y Hortalizas",
        "descripcion": "Procesos industriales para la conservación y transformación de productos agrícolas.",
        "area": "agroindustrial",
        "tipo": "profesional",
        "creditos_estimados": 3
      },
      {
        "nombre": "Riego y Drenaje",
        "descripcion": "Diseño y gestión de sistemas de riego y drenaje agrícola.",
        "area": "ingeniería agrícola",
        "tipo": "profesional",
        "creditos_estimados": 3
      },
      {
        "nombre": "Optativa II",
        "descripcion": "Curso optativo para profundizar en un área de interés específico.",
        "area": "optativa",
        "tipo": "electiva",
        "creditos_estimados": 3
      }
    ],
    "8": [
      {
        "nombre": "Estudio de Casos en Agricultura",
        "descripcion": "Análisis de casos reales en gestión agrícola y agroempresarial.",
        "area": "investigación aplicada",
        "tipo": "profesional",
        "creditos_estimados": 3
      },
      {
        "nombre": "Floricultura",
        "descripcion": "Producción y comercialización de flores y plantas ornamentales.",
        "area": "agroindustrial",
        "tipo": "profesional",
        "creditos_estimados": 3
      },
      {
        "nombre": "Agricultura Orgánica",
        "descripcion": "Principios y prácticas de agricultura sustentable sin uso de agroquímicos.",
        "area": "sostenibilidad agrícola",
        "tipo": "profesional",
        "creditos_estimados": 3
      },
      {
        "nombre": "Cultivos Tropicales",
        "descripcion": "Producción y manejo de cultivos tropicales de alto valor comercial.",
        "area": "ciencias agrarias",
        "tipo": "profesional",
        "creditos_estimados": 3
      },
      {
        "nombre": "Optativa III",
        "descripcion": "Curso optativo orientado a la especialización profesional.",
        "area": "optativa",
        "tipo": "electiva",
        "creditos_estimados": 3
      }
    ],
    "9": [
      {
        "nombre": "Comercio Exterior Agrícola",
        "descripcion": "Gestión de exportaciones y normativas internacionales del comercio agrícola.",
        "area": "comercio y negocios internacionales",
        "tipo": "profesional",
        "creditos_estimados": 3
      },
      {
        "nombre": "Electiva II",
        "descripcion": "Asignatura de libre elección para fortalecer el perfil profesional.",
        "area": "optativa",
        "tipo": "electiva",
        "creditos_estimados": 3
      },
      {
        "nombre": "Proyecto Integrador en Agroempresa",
        "descripcion": "Desarrollo de un proyecto aplicado que integra los conocimientos adquiridos durante la carrera.",
        "area": "investigación aplicada",
        "tipo": "investigación",
        "creditos_estimados": 5
      },
      {
        "nombre": "Optativa IV",
        "descripcion": "Curso final optativo orientado a especialización o innovación en el sector agrícola.",
        "area": "optativa",
        "tipo": "electiva",
        "creditos_estimados": 3
      }
    ]
  }
}
