{
  "universidad": "Universidad San Francisco de Quito (USFQ)",
  "carrera": "Ingeniería de Alimentos / Food Engineering",
  "modalidad": "Presencial",
  "duracion_semestres": 9,
  "titulo": "Ingeniero/a en Alimentos",
  "malla_curricular": {
    "1": [
      {
        "nombre": "Cálculo Diferencial",
        "descripcion": "Conceptos de cálculo diferencial aplicados a problemas de ingeniería.",
        "area": "matemática y estadística",
        "tipo": "básica",
        "creditos_estimados": 3
      },
      {
        "nombre": "Taller de Ingeniería en Alimentos",
        "descripcion": "Introducción a la carrera y exploración de los procesos en la industria alimentaria.",
        "area": "ingeniería de alimentos",
        "tipo": "profesional",
        "creditos_estimados": 3
      },
      {
        "nombre": "Química General I",
        "descripcion": "Fundamentos de química general con laboratorio orientados a procesos alimentarios.",
        "area": "ciencias básicas",
        "tipo": "básica",
        "creditos_estimados": 3
      },
      {
        "nombre": "Introducción a la Economía",
        "descripcion": "Conceptos básicos de economía y su relación con la industria alimentaria.",
        "area": "economía",
        "tipo": "formación complementaria",
        "creditos_estimados": 3
      },
      {
        "nombre": "Autoconocimiento",
        "descripcion": "Desarrollo de habilidades personales y valores éticos en la formación profesional.",
        "area": "formación humanística",
        "tipo": "formación general",
        "creditos_estimados": 3
      }
    ],
    "2": [
      {
        "nombre": "Escritura Académica",
        "descripcion": "Desarrollo de competencias en redacción científica y técnica.",
        "area": "comunicación académica",
        "tipo": "formación general",
        "creditos_estimados": 3
      },
      {
        "nombre": "Biología General",
        "descripcion": "Principios biológicos con enfoque en microbiología y bioquímica de alimentos.",
        "area": "ciencias biológicas",
        "tipo": "básica",
        "creditos_estimados": 3
      },
      {
        "nombre": "Química General II",
        "descripcion": "Continuación de química general enfocada en reacciones y soluciones.",
        "area": "ciencias básicas",
        "tipo": "básica",
        "creditos_estimados": 3
      },
      {
        "nombre": "Cálculo Integral",
        "descripcion": "Aplicaciones del cálculo integral en problemas de transferencia de calor y masa.",
        "area": "matemática y estadística",
        "tipo": "básica",
        "creditos_estimados": 3
      },
      {
        "nombre": "Balance de Masa y Energía",
        "descripcion": "Aplicación de los principios de conservación de masa y energía en procesos industriales.",
        "area": "ingeniería química",
        "tipo": "profesional",
        "creditos_estimados": 3
      }
    ],
    "3": [
      {
        "nombre": "Química Orgánica Básica",
        "descripcion": "Estudio de estructuras, reacciones y compuestos orgánicos relevantes en alimentos.",
        "area": "ciencias químicas",
        "tipo": "básica",
        "creditos_estimados": 3
      },
      {
        "nombre": "Ecuaciones Diferenciales",
        "descripcion": "Resolución de ecuaciones diferenciales aplicadas a procesos de ingeniería.",
        "area": "matemática y estadística",
        "tipo": "básica",
        "creditos_estimados": 3
      },
      {
        "nombre": "Física para Ingeniería I",
        "descripcion": "Conceptos de mecánica y energía aplicados a la ingeniería alimentaria.",
        "area": "ciencias físicas",
        "tipo": "básica",
        "creditos_estimados": 3
      },
      {
        "nombre": "Termodinámica Química",
        "descripcion": "Principios termodinámicos aplicados a sistemas químicos e industriales.",
        "area": "ingeniería química",
        "tipo": "profesional",
        "creditos_estimados": 3
      },
      {
        "nombre": "Ser y Cosmos",
        "descripcion": "Reflexión filosófica sobre la relación del ser humano con el universo y la ciencia.",
        "area": "formación humanística",
        "tipo": "formación general",
        "creditos_estimados": 3
      }
    ],
    "4": [
      {
        "nombre": "Química de Alimentos",
        "descripcion": "Composición y reacciones químicas de los componentes de los alimentos.",
        "area": "ingeniería de alimentos",
        "tipo": "profesional",
        "creditos_estimados": 3
      },
      {
        "nombre": "Física para Ingeniería II",
        "descripcion": "Fenómenos eléctricos y térmicos aplicados a procesos industriales.",
        "area": "ciencias físicas",
        "tipo": "básica",
        "creditos_estimados": 3
      },
      {
        "nombre": "Aprendizaje y Servicio PASEC",
        "descripcion": "Servicio comunitario con aplicación práctica de conocimientos profesionales.",
        "area": "formación práctica",
        "tipo": "comunitaria",
        "creditos_estimados": 3
      },
      {
        "nombre": "Probabilidad y Estadística",
        "descripcion": "Análisis estadístico aplicado a la calidad y experimentación en alimentos.",
        "area": "matemática y estadística",
        "tipo": "básica",
        "creditos_estimados": 3
      },
      {
        "nombre": "Fenómenos de Transporte",
        "descripcion": "Transferencia de masa, calor y momento en sistemas alimentarios.",
        "area": "ingeniería de procesos",
        "tipo": "profesional",
        "creditos_estimados": 3
      }
    ],
    "5": [
      {
        "nombre": "Cultura Gastronómica",
        "descripcion": "Exploración de la relación entre la cultura, gastronomía y ciencia alimentaria.",
        "area": "formación cultural",
        "tipo": "formación complementaria",
        "creditos_estimados": 1
      },
      {
        "nombre": "Diseño de Experimentos",
        "descripcion": "Metodologías para optimizar procesos y productos alimentarios.",
        "area": "investigación aplicada",
        "tipo": "profesional",
        "creditos_estimados": 3
      },
      {
        "nombre": "Emprendimiento",
        "descripcion": "Creación y gestión de proyectos empresariales en el ámbito alimentario.",
        "area": "gestión empresarial",
        "tipo": "profesional",
        "creditos_estimados": 3
      },
      {
        "nombre": "Análisis de Alimentos",
        "descripcion": "Métodos analíticos para evaluar la composición y calidad de los alimentos.",
        "area": "ingeniería de alimentos",
        "tipo": "profesional",
        "creditos_estimados": 3
      },
      {
        "nombre": "Microbiología de Alimentos",
        "descripcion": "Estudio de microorganismos en la producción y conservación de alimentos.",
        "area": "microbiología",
        "tipo": "profesional",
        "creditos_estimados": 3
      }
    ],
    "6": [
      {
        "nombre": "Alimentos Funcionales",
        "descripcion": "Desarrollo y evaluación de alimentos con propiedades beneficiosas para la salud.",
        "area": "nutrición y biotecnología",
        "tipo": "profesional",
        "creditos_estimados": 3
      },
      {
        "nombre": "Gestión por Procesos",
        "descripcion": "Herramientas de gestión y control en sistemas productivos.",
        "area": "gestión de calidad",
        "tipo": "profesional",
        "creditos_estimados": 3
      },
      {
        "nombre": "Operaciones Unitarias I",
        "descripcion": "Diseño de operaciones físicas básicas en la industria alimentaria.",
        "area": "ingeniería de procesos",
        "tipo": "profesional",
        "creditos_estimados": 3
      },
      {
        "nombre": "Ciencias Sociales",
        "descripcion": "Estudios en sociología, historia o psicología aplicados al entorno profesional.",
        "area": "formación general",
        "tipo": "optativa",
        "creditos_estimados": 3
      },
      {
        "nombre": "Humanidades",
        "descripcion": "Cursos en literatura, arte o filosofía como parte del desarrollo integral.",
        "area": "formación humanística",
        "tipo": "optativa",
        "creditos_estimados": 3
      }
    ],
    "7": [
      {
        "nombre": "Deportes",
        "descripcion": "Actividad física orientada al bienestar y equilibrio integral.",
        "area": "formación general",
        "tipo": "básica",
        "creditos_estimados": 1
      },
      {
        "nombre": "Evaluación Sensorial",
        "descripcion": "Métodos de análisis sensorial aplicados a la industria alimentaria.",
        "area": "investigación aplicada",
        "tipo": "profesional",
        "creditos_estimados": 3
      },
      {
        "nombre": "Frutas y Hortalizas",
        "descripcion": "Procesamiento y conservación de frutas y vegetales.",
        "area": "ingeniería de alimentos",
        "tipo": "profesional",
        "creditos_estimados": 3
      },
      {
        "nombre": "Cárnicos",
        "descripcion": "Procesamiento de productos cárnicos y control de calidad.",
        "area": "ingeniería de alimentos",
        "tipo": "profesional",
        "creditos_estimados": 3
      },
      {
        "nombre": "Operaciones Unitarias II",
        "descripcion": "Procesos avanzados de separación y transferencia en la industria alimentaria.",
        "area": "ingeniería de procesos",
        "tipo": "profesional",
        "creditos_estimados": 3
      }
    ],
    "8": [
      {
        "nombre": "Lácteos",
        "descripcion": "Tecnología y control de calidad en la elaboración de productos lácteos.",
        "area": "ingeniería de alimentos",
        "tipo": "profesional",
        "creditos_estimados": 3
      },
      {
        "nombre": "Desarrollo de Nuevos Productos",
        "descripcion": "Innovación y diseño de alimentos en respuesta a tendencias del mercado.",
        "area": "investigación aplicada",
        "tipo": "profesional",
        "creditos_estimados": 3
      },
      {
        "nombre": "Biotecnología de Alimentos",
        "descripcion": "Aplicación de biotecnología en la mejora de procesos y productos alimentarios.",
        "area": "biotecnología alimentaria",
        "tipo": "profesional",
        "creditos_estimados": 3
      },
      {
        "nombre": "Ingeniería de la Calidad",
        "descripcion": "Control estadístico y mejora de la calidad en procesos productivos.",
        "area": "gestión de calidad",
        "tipo": "profesional",
        "creditos_estimados": 3
      },
      {
        "nombre": "Arte",
        "descripcion": "Asignatura artística en áreas como música, danza o teatro.",
        "area": "formación humanística",
        "tipo": "optativa",
        "creditos_estimados": 3
      }
    ],
    "9": [
      {
        "nombre": "Coloquios",
        "descripcion": "Seminario de reflexión y cierre del proceso académico.",
        "area": "formación general",
        "tipo": "formación complementaria",
        "creditos_estimados": 1
      },
      {
        "nombre": "Proyectos: Gerencia y Análisis",
        "descripcion": "Planificación, gestión y ejecución de proyectos industriales.",
        "area": "gestión de proyectos",
        "tipo": "profesional",
        "creditos_estimados": 3
      },
      {
        "nombre": "Electiva Libre II",
        "descripcion": "Curso libre de profundización o multidisciplinario.",
        "area": "optativa",
        "tipo": "electiva",
        "creditos_estimados": 3
      },
      {
        "nombre": "Optativa II",
        "descripcion": "Curso optativo especializado de acuerdo al área de interés del estudiante.",
        "area": "optativa",
        "tipo": "electiva",
        "creditos_estimados": 3
      },
      {
        "nombre": "Proyecto Integrador ALI",
        "descripcion": "Desarrollo del proyecto final que integra los conocimientos de la carrera.",
        "area": "investigación aplicada",
        "tipo": "investigación",
        "creditos_estimados": 5
      }
    ]
  }
}
