{
  "universidad": "Universidad San Francisco de Quito (USFQ)",
  "carrera": "Ingeniería Ambiental / Environmental Engineering",
  "modalidad": "Presencial",
  "duracion_semestres": 9,
  "titulo": "Ingeniero/a en Ambiental",
  "malla_curricular": {
    "1": [
      {
        "nombre": "Escritura Académica",
        "descripcion": "Desarrollo de habilidades de redacción científica y técnica aplicadas al ámbito académico.",
        "area": "comunicación académica",
        "tipo": "básica",
        "creditos_estimados": 3
      },
      {
        "nombre": "Cálculo Diferencial",
        "descripcion": "Fundamentos del cálculo diferencial con aplicaciones en la ingeniería ambiental.",
        "area": "matemática y estadística",
        "tipo": "básica",
        "creditos_estimados": 3
      },
      {
        "nombre": "Taller de Ingeniería Ambiental",
        "descripcion": "Introducción a la ingeniería ambiental y sus principales campos de aplicación.",
        "area": "ingeniería ambiental",
        "tipo": "profesional",
        "creditos_estimados": 3
      },
      {
        "nombre": "Química General I",
        "descripcion": "Principios de química inorgánica, estructura de la materia y reacciones químicas.",
        "area": "ciencias básicas",
        "tipo": "básica",
        "creditos_estimados": 3
      },
      {
        "nombre": "Autoconocimiento",
        "descripcion": "Desarrollo personal y reflexión sobre el rol del ingeniero en la sociedad.",
        "area": "formación humanística",
        "tipo": "formación general",
        "creditos_estimados": 3
      }
    ],
    "2": [
      {
        "nombre": "Biología General",
        "descripcion": "Estudio de los principios biológicos y de los ecosistemas naturales.",
        "area": "ciencias biológicas",
        "tipo": "básica",
        "creditos_estimados": 3
      },
      {
        "nombre": "Química General II",
        "descripcion": "Continuación de los conceptos de química aplicados al medio ambiente.",
        "area": "ciencias básicas",
        "tipo": "básica",
        "creditos_estimados": 3
      },
      {
        "nombre": "Cálculo Integral",
        "descripcion": "Aplicación del cálculo integral en modelación de procesos ambientales.",
        "area": "matemática y estadística",
        "tipo": "básica",
        "creditos_estimados": 3
      },
      {
        "nombre": "Introducción a la Economía",
        "descripcion": "Fundamentos económicos aplicados al desarrollo sostenible y gestión ambiental.",
        "area": "economía y gestión",
        "tipo": "básica",
        "creditos_estimados": 3
      },
      {
        "nombre": "Ser y Cosmos",
        "descripcion": "Reflexión filosófica sobre el ser humano, la ética y su relación con el entorno.",
        "area": "formación humanística",
        "tipo": "formación general",
        "creditos_estimados": 3
      }
    ],
    "3": [
      {
        "nombre": "Ecuaciones Diferenciales",
        "descripcion": "Modelación de fenómenos naturales mediante ecuaciones diferenciales aplicadas.",
        "area": "matemática y estadística",
        "tipo": "básica",
        "creditos_estimados": 3
      },
      {
        "nombre": "Herramientas de Ingeniería Ambiental I",
        "descripcion": "Aplicación de software y herramientas de cálculo en problemas ambientales.",
        "area": "ingeniería ambiental",
        "tipo": "profesional",
        "creditos_estimados": 3
      },
      {
        "nombre": "Física para Ingenieros I",
        "descripcion": "Conceptos fundamentales de mecánica y energía en sistemas naturales.",
        "area": "física aplicada",
        "tipo": "básica",
        "creditos_estimados": 3
      },
      {
        "nombre": "Probabilidad y Estadística",
        "descripcion": "Análisis estadístico y probabilístico aplicado al monitoreo ambiental.",
        "area": "matemática y estadística",
        "tipo": "básica",
        "creditos_estimados": 3
      },
      {
        "nombre": "Arte",
        "descripcion": "Curso electivo de arte, música, teatro o danza como parte del desarrollo integral.",
        "area": "formación general",
        "tipo": "optativa",
        "creditos_estimados": 3
      }
    ],
    "4": [
      {
        "nombre": "Herramientas de Ingeniería Ambiental II",
        "descripcion": "Aplicaciones avanzadas de modelado y análisis de datos ambientales.",
        "area": "ingeniería ambiental",
        "tipo": "profesional",
        "creditos_estimados": 3
      },
      {
        "nombre": "Ecología General",
        "descripcion": "Estructura y funcionamiento de los ecosistemas y su relación con el impacto humano.",
        "area": "ciencias ambientales",
        "tipo": "profesional",
        "creditos_estimados": 3
      },
      {
        "nombre": "Sistemas de Información Geográfica y Sensores Remotos",
        "descripcion": "Uso de tecnologías SIG y teledetección en estudios ambientales.",
        "area": "tecnología ambiental",
        "tipo": "profesional",
        "creditos_estimados": 3
      },
      {
        "nombre": "Física para Ingenieros II",
        "descripcion": "Electricidad, magnetismo y ondas aplicadas a procesos ambientales.",
        "area": "física aplicada",
        "tipo": "básica",
        "creditos_estimados": 3
      },
      {
        "nombre": "Ciencias Sociales",
        "descripcion": "Curso optativo en historia, sociología, política o psicología.",
        "area": "formación humanística",
        "tipo": "optativa",
        "creditos_estimados": 3
      }
    ],
    "5": [
      {
        "nombre": "Deportes",
        "descripcion": "Actividad física y deportiva obligatoria para promover el bienestar integral.",
        "area": "formación general",
        "tipo": "básica",
        "creditos_estimados": 1
      },
      {
        "nombre": "Calidad del Aire",
        "descripcion": "Evaluación, control y modelado de la contaminación atmosférica.",
        "area": "gestión ambiental",
        "tipo": "profesional",
        "creditos_estimados": 3
      },
      {
        "nombre": "Emprendimiento",
        "descripcion": "Desarrollo de proyectos sostenibles e innovadores en ingeniería ambiental.",
        "area": "gestión y administración",
        "tipo": "profesional",
        "creditos_estimados": 3
      },
      {
        "nombre": "Ingeniería del Flujo",
        "descripcion": "Estudio de fluidos y su comportamiento en sistemas naturales y artificiales.",
        "area": "ingeniería de procesos",
        "tipo": "profesional",
        "creditos_estimados": 3
      },
      {
        "nombre": "Seguridad, Salud y Ambiente",
        "descripcion": "Normativas y buenas prácticas en seguridad industrial y protección ambiental.",
        "area": "gestión ambiental",
        "tipo": "profesional",
        "creditos_estimados": 3
      },
      {
        "nombre": "Aprendizaje y Servicio PASEC",
        "descripcion": "Práctica de vinculación con la comunidad mediante proyectos ambientales.",
        "area": "formación práctica",
        "tipo": "comunitaria",
        "creditos_estimados": 3
      }
    ],
    "6": [
      {
        "nombre": "Cultura Gastronómica",
        "descripcion": "Curso sobre la relación entre cultura, alimentación y sostenibilidad.",
        "area": "formación general",
        "tipo": "formación complementaria",
        "creditos_estimados": 1
      },
      {
        "nombre": "Caracterización Ambiental",
        "descripcion": "Métodos de muestreo y análisis de parámetros ambientales.",
        "area": "monitoreo ambiental",
        "tipo": "profesional",
        "creditos_estimados": 3
      },
      {
        "nombre": "Química Ambiental",
        "descripcion": "Procesos químicos en el aire, agua y suelo relacionados con la contaminación.",
        "area": "ciencias ambientales",
        "tipo": "profesional",
        "creditos_estimados": 3
      },
      {
        "nombre": "Contaminación Industrial",
        "descripcion": "Evaluación y mitigación del impacto ambiental de las actividades industriales.",
        "area": "gestión ambiental",
        "tipo": "profesional",
        "creditos_estimados": 3
      },
      {
        "nombre": "Transporte de Contaminantes",
        "descripcion": "Modelos de transporte de contaminantes en aire, agua y suelo.",
        "area": "ingeniería ambiental",
        "tipo": "profesional",
        "creditos_estimados": 3
      },
      {
        "nombre": "Electiva Libre I",
        "descripcion": "Asignatura electiva que complementa la formación profesional.",
        "area": "optativa",
        "tipo": "electiva",
        "creditos_estimados": 3
      }
    ],
    "7": [
      {
        "nombre": "Biorremediación",
        "descripcion": "Uso de microorganismos y técnicas biotecnológicas en la remediación ambiental.",
        "area": "biotecnología ambiental",
        "tipo": "profesional",
        "creditos_estimados": 3
      },
      {
        "nombre": "Cambio Climático y Sociedad",
        "descripcion": "Estudio del cambio climático y sus implicaciones sociales y ecológicas.",
        "area": "ciencias ambientales",
        "tipo": "profesional",
        "creditos_estimados": 3
      },
      {
        "nombre": "Meteorología",
        "descripcion": "Principios de meteorología y su relación con la calidad ambiental.",
        "area": "ciencias atmosféricas",
        "tipo": "profesional",
        "creditos_estimados": 3
      },
      {
        "nombre": "Tratamiento de Aguas Residuales I",
        "descripcion": "Procesos físicos, químicos y biológicos en el tratamiento de aguas residuales.",
        "area": "ingeniería sanitaria",
        "tipo": "profesional",
        "creditos_estimados": 3
      },
      {
        "nombre": "Humanidades",
        "descripcion": "Curso en literatura, filosofía o historia del arte.",
        "area": "formación humanística",
        "tipo": "optativa",
        "creditos_estimados": 3
      }
    ],
    "8": [
      {
        "nombre": "Monitoreo Atmosférico",
        "descripcion": "Técnicas de medición y análisis de contaminantes atmosféricos.",
        "area": "ciencias ambientales",
        "tipo": "profesional",
        "creditos_estimados": 3
      },
      {
        "nombre": "Modelado Ambiental",
        "descripcion": "Simulación computacional de sistemas ambientales complejos.",
        "area": "tecnología ambiental",
        "tipo": "profesional",
        "creditos_estimados": 3
      },
      {
        "nombre": "Energías Renovables",
        "descripcion": "Principios y aplicación de tecnologías limpias para la generación energética.",
        "area": "energía sostenible",
        "tipo": "profesional",
        "creditos_estimados": 3
      },
      {
        "nombre": "Gestión de Residuos",
        "descripcion": "Manejo y disposición adecuada de residuos sólidos y peligrosos.",
        "area": "gestión ambiental",
        "tipo": "profesional",
        "creditos_estimados": 3
      },
      {
        "nombre": "Tratamiento de Aguas Residuales II",
        "descripcion": "Procesos avanzados para el tratamiento y reutilización del agua.",
        "area": "ingeniería sanitaria",
        "tipo": "profesional",
        "creditos_estimados": 3
      }
    ],
    "9": [
      {
        "nombre": "Coloquios",
        "descripcion": "Seminario de cierre académico para la integración de conocimientos profesionales.",
        "area": "formación general",
        "tipo": "formación complementaria",
        "creditos_estimados": 1
      },
      {
        "nombre": "Impacto Ambiental y Sostenibilidad",
        "descripcion": "Evaluación del impacto ambiental y estrategias de desarrollo sostenible.",
        "area": "gestión ambiental",
        "tipo": "profesional",
        "creditos_estimados": 3
      },
      {
        "nombre": "Electiva Libre II",
        "descripcion": "Materia optativa avanzada elegida por el estudiante.",
        "area": "optativa",
        "tipo": "electiva",
        "creditos_estimados": 3
      },
      {
        "nombre": "Optativa INA",
        "descripcion": "Curso especializado dentro de la línea de Ingeniería Ambiental.",
        "area": "optativa profesional",
        "tipo": "electiva",
        "creditos_estimados": 3
      },
      {
        "nombre": "Proyecto Integrador INA",
        "descripcion": "Proyecto final de titulación que integra conocimientos técnicos y científicos.",
        "area": "investigación aplicada",
        "tipo": "investigación",
        "creditos_estimados": 5
      }
    ]
  }
}
