{
  "universidad": "Universidad San Francisco de Quito (USFQ)",
  "carrera": "Ingeniería Mecánica / Mechanical Engineering",
  "modalidad": "Presencial",
  "duracion_semestres": 9,
  "titulo": "Ingeniero/a Mecánico/a",
  "malla_curricular": {
    "1": [
      {
        "nombre": "Cálculo Diferencial",
        "descripcion": "Fundamentos del cálculo diferencial y su aplicación en problemas físicos y de ingeniería.",
        "area": "matemática",
        "tipo": "básica",
        "creditos_estimados": 3
      },
      {
        "nombre": "Introducción a la Ingeniería Mecánica",
        "descripcion": "Panorama general de la ingeniería mecánica, sus campos de aplicación y herramientas básicas.",
        "area": "ingeniería mecánica",
        "tipo": "profesional",
        "creditos_estimados": 3
      },
      {
        "nombre": "Introducción a la Economía",
        "descripcion": "Conceptos económicos esenciales aplicados a la gestión industrial y energética.",
        "area": "economía y gestión",
        "tipo": "formación complementaria",
        "creditos_estimados": 3
      },
      {
        "nombre": "Autoconocimiento",
        "descripcion": "Desarrollo de habilidades personales, emocionales y éticas para el ejercicio profesional.",
        "area": "formación humanística",
        "tipo": "formación general",
        "creditos_estimados": 3
      },
      {
        "nombre": "Cosmos",
        "descripcion": "Reflexión filosófica sobre el universo y la naturaleza desde una perspectiva científica.",
        "area": "formación humanística",
        "tipo": "formación general",
        "creditos_estimados": 3
      }
    ],
    "2": [
      {
        "nombre": "Escritura Académica",
        "descripcion": "Técnicas de redacción y comunicación científica en contextos académicos y técnicos.",
        "area": "comunicación académica",
        "tipo": "formación general",
        "creditos_estimados": 3
      },
      {
        "nombre": "Química General I + Laboratorio",
        "descripcion": "Principios químicos básicos aplicados a materiales y procesos de ingeniería.",
        "area": "ciencias básicas",
        "tipo": "básica",
        "creditos_estimados": 3
      },
      {
        "nombre": "Cálculo Integral",
        "descripcion": "Integrales definidas e indefinidas con aplicaciones en sistemas mecánicos y térmicos.",
        "area": "matemática",
        "tipo": "básica",
        "creditos_estimados": 3
      },
      {
        "nombre": "Ser y Cosmos",
        "descripcion": "Análisis filosófico del ser humano, la ciencia y la ética profesional.",
        "area": "formación humanística",
        "tipo": "formación general",
        "creditos_estimados": 3
      },
      {
        "nombre": "Arte (Arte, Música, Danza o Teatro)",
        "descripcion": "Desarrollo cultural y creativo mediante la exploración de las artes.",
        "area": "formación general",
        "tipo": "optativa",
        "creditos_estimados": 3
      }
    ],
    "3": [
      {
        "nombre": "Mecánica Computacional",
        "descripcion": "Aplicación de métodos numéricos para resolver problemas mecánicos y estructurales.",
        "area": "mecánica computacional",
        "tipo": "profesional",
        "creditos_estimados": 3
      },
      {
        "nombre": "Ecuaciones Diferenciales",
        "descripcion": "Modelado de sistemas dinámicos mediante ecuaciones diferenciales ordinarias.",
        "area": "matemática aplicada",
        "tipo": "básica",
        "creditos_estimados": 3
      },
      {
        "nombre": "Física para Ingenieros I",
        "descripcion": "Estudio de la mecánica clásica aplicada a sistemas físicos y estructuras.",
        "area": "física aplicada",
        "tipo": "básica",
        "creditos_estimados": 3
      },
      {
        "nombre": "Cálculo Vectorial",
        "descripcion": "Cálculo de campos vectoriales aplicados a fluidos y sistemas electromecánicos.",
        "area": "matemática avanzada",
        "tipo": "básica",
        "creditos_estimados": 3
      },
      {
        "nombre": "Humanidades",
        "descripcion": "Curso de literatura, filosofía o historia del arte para fortalecer el pensamiento crítico.",
        "area": "formación humanística",
        "tipo": "optativa",
        "creditos_estimados": 3
      }
    ],
    "4": [
      {
        "nombre": "Deportes",
        "descripcion": "Actividad física orientada al bienestar integral del estudiante.",
        "area": "formación general",
        "tipo": "formación complementaria",
        "creditos_estimados": 1
      },
      {
        "nombre": "Taller Mecánico",
        "descripcion": "Laboratorio práctico de manufactura, uso de herramientas y maquinaria básica.",
        "area": "manufactura y procesos",
        "tipo": "profesional",
        "creditos_estimados": 3
      },
      {
        "nombre": "Dibujo Mecánico y CAD-CAM",
        "descripcion": "Diseño asistido por computadora (CAD/CAM) aplicado a ingeniería mecánica.",
        "area": "diseño y modelado",
        "tipo": "profesional",
        "creditos_estimados": 3
      },
      {
        "nombre": "Física para Ingenieros II",
        "descripcion": "Electricidad y magnetismo aplicados a sistemas electromecánicos.",
        "area": "física aplicada",
        "tipo": "básica",
        "creditos_estimados": 3
      },
      {
        "nombre": "Aprendizaje y Servicio PASEC",
        "descripcion": "Práctica de vinculación con la comunidad a través de proyectos de ingeniería.",
        "area": "formación práctica",
        "tipo": "comunitaria",
        "creditos_estimados": 3
      },
      {
        "nombre": "Electiva Libre I",
        "descripcion": "Materia libre elegida por el estudiante para fortalecer áreas de interés.",
        "area": "optativa general",
        "tipo": "electiva",
        "creditos_estimados": 3
      }
    ],
    "5": [
      {
        "nombre": "Cultura Gastronómica",
        "descripcion": "Seminario sobre cultura y sostenibilidad alimentaria ecuatoriana.",
        "area": "formación general",
        "tipo": "formación complementaria",
        "creditos_estimados": 1
      },
      {
        "nombre": "Electrónica Básica",
        "descripcion": "Fundamentos de electrónica y circuitos eléctricos aplicados a ingeniería mecánica.",
        "area": "electrónica aplicada",
        "tipo": "profesional",
        "creditos_estimados": 3
      },
      {
        "nombre": "Emprendimiento",
        "descripcion": "Principios para el desarrollo de proyectos y negocios tecnológicos.",
        "area": "gestión e innovación",
        "tipo": "profesional",
        "creditos_estimados": 3
      },
      {
        "nombre": "Ciencia e Ingeniería de Materiales",
        "descripcion": "Propiedades de los materiales y su aplicación en ingeniería mecánica.",
        "area": "materiales y manufactura",
        "tipo": "profesional",
        "creditos_estimados": 3
      },
      {
        "nombre": "Estática",
        "descripcion": "Análisis del equilibrio de cuerpos rígidos y estructuras mecánicas.",
        "area": "mecánica estructural",
        "tipo": "profesional",
        "creditos_estimados": 3
      },
      {
        "nombre": "Termodinámica I",
        "descripcion": "Principios de la termodinámica aplicados a sistemas térmicos y energéticos.",
        "area": "energía y termodinámica",
        "tipo": "profesional",
        "creditos_estimados": 3
      }
    ],
    "6": [
      {
        "nombre": "Dinámica y Vibraciones",
        "descripcion": "Análisis del movimiento, fuerzas y vibraciones en sistemas mecánicos.",
        "area": "mecánica dinámica",
        "tipo": "profesional",
        "creditos_estimados": 3
      },
      {
        "nombre": "Métodos Numéricos",
        "descripcion": "Métodos computacionales para resolver ecuaciones diferenciales y simulaciones.",
        "area": "mecánica computacional",
        "tipo": "profesional",
        "creditos_estimados": 3
      },
      {
        "nombre": "Mecánica de Materiales",
        "descripcion": "Estudio de esfuerzos, deformaciones y propiedades mecánicas de los materiales.",
        "area": "estructuras y materiales",
        "tipo": "profesional",
        "creditos_estimados": 3
      },
      {
        "nombre": "Termodinámica II",
        "descripcion": "Ciclos termodinámicos avanzados y aplicaciones en sistemas energéticos.",
        "area": "energía y termodinámica",
        "tipo": "profesional",
        "creditos_estimados": 3
      },
      {
        "nombre": "Ciencias Sociales",
        "descripcion": "Curso optativo en historia, sociología, psicología o relaciones internacionales.",
        "area": "formación humanística",
        "tipo": "optativa",
        "creditos_estimados": 3
      }
    ],
    "7": [
      {
        "nombre": "Mecánica de Fluidos",
        "descripcion": "Estudio del comportamiento de fluidos en movimiento y reposo.",
        "area": "hidráulica y fluidos",
        "tipo": "profesional",
        "creditos_estimados": 3
      },
      {
        "nombre": "Transferencia de Calor",
        "descripcion": "Conducción, convección y radiación del calor en sistemas térmicos.",
        "area": "energía y termodinámica",
        "tipo": "profesional",
        "creditos_estimados": 3
      },
      {
        "nombre": "Procesamiento de Materiales",
        "descripcion": "Procesos de manufactura, deformación y tratamiento térmico de materiales.",
        "area": "manufactura y materiales",
        "tipo": "profesional",
        "creditos_estimados": 3
      },
      {
        "nombre": "Diseño Mecánico",
        "descripcion": "Principios de diseño de componentes y sistemas mecánicos.",
        "area": "diseño mecánico",
        "tipo": "profesional",
        "creditos_estimados": 3
      },
      {
        "nombre": "Probabilidad y Estadística",
        "descripcion": "Análisis estadístico aplicado al control y evaluación de procesos mecánicos.",
        "area": "matemática aplicada",
        "tipo": "básica",
        "creditos_estimados": 3
      }
    ],
    "8": [
      {
        "nombre": "Coloquios",
        "descripcion": "Seminario de integración académica y profesional.",
        "area": "formación complementaria",
        "tipo": "formación general",
        "creditos_estimados": 1
      },
      {
        "nombre": "Elementos Finitos",
        "descripcion": "Método de análisis numérico para estructuras y sistemas mecánicos.",
        "area": "mecánica computacional",
        "tipo": "profesional",
        "creditos_estimados": 3
      },
      {
        "nombre": "Gestión de Proyectos",
        "descripcion": "Planificación, ejecución y control de proyectos de ingeniería mecánica.",
        "area": "gestión de proyectos",
        "tipo": "profesional",
        "creditos_estimados": 3
      },
      {
        "nombre": "Dinámica de Sistemas y Control",
        "descripcion": "Modelado y control de sistemas dinámicos mecánicos y electromecánicos.",
        "area": "control automático",
        "tipo": "profesional",
        "creditos_estimados": 3
      },
      {
        "nombre": "Diseño de Sistemas Energéticos o Diseño en Manufactura",
        "descripcion": "Diseño de sistemas energéticos o manufactura avanzada según elección del estudiante.",
        "area": "diseño avanzado",
        "tipo": "optativa profesional",
        "creditos_estimados": 3
      },
      {
        "nombre": "Optativa I",
        "descripcion": "Materia especializada elegida de la lista de optativas de ingeniería mecánica.",
        "area": "optativa profesional",
        "tipo": "electiva",
        "creditos_estimados": 3
      }
    ],
    "verano": [
      {
        "nombre": "Práctica Pre-profesional PASEM",
        "descripcion": "Práctica profesional supervisada en el área de ingeniería mecánica.",
        "area": "formación práctica",
        "tipo": "práctica preprofesional",
        "creditos_estimados": 5
      }
    ],
    "9": [
      {
        "nombre": "Automatización Industrial",
        "descripcion": "Diseño e implementación de sistemas automáticos para la industria.",
        "area": "automatización industrial",
        "tipo": "profesional",
        "creditos_estimados": 3
      },
      {
        "nombre": "Electiva Libre II",
        "descripcion": "Materia libre para complementar el perfil profesional o interdisciplinario.",
        "area": "optativa general",
        "tipo": "electiva",
        "creditos_estimados": 3
      },
      {
        "nombre": "Optativa II",
        "descripcion": "Curso especializado dentro de la lista de materias optativas de ingeniería mecánica.",
        "area": "optativa profesional",
        "tipo": "electiva",
        "creditos_estimados": 3
      },
      {
        "nombre": "Proyecto Integrador IME",
        "descripcion": "Desarrollo de un proyecto de titulación integrador en ingeniería mecánica.",
        "area": "investigación aplicada",
        "tipo": "investigación",
        "creditos_estimados": 5
      }
    ]
  }
}
