{
  "universidad": "Universidad San Francisco de Quito (USFQ)",
  "carrera": "Ingeniería en Biotecnología / Biotechnology Engineering",
  "modalidad": "Presencial",
  "duracion_semestres": 9,
  "titulo": "Ingeniero/a en Biotecnología",
  "malla_curricular": {
    "1": [
      {
        "nombre": "Escritura Académica",
        "descripcion": "Curso orientado al desarrollo de habilidades de redacción científica y técnica.",
        "area": "comunicación académica",
        "tipo": "básica",
        "creditos_estimados": 3
      },
      {
        "nombre": "Cálculo Diferencial",
        "descripcion": "Fundamentos del cálculo diferencial con aplicaciones en bioprocesos.",
        "area": "matemática y estadística",
        "tipo": "básica",
        "creditos_estimados": 3
      },
      {
        "nombre": "Biología General",
        "descripcion": "Principios biológicos y bases celulares de los organismos vivos con laboratorio.",
        "area": "ciencias biológicas",
        "tipo": "básica",
        "creditos_estimados": 3
      },
      {
        "nombre": "Autoconocimiento",
        "descripcion": "Exploración del desarrollo personal y liderazgo desde la formación integral.",
        "area": "formación humanística",
        "tipo": "formación general",
        "creditos_estimados": 3
      },
      {
        "nombre": "Cosmos",
        "descripcion": "Reflexión filosófica sobre la relación del ser humano con el universo.",
        "area": "formación humanística",
        "tipo": "formación general",
        "creditos_estimados": 3
      }
    ],
    "2": [
      {
        "nombre": "Química General I",
        "descripcion": "Principios básicos de la química general aplicados a sistemas biológicos.",
        "area": "ciencias químicas",
        "tipo": "básica",
        "creditos_estimados": 3
      },
      {
        "nombre": "Cálculo Integral",
        "descripcion": "Integrales definidas e indefinidas con aplicación en procesos biotecnológicos.",
        "area": "matemática y estadística",
        "tipo": "básica",
        "creditos_estimados": 3
      },
      {
        "nombre": "Introducción a la Biotecnología",
        "descripcion": "Panorama general de la biotecnología y sus principales aplicaciones industriales.",
        "area": "biotecnología",
        "tipo": "profesional",
        "creditos_estimados": 3
      },
      {
        "nombre": "Introducción a la Economía",
        "descripcion": "Principios económicos relevantes para la gestión de proyectos biotecnológicos.",
        "area": "economía",
        "tipo": "formación complementaria",
        "creditos_estimados": 3
      },
      {
        "nombre": "Arte",
        "descripcion": "Curso optativo de arte, música, teatro o danza para el desarrollo integral.",
        "area": "formación general",
        "tipo": "optativa",
        "creditos_estimados": 3
      }
    ],
    "3": [
      {
        "nombre": "Química Orgánica Básica",
        "descripcion": "Estudio de estructuras y reacciones orgánicas fundamentales.",
        "area": "ciencias químicas",
        "tipo": "básica",
        "creditos_estimados": 3
      },
      {
        "nombre": "Genética General",
        "descripcion": "Fundamentos de herencia, mutación y variabilidad genética con laboratorio.",
        "area": "biología molecular",
        "tipo": "profesional",
        "creditos_estimados": 3
      },
      {
        "nombre": "Física para Ciencias de la Vida",
        "descripcion": "Principios físicos aplicados a sistemas biológicos con prácticas experimentales.",
        "area": "física aplicada",
        "tipo": "básica",
        "creditos_estimados": 3
      },
      {
        "nombre": "Probabilidad y Estadística",
        "descripcion": "Análisis estadístico de datos experimentales en biología y biotecnología.",
        "area": "matemática y estadística",
        "tipo": "básica",
        "creditos_estimados": 3
      },
      {
        "nombre": "Ser y Cosmos",
        "descripcion": "Exploración filosófica y ética del ser humano frente a la ciencia y la naturaleza.",
        "area": "formación humanística",
        "tipo": "formación general",
        "creditos_estimados": 3
      }
    ],
    "4": [
      {
        "nombre": "Bioquímica y Metabolismo",
        "descripcion": "Estudio de los procesos metabólicos y reacciones bioquímicas celulares.",
        "area": "bioquímica",
        "tipo": "profesional",
        "creditos_estimados": 3
      },
      {
        "nombre": "Ecología General",
        "descripcion": "Principios de ecología, relaciones ecológicas y equilibrio de ecosistemas.",
        "area": "ciencias ambientales",
        "tipo": "básica",
        "creditos_estimados": 3
      },
      {
        "nombre": "Biología Molecular",
        "descripcion": "Mecanismos moleculares de expresión y regulación genética con laboratorio.",
        "area": "biología molecular",
        "tipo": "profesional",
        "creditos_estimados": 3
      },
      {
        "nombre": "Electiva Libre I",
        "descripcion": "Asignatura elegida libremente para complementar la formación profesional.",
        "area": "optativa",
        "tipo": "electiva",
        "creditos_estimados": 3
      },
      {
        "nombre": "Humanidades",
        "descripcion": "Curso electivo en filosofía, literatura o historia del arte.",
        "area": "formación humanística",
        "tipo": "optativa",
        "creditos_estimados": 3
      }
    ],
    "5": [
      {
        "nombre": "Cálculos en Bioprocesos",
        "descripcion": "Aplicación de ecuaciones y balances en procesos biotecnológicos.",
        "area": "ingeniería de bioprocesos",
        "tipo": "profesional",
        "creditos_estimados": 3
      },
      {
        "nombre": "Biotecnología de Animales",
        "descripcion": "Técnicas biotecnológicas aplicadas a organismos animales.",
        "area": "biotecnología animal",
        "tipo": "profesional",
        "creditos_estimados": 3
      },
      {
        "nombre": "Microbiología Aplicada",
        "descripcion": "Estudio de microorganismos y su uso en la industria biotecnológica.",
        "area": "microbiología",
        "tipo": "profesional",
        "creditos_estimados": 3
      },
      {
        "nombre": "Emprendimiento",
        "descripcion": "Desarrollo de ideas y proyectos empresariales en biotecnología.",
        "area": "gestión empresarial",
        "tipo": "formación complementaria",
        "creditos_estimados": 3
      },
      {
        "nombre": "Evolución",
        "descripcion": "Estudio de los mecanismos evolutivos que explican la biodiversidad.",
        "area": "biología evolutiva",
        "tipo": "básica",
        "creditos_estimados": 3
      }
    ],
    "6": [
      {
        "nombre": "Coloquios",
        "descripcion": "Seminario académico de discusión científica en temas biotecnológicos.",
        "area": "formación académica",
        "tipo": "formación complementaria",
        "creditos_estimados": 1
      },
      {
        "nombre": "Cultura Gastronómica",
        "descripcion": "Curso breve sobre cultura, sostenibilidad y alimentos.",
        "area": "formación general",
        "tipo": "formación complementaria",
        "creditos_estimados": 1
      },
      {
        "nombre": "Biotecnología Médica",
        "descripcion": "Aplicaciones de la biotecnología en medicina y salud humana.",
        "area": "biotecnología médica",
        "tipo": "profesional",
        "creditos_estimados": 3
      },
      {
        "nombre": "Biotecnología de Plantas",
        "descripcion": "Principios y técnicas para la manipulación genética de plantas.",
        "area": "biotecnología vegetal",
        "tipo": "profesional",
        "creditos_estimados": 3
      },
      {
        "nombre": "Aprendizaje y Servicio PASEC",
        "descripcion": "Práctica comunitaria para aplicar conocimientos biotecnológicos al entorno social.",
        "area": "formación práctica",
        "tipo": "comunitaria",
        "creditos_estimados": 3
      },
      {
        "nombre": "Ciencias Sociales",
        "descripcion": "Curso electivo en historia, política o sociología.",
        "area": "formación humanística",
        "tipo": "optativa",
        "creditos_estimados": 3
      }
    ],
    "7": [
      {
        "nombre": "Biorremediación",
        "descripcion": "Uso de microorganismos para descontaminar ambientes.",
        "area": "biotecnología ambiental",
        "tipo": "profesional",
        "creditos_estimados": 3
      },
      {
        "nombre": "Bioseguridad",
        "descripcion": "Normas y prácticas de seguridad en laboratorios biotecnológicos.",
        "area": "seguridad y salud ocupacional",
        "tipo": "profesional",
        "creditos_estimados": 3
      },
      {
        "nombre": "Genética y Bioinformática",
        "descripcion": "Análisis de datos genéticos mediante herramientas computacionales.",
        "area": "bioinformática",
        "tipo": "profesional",
        "creditos_estimados": 3
      },
      {
        "nombre": "Topics in Biotechnology",
        "descripcion": "Curso en inglés sobre temas avanzados y emergentes en biotecnología.",
        "area": "biotecnología avanzada",
        "tipo": "profesional",
        "creditos_estimados": 3
      },
      {
        "nombre": "Electiva Libre II",
        "descripcion": "Asignatura elegida libremente para fortalecer el perfil profesional.",
        "area": "optativa",
        "tipo": "electiva",
        "creditos_estimados": 3
      }
    ],
    "8": [
      {
        "nombre": "Diseño de Experimentos",
        "descripcion": "Diseño estadístico y análisis de experimentos científicos.",
        "area": "investigación aplicada",
        "tipo": "profesional",
        "creditos_estimados": 3
      },
      {
        "nombre": "Biotecnología de Alimentos",
        "descripcion": "Procesos biotecnológicos aplicados a la industria alimentaria.",
        "area": "biotecnología alimentaria",
        "tipo": "profesional",
        "creditos_estimados": 3
      },
      {
        "nombre": "Ingeniería Genética",
        "descripcion": "Técnicas de manipulación del ADN para la creación de organismos modificados.",
        "area": "biología molecular",
        "tipo": "profesional",
        "creditos_estimados": 3
      },
      {
        "nombre": "Bioética",
        "descripcion": "Estudio ético de los impactos de la biotecnología en la sociedad.",
        "area": "ética profesional",
        "tipo": "formación humanística",
        "creditos_estimados": 3
      },
      {
        "nombre": "Optativa I",
        "descripcion": "Curso especializado elegido por el estudiante dentro del área de interés.",
        "area": "optativa profesional",
        "tipo": "electiva",
        "creditos_estimados": 3
      }
    ],
    "verano": [
      {
        "nombre": "Práctica Pre-Profesional PASEM",
        "descripcion": "Práctica profesional supervisada en instituciones o empresas biotecnológicas.",
        "area": "formación práctica",
        "tipo": "práctica preprofesional",
        "creditos_estimados": 5
      }
    ],
    "9": [
      {
        "nombre": "Deportes",
        "descripcion": "Actividad física o deportiva obligatoria para promover el bienestar integral.",
        "area": "formación general",
        "tipo": "formación complementaria",
        "creditos_estimados": 1
      },
      {
        "nombre": "Procesos Industriales",
        "descripcion": "Operaciones industriales y escalamiento de bioprocesos.",
        "area": "ingeniería de bioprocesos",
        "tipo": "profesional",
        "creditos_estimados": 3
      },
      {
        "nombre": "Gestión de Proyectos",
        "descripcion": "Planificación y ejecución de proyectos científicos o industriales.",
        "area": "gestión y administración",
        "tipo": "profesional",
        "creditos_estimados": 3
      },
      {
        "nombre": "Optativa II",
        "descripcion": "Materia electiva de especialización en biotecnología.",
        "area": "optativa profesional",
        "tipo": "electiva",
        "creditos_estimados": 3
      },
      {
        "nombre": "Proyecto Integrador BTC",
        "descripcion": "Proyecto final que integra los conocimientos adquiridos a lo largo de la carrera.",
        "area": "investigación aplicada",
        "tipo": "investigación",
        "creditos_estimados": 5
      }
    ]
  }
}
