{
  "universidad": "Universidad Internacional del Ecuador (UIDE)",
  "carrera": "Ingeniería Automotriz",
  "modalidad": "Presencial",
  "duracion_semestres": 8,
  "titulo": "Ingeniero/a Automotriz",
  "malla_curricular": {
    "1": [
      {
        "nombre": "Álgebra Lineal",
        "descripcion": "Conceptos fundamentales de matrices, vectores y transformaciones lineales aplicadas a la ingeniería automotriz.",
        "area": "matemática y estadística",
        "tipo": "básica",
        "creditos_estimados": 4
      },
      {
        "nombre": "Física General",
        "descripcion": "Principios de mecánica clásica aplicados a sistemas automotrices y estructuras mecánicas.",
        "area": "ciencias básicas",
        "tipo": "básica",
        "creditos_estimados": 3
      },
      {
        "nombre": "Introducción a la Ingeniería Automotriz",
        "descripcion": "Panorama general de la ingeniería automotriz, sus áreas de aplicación y tendencias tecnológicas.",
        "area": "ingeniería automotriz",
        "tipo": "básica",
        "creditos_estimados": 3
      },
      {
        "nombre": "Química",
        "descripcion": "Estudio de los principios químicos aplicados a combustibles, lubricantes y materiales automotrices.",
        "area": "ciencias básicas",
        "tipo": "básica",
        "creditos_estimados": 3
      },
      {
        "nombre": "Análisis Matemático",
        "descripcion": "Fundamentos del cálculo diferencial e integral aplicados a la resolución de problemas en ingeniería.",
        "area": "matemática y estadística",
        "tipo": "básica",
        "creditos_estimados": 4
      },
      {
        "nombre": "Effective Communication",
        "descripcion": "Desarrollo de habilidades comunicativas efectivas en contextos académicos y profesionales.",
        "area": "formación general",
        "tipo": "formación complementaria",
        "creditos_estimados": 2
      }
    ],
    "2": [
      {
        "nombre": "Cálculo de Ingeniería",
        "descripcion": "Aplicaciones del cálculo en el análisis y modelado de fenómenos físicos y mecánicos.",
        "area": "matemática y estadística",
        "tipo": "básica",
        "creditos_estimados": 4
      },
      {
        "nombre": "Estática",
        "descripcion": "Análisis del equilibrio de cuerpos rígidos y estructuras mecánicas automotrices.",
        "area": "mecánica",
        "tipo": "profesional",
        "creditos_estimados": 3
      },
      {
        "nombre": "CAD I",
        "descripcion": "Diseño asistido por computadora para la creación de modelos mecánicos automotrices.",
        "area": "tecnología y diseño",
        "tipo": "profesional",
        "creditos_estimados": 3
      },
      {
        "nombre": "Metrología",
        "descripcion": "Técnicas de medición y control de calidad en procesos industriales y automotrices.",
        "area": "manufactura y control",
        "tipo": "profesional",
        "creditos_estimados": 3
      },
      {
        "nombre": "Metodología de la Investigación",
        "descripcion": "Métodos y herramientas para la elaboración de proyectos de investigación científica y técnica.",
        "area": "formación general",
        "tipo": "básica",
        "creditos_estimados": 2
      },
      {
        "nombre": "Critical and System Thinking",
        "descripcion": "Desarrollo del pensamiento crítico y sistémico aplicado a la ingeniería automotriz.",
        "area": "formación general",
        "tipo": "formación complementaria",
        "creditos_estimados": 2
      }
    ],
    "3": [
      {
        "nombre": "Termodinámica",
        "descripcion": "Principios de energía, calor y trabajo aplicados a motores y sistemas automotrices.",
        "area": "energía y mecánica",
        "tipo": "profesional",
        "creditos_estimados": 4
      },
      {
        "nombre": "CAD II",
        "descripcion": "Diseño avanzado de componentes automotrices mediante herramientas CAD 3D.",
        "area": "tecnología y diseño",
        "tipo": "profesional",
        "creditos_estimados": 3
      },
      {
        "nombre": "Estadística",
        "descripcion": "Aplicación de métodos estadísticos en el control de procesos y análisis de datos técnicos.",
        "area": "matemática y estadística",
        "tipo": "básica",
        "creditos_estimados": 3
      },
      {
        "nombre": "Ciencia de Materiales",
        "descripcion": "Estudio de propiedades y selección de materiales usados en componentes automotrices.",
        "area": "materiales y manufactura",
        "tipo": "profesional",
        "creditos_estimados": 3
      },
      {
        "nombre": "Programación",
        "descripcion": "Fundamentos de programación aplicados al modelado y automatización de procesos técnicos.",
        "area": "programación y software",
        "tipo": "básica",
        "creditos_estimados": 3
      },
      {
        "nombre": "Personal and Professional Development",
        "descripcion": "Desarrollo personal y profesional enfocado en ética, liderazgo y trabajo en equipo.",
        "area": "formación humana",
        "tipo": "formación complementaria",
        "creditos_estimados": 2
      }
    ],
    "4": [
      {
        "nombre": "Mecánica de Fluidos",
        "descripcion": "Comportamiento de fluidos en sistemas de refrigeración, frenos y lubricación.",
        "area": "mecánica",
        "tipo": "profesional",
        "creditos_estimados": 4
      },
      {
        "nombre": "Dinámica del Vehículo",
        "descripcion": "Estudio del comportamiento dinámico del vehículo en condiciones de movimiento.",
        "area": "automoción",
        "tipo": "profesional",
        "creditos_estimados": 4
      },
      {
        "nombre": "Procesos de Manufactura I",
        "descripcion": "Procesos de manufactura de piezas y componentes automotrices.",
        "area": "manufactura",
        "tipo": "profesional",
        "creditos_estimados": 3
      },
      {
        "nombre": "Seguridad y Salud Ocupacional",
        "descripcion": "Gestión de la seguridad laboral en talleres y plantas automotrices.",
        "area": "seguridad industrial",
        "tipo": "profesional",
        "creditos_estimados": 3
      },
      {
        "nombre": "Electricidad Automotriz",
        "descripcion": "Fundamentos eléctricos aplicados a sistemas y componentes de vehículos.",
        "area": "electricidad automotriz",
        "tipo": "profesional",
        "creditos_estimados": 3
      },
      {
        "nombre": "Digital Literacy",
        "descripcion": "Desarrollo de competencias digitales aplicadas a la ingeniería moderna.",
        "area": "formación general",
        "tipo": "formación complementaria",
        "creditos_estimados": 2
      }
    ],
    "5": [
      {
        "nombre": "Motores de Combustión Interna",
        "descripcion": "Diseño, operación y diagnóstico de motores de combustión interna.",
        "area": "mecánica automotriz",
        "tipo": "profesional",
        "creditos_estimados": 4
      },
      {
        "nombre": "Resistencia de Materiales",
        "descripcion": "Análisis de esfuerzos y deformaciones en componentes mecánicos del vehículo.",
        "area": "estructuras y materiales",
        "tipo": "profesional",
        "creditos_estimados": 3
      },
      {
        "nombre": "Sistemas de Inyección de Combustible",
        "descripcion": "Principios y funcionamiento de sistemas de inyección en motores modernos.",
        "area": "mecánica automotriz",
        "tipo": "profesional",
        "creditos_estimados": 3
      },
      {
        "nombre": "Procesos de Manufactura II",
        "descripcion": "Procesos avanzados de producción y ensamblaje automotriz.",
        "area": "manufactura",
        "tipo": "profesional",
        "creditos_estimados": 3
      },
      {
        "nombre": "Contabilidad",
        "descripcion": "Principios contables básicos aplicados a la gestión automotriz.",
        "area": "gestión empresarial",
        "tipo": "básica",
        "creditos_estimados": 2
      },
      {
        "nombre": "Práctica Laboral I",
        "descripcion": "Experiencia práctica inicial en talleres o industrias del sector automotriz.",
        "area": "práctica profesional",
        "tipo": "laboratorio",
        "creditos_estimados": 2
      },
      {
        "nombre": "Innovation and Entrepreneurship",
        "descripcion": "Fomento de la innovación y el emprendimiento en el ámbito automotriz.",
        "area": "formación general",
        "tipo": "formación complementaria",
        "creditos_estimados": 2
      }
    ],
    "6": [
      {
        "nombre": "Motores de Competición",
        "descripcion": "Diseño y ajuste de motores de alto rendimiento para competencias automotrices.",
        "area": "mecánica automotriz",
        "tipo": "profesional",
        "creditos_estimados": 4
      },
      {
        "nombre": "Sistemas Automotrices",
        "descripcion": "Estudio de los principales sistemas del vehículo: frenos, suspensión y dirección.",
        "area": "automoción",
        "tipo": "profesional",
        "creditos_estimados": 4
      },
      {
        "nombre": "Electrónica Automotriz",
        "descripcion": "Diseño y diagnóstico de sistemas electrónicos integrados en vehículos modernos.",
        "area": "electrónica automotriz",
        "tipo": "profesional",
        "creditos_estimados": 3
      },
      {
        "nombre": "Ingeniería de Proyectos",
        "descripcion": "Planificación y gestión de proyectos técnicos automotrices.",
        "area": "gestión de proyectos",
        "tipo": "profesional",
        "creditos_estimados": 3
      },
      {
        "nombre": "Gestión de Negocios Automotrices",
        "descripcion": "Administración de empresas y servicios dentro del sector automotriz.",
        "area": "gestión empresarial",
        "tipo": "profesional",
        "creditos_estimados": 3
      },
      {
        "nombre": "Práctica Laboral II",
        "descripcion": "Aplicación de conocimientos técnicos en entornos industriales automotrices.",
        "area": "práctica profesional",
        "tipo": "laboratorio",
        "creditos_estimados": 2
      }
    ],
    "7": [
      {
        "nombre": "Hidráulica y Neumática",
        "descripcion": "Principios de sistemas hidráulicos y neumáticos aplicados a maquinaria automotriz.",
        "area": "mecatrónica automotriz",
        "tipo": "profesional",
        "creditos_estimados": 4
      },
      {
        "nombre": "Autotrónica",
        "descripcion": "Integración de sistemas eléctricos y electrónicos para el control del vehículo.",
        "area": "electrónica automotriz",
        "tipo": "profesional",
        "creditos_estimados": 3
      },
      {
        "nombre": "Acabados Automotrices",
        "descripcion": "Procesos de pintura, ensamblaje y presentación estética del vehículo.",
        "area": "manufactura",
        "tipo": "profesional",
        "creditos_estimados": 2
      },
      {
        "nombre": "Energías Alternativas",
        "descripcion": "Sistemas de propulsión alternativos como vehículos eléctricos e híbridos.",
        "area": "energía y sostenibilidad",
        "tipo": "profesional",
        "creditos_estimados": 3
      },
      {
        "nombre": "Sistemas Digitales y Microcontroladores",
        "descripcion": "Aplicación de microcontroladores en el control de sistemas automotrices.",
        "area": "electrónica automotriz",
        "tipo": "profesional",
        "creditos_estimados": 3
      },
      {
        "nombre": "Prácticas de Servicio Comunitario",
        "descripcion": "Aplicación del conocimiento técnico en proyectos con impacto social.",
        "area": "formación general",
        "tipo": "laboratorio",
        "creditos_estimados": 2
      }
    ],
    "8": [
      {
        "nombre": "Maquinaria Pesada",
        "descripcion": "Funcionamiento, mantenimiento y operación de maquinaria pesada automotriz.",
        "area": "mecánica automotriz",
        "tipo": "profesional",
        "creditos_estimados": 4
      },
      {
        "nombre": "Diseño Mecánico Aplicado al Vehículo",
        "descripcion": "Diseño y simulación de componentes mecánicos para vehículos automotores.",
        "area": "diseño y manufactura",
        "tipo": "profesional",
        "creditos_estimados": 3
      },
      {
        "nombre": "Desarrollo de Proyectos Automotrices",
        "descripcion": "Ejecución del proyecto final de carrera enfocado en innovación automotriz.",
        "area": "investigación",
        "tipo": "investigación",
        "creditos_estimados": 3
      },
      {
        "nombre": "Gerencia de Servicio",
        "descripcion": "Gestión de talleres, concesionarios y servicios técnicos del sector automotriz.",
        "area": "gestión empresarial",
        "tipo": "profesional",
        "creditos_estimados": 3
      },
      {
        "nombre": "Nuevas Tecnologías del Vehículo",
        "descripcion": "Estudio de tendencias tecnológicas en movilidad, conectividad y automatización vehicular.",
        "area": "innovación tecnológica",
        "tipo": "profesional",
        "creditos_estimados": 3
      },
      {
        "nombre": "Redacción Académica y Científica",
        "descripcion": "Técnicas de escritura técnica y científica aplicadas a proyectos automotrices.",
        "area": "formación general",
        "tipo": "básica",
        "creditos_estimados": 2
      },
      {
        "nombre": "Administración de Calidad Total",
        "descripcion": "Gestión integral de calidad en procesos industriales automotrices.",
        "area": "calidad y productividad",
        "tipo": "profesional",
        "creditos_estimados": 3
      }
    ]
  }
}
