{
  "universidad": "Universidad Internacional del Ecuador (UIDE)",
  "carrera": "Ingeniería en Sistemas de Información",
  "modalidad": "Presencial",
  "duracion_semestres": 8,
  "titulo": "Ingeniero/a en Sistemas de Información",
  "malla_curricular": {
    "1": [
      {
        "nombre": "Lógica de Programación",
        "descripcion": "Fundamentos de lógica y pensamiento algorítmico para la resolución de problemas mediante programación.",
        "area": "programación",
        "tipo": "básica",
        "creditos_estimados": 4
      },
      {
        "nombre": "Arquitectura de Computadoras y Sistemas Operativos",
        "descripcion": "Estructura, componentes y funcionamiento del hardware y los sistemas operativos.",
        "area": "computación",
        "tipo": "básica",
        "creditos_estimados": 3
      },
      {
        "nombre": "Ingeniería y Pensamiento Humano",
        "descripcion": "Desarrollo del pensamiento crítico y ético aplicado al ejercicio profesional de la ingeniería.",
        "area": "formación general",
        "tipo": "básica",
        "creditos_estimados": 2
      },
      {
        "nombre": "Introducción a las Redes de Datos",
        "descripcion": "Principios de comunicación de datos, topologías y modelos de red.",
        "area": "redes",
        "tipo": "básica",
        "creditos_estimados": 3
      },
      {
        "nombre": "Effective Communication",
        "descripcion": "Desarrollo de habilidades comunicativas efectivas en contextos académicos y laborales.",
        "area": "formación general",
        "tipo": "formación complementaria",
        "creditos_estimados": 2
      }
    ],
    "2": [
      {
        "nombre": "Programación Estructurada y Funcional",
        "descripcion": "Diseño de programas usando paradigmas estructurados y funcionales.",
        "area": "programación",
        "tipo": "básica",
        "creditos_estimados": 4
      },
      {
        "nombre": "Introducción UNIX",
        "descripcion": "Fundamentos del sistema operativo UNIX y uso de comandos para la administración de sistemas.",
        "area": "computación",
        "tipo": "básica",
        "creditos_estimados": 3
      },
      {
        "nombre": "Estructura, Modelado y Almacenamiento de BDD",
        "descripcion": "Diseño lógico de bases de datos, modelado entidad-relación y normalización.",
        "area": "bases de datos",
        "tipo": "profesional",
        "creditos_estimados": 4
      },
      {
        "nombre": "Sistemas Tecnológicos, Sociales y Sostenibles",
        "descripcion": "Impacto social y ambiental de las tecnologías de la información.",
        "area": "formación general",
        "tipo": "básica",
        "creditos_estimados": 2
      },
      {
        "nombre": "Cálculo Diferencial e Integral",
        "descripcion": "Conceptos matemáticos fundamentales aplicados a la ingeniería y la computación.",
        "area": "matemática y estadística",
        "tipo": "básica",
        "creditos_estimados": 3
      }
    ],
    "3": [
      {
        "nombre": "Fundamentos de la Seguridad de los Sistemas Informáticos y de la Información",
        "descripcion": "Principios de seguridad, confidencialidad, integridad y disponibilidad en sistemas informáticos.",
        "area": "seguridad informática",
        "tipo": "profesional",
        "creditos_estimados": 3
      },
      {
        "nombre": "Tecnología de Comunicación de Información en Red",
        "descripcion": "Protocolos de comunicación y fundamentos de redes LAN y WAN.",
        "area": "redes",
        "tipo": "profesional",
        "creditos_estimados": 3
      },
      {
        "nombre": "Tecnología y Sociedad",
        "descripcion": "Relación entre el desarrollo tecnológico, el entorno social y la ética profesional.",
        "area": "formación general",
        "tipo": "básica",
        "creditos_estimados": 2
      },
      {
        "nombre": "Programación Orientada a Objetos",
        "descripcion": "Principios de encapsulación, herencia y polimorfismo en el diseño de software.",
        "area": "programación",
        "tipo": "profesional",
        "creditos_estimados": 4
      },
      {
        "nombre": "Probabilidades y Estadísticas para la Investigación I",
        "descripcion": "Métodos estadísticos para el análisis de datos aplicados a sistemas informáticos.",
        "area": "matemática y estadística",
        "tipo": "básica",
        "creditos_estimados": 3
      }
    ],
    "4": [
      {
        "nombre": "Programación Web y Multimedia",
        "descripcion": "Diseño y desarrollo de aplicaciones web interactivas y dinámicas.",
        "area": "desarrollo web",
        "tipo": "profesional",
        "creditos_estimados": 4
      },
      {
        "nombre": "Gestión de Servicios Cloud",
        "descripcion": "Administración y despliegue de servicios en entornos de computación en la nube.",
        "area": "infraestructura y cloud",
        "tipo": "profesional",
        "creditos_estimados": 3
      },
      {
        "nombre": "Ética",
        "descripcion": "Análisis ético de la práctica profesional y responsabilidad en el uso de la tecnología.",
        "area": "formación general",
        "tipo": "básica",
        "creditos_estimados": 2
      },
      {
        "nombre": "Seguridad del Sistema de Información",
        "descripcion": "Diseño de políticas y estrategias de protección de la información empresarial.",
        "area": "seguridad informática",
        "tipo": "profesional",
        "creditos_estimados": 3
      },
      {
        "nombre": "Gestión de Configuraciones y Active Directory",
        "descripcion": "Administración de redes corporativas y control de acceso mediante directorios activos.",
        "area": "redes y administración de sistemas",
        "tipo": "profesional",
        "creditos_estimados": 3
      }
    ],
    "5": [
      {
        "nombre": "Estructuras Matemáticas Discretas",
        "descripcion": "Estudio de estructuras discretas aplicadas a algoritmos, grafos y criptografía.",
        "area": "matemática y estadística",
        "tipo": "básica",
        "creditos_estimados": 3
      },
      {
        "nombre": "Arquitectura en la Nube para Tecnologías de la Información",
        "descripcion": "Diseño de soluciones tecnológicas escalables en entornos cloud.",
        "area": "infraestructura y cloud",
        "tipo": "profesional",
        "creditos_estimados": 3
      },
      {
        "nombre": "Sistemas de Gestión de Bases de Datos",
        "descripcion": "Administración, replicación y seguridad en sistemas de bases de datos empresariales.",
        "area": "bases de datos",
        "tipo": "profesional",
        "creditos_estimados": 4
      },
      {
        "nombre": "Innovación en la Sociedad",
        "descripcion": "Promoción del emprendimiento tecnológico con enfoque social.",
        "area": "formación general",
        "tipo": "formación complementaria",
        "creditos_estimados": 2
      },
      {
        "nombre": "Arquitectura Empresarial e Industrial",
        "descripcion": "Diseño de sistemas informáticos que integran procesos empresariales y tecnológicos.",
        "area": "gestión tecnológica",
        "tipo": "profesional",
        "creditos_estimados": 3
      }
    ],
    "6": [
      {
        "nombre": "Desarrollo de Proyectos de Sistemas de Información",
        "descripcion": "Gestión del ciclo de vida de proyectos informáticos con metodologías ágiles.",
        "area": "gestión de proyectos",
        "tipo": "profesional",
        "creditos_estimados": 4
      },
      {
        "nombre": "Tendencias en Tecnologías Emergentes y Modelos de Negocios Disruptivos",
        "descripcion": "Análisis y aplicación de nuevas tecnologías para la innovación empresarial.",
        "area": "innovación tecnológica",
        "tipo": "profesional",
        "creditos_estimados": 3
      },
      {
        "nombre": "Prácticas y Herramientas de Big Data",
        "descripcion": "Procesamiento de grandes volúmenes de datos mediante herramientas modernas.",
        "area": "analítica de datos",
        "tipo": "profesional",
        "creditos_estimados": 4
      },
      {
        "nombre": "Machine Learning",
        "descripcion": "Fundamentos del aprendizaje automático aplicados a la predicción y análisis de datos.",
        "area": "inteligencia artificial",
        "tipo": "profesional",
        "creditos_estimados": 3
      },
      {
        "nombre": "Ciberseguridad",
        "descripcion": "Protección de infraestructuras tecnológicas y detección de vulnerabilidades.",
        "area": "seguridad informática",
        "tipo": "profesional",
        "creditos_estimados": 3
      },
      {
        "nombre": "Práctica Preprofesional I",
        "descripcion": "Experiencia laboral inicial en proyectos de sistemas o tecnología de la información.",
        "area": "práctica profesional",
        "tipo": "laboratorio",
        "creditos_estimados": 2
      }
    ],
    "7": [
      {
        "nombre": "Diseño y Evaluación de Proyecto de Tecnología de la Información I",
        "descripcion": "Planificación y desarrollo de proyectos tecnológicos aplicados a entornos empresariales.",
        "area": "gestión de proyectos",
        "tipo": "investigación",
        "creditos_estimados": 3
      },
      {
        "nombre": "Fundamentos Redes Inalámbricas",
        "descripcion": "Diseño, implementación y gestión de redes inalámbricas seguras.",
        "area": "redes",
        "tipo": "profesional",
        "creditos_estimados": 3
      },
      {
        "nombre": "Programación de Middleware y Seguridad de la Base de Datos",
        "descripcion": "Desarrollo de middleware y administración de la seguridad en bases de datos distribuidas.",
        "area": "bases de datos",
        "tipo": "profesional",
        "creditos_estimados": 4
      },
      {
        "nombre": "Inteligencia Artificial",
        "descripcion": "Desarrollo de sistemas inteligentes aplicados a la toma de decisiones automatizada.",
        "area": "inteligencia artificial",
        "tipo": "profesional",
        "creditos_estimados": 3
      },
      {
        "nombre": "Diseño de Pruebas, Control de Calidad y Mantenimiento",
        "descripcion": "Gestión de calidad de software y procesos de mantenimiento en sistemas informáticos.",
        "area": "ingeniería de software",
        "tipo": "profesional",
        "creditos_estimados": 3
      },
      {
        "nombre": "Práctica Preprofesional II",
        "descripcion": "Experiencia profesional avanzada en empresas tecnológicas o de desarrollo de software.",
        "area": "práctica profesional",
        "tipo": "laboratorio",
        "creditos_estimados": 2
      }
    ],
    "8": [
      {
        "nombre": "Diseño y Evaluación de Proyecto de Tecnología de la Información II",
        "descripcion": "Ejecución del proyecto final integrador en tecnologías de la información.",
        "area": "investigación",
        "tipo": "investigación",
        "creditos_estimados": 3
      },
      {
        "nombre": "Gestión de Dispositivos Inteligentes en un Entorno Empresarial",
        "descripcion": "Integración de IoT y automatización de procesos dentro de infraestructuras empresariales.",
        "area": "tecnología e innovación",
        "tipo": "profesional",
        "creditos_estimados": 3
      },
      {
        "nombre": "Historia de la Ingeniería",
        "descripcion": "Evolución de la ingeniería y su influencia en el desarrollo social y tecnológico.",
        "area": "formación general",
        "tipo": "básica",
        "creditos_estimados": 2
      },
      {
        "nombre": "Redes Informáticas Avanzadas para Tecnología de la Información",
        "descripcion": "Diseño de redes empresariales avanzadas con seguridad y alta disponibilidad.",
        "area": "redes",
        "tipo": "profesional",
        "creditos_estimados": 3
      },
      {
        "nombre": "Política de Seguridad, Auditorías y Gobierno TI",
        "descripcion": "Implementación de marcos de gobernanza y auditoría tecnológica en las organizaciones.",
        "area": "gestión tecnológica",
        "tipo": "profesional",
        "creditos_estimados": 3
      }
    ]
  }
}
