{
  "universidad": "Universidad Internacional del Ecuador (UIDE)",
  "carrera": "Ingeniería Civil",
  "modalidad": "Presencial",
  "duracion_semestres": 8,
  "titulo": "Ingeniero/a Civil",
  "malla_curricular": {
    "1": [
      {
        "nombre": "Introducción a la ingeniería",
        "descripcion": "Panorama general de la ingeniería civil, sus campos de aplicación y responsabilidad profesional.",
        "area": "formación profesional",
        "tipo": "básica",
        "creditos_estimados": 3
      },
      {
        "nombre": "Cálculo para ingenieros I",
        "descripcion": "Conceptos fundamentales del cálculo diferencial aplicados a problemas de ingeniería.",
        "area": "matemática y estadística",
        "tipo": "básica",
        "creditos_estimados": 4
      },
      {
        "nombre": "Química general para ingenieros",
        "descripcion": "Principios químicos aplicados a materiales, suelos y procesos constructivos.",
        "area": "ciencias básicas",
        "tipo": "básica",
        "creditos_estimados": 3
      },
      {
        "nombre": "Física",
        "descripcion": "Fundamentos de mecánica, cinemática y dinámica aplicados a la ingeniería civil.",
        "area": "ciencias básicas",
        "tipo": "básica",
        "creditos_estimados": 3
      },
      {
        "nombre": "Effective Communication",
        "descripcion": "Desarrollo de habilidades de comunicación oral y escrita en contextos profesionales e internacionales.",
        "area": "idiomas y comunicación",
        "tipo": "formación general",
        "creditos_estimados": 2
      },
      {
        "nombre": "Critical and System Thinking",
        "descripcion": "Pensamiento crítico y sistémico para la resolución de problemas complejos de ingeniería.",
        "area": "formación general",
        "tipo": "formación complementaria",
        "creditos_estimados": 2
      }
    ],
    "2": [
      {
        "nombre": "Álgebra lineal elemental",
        "descripcion": "Matrices, vectores y transformaciones lineales aplicadas a estructuras y análisis numérico.",
        "area": "matemática y estadística",
        "tipo": "básica",
        "creditos_estimados": 4
      },
      {
        "nombre": "Cálculo para ingenieros II",
        "descripcion": "Integrales y sus aplicaciones a problemas de flujo y estática en ingeniería.",
        "area": "matemática y estadística",
        "tipo": "básica",
        "creditos_estimados": 4
      },
      {
        "nombre": "Materiales y sostenibilidad",
        "descripcion": "Propiedades de los materiales de construcción y su impacto ambiental.",
        "area": "ingeniería civil",
        "tipo": "profesional",
        "creditos_estimados": 3
      },
      {
        "nombre": "Ingeniería Mecánica I: Estática",
        "descripcion": "Estudio del equilibrio de cuerpos rígidos sometidos a fuerzas y momentos.",
        "area": "ingeniería mecánica",
        "tipo": "profesional",
        "creditos_estimados": 4
      },
      {
        "nombre": "Ingeniería asistida por computadora",
        "descripcion": "Uso de software CAD y herramientas digitales aplicadas al diseño civil.",
        "area": "tecnología y computación",
        "tipo": "profesional",
        "creditos_estimados": 3
      }
    ],
    "3": [
      {
        "nombre": "Ecuaciones diferenciales modernas",
        "descripcion": "Modelado matemático de sistemas dinámicos aplicados a procesos de ingeniería.",
        "area": "matemática y estadística",
        "tipo": "básica",
        "creditos_estimados": 4
      },
      {
        "nombre": "Cálculo para ingenieros III",
        "descripcion": "Cálculo multivariable aplicado al análisis estructural e hidráulico.",
        "area": "matemática y estadística",
        "tipo": "básica",
        "creditos_estimados": 4
      },
      {
        "nombre": "Estadística y probabilidad para ingenieros",
        "descripcion": "Fundamentos de análisis estadístico aplicados al control y confiabilidad de estructuras.",
        "area": "matemática y estadística",
        "tipo": "básica",
        "creditos_estimados": 3
      },
      {
        "nombre": "Ingeniería mecánica II: Dinámica",
        "descripcion": "Estudio del movimiento, energía y trabajo en sistemas físicos.",
        "area": "ingeniería mecánica",
        "tipo": "profesional",
        "creditos_estimados": 3
      },
      {
        "nombre": "Tecnología de los materiales",
        "descripcion": "Comportamiento mecánico y físico de los materiales utilizados en construcción.",
        "area": "materiales y construcción",
        "tipo": "profesional",
        "creditos_estimados": 3
      }
    ],
    "4": [
      {
        "nombre": "Métodos numéricos para ingenieros",
        "descripcion": "Solución computacional de ecuaciones mediante métodos aproximados aplicados a ingeniería civil.",
        "area": "matemática aplicada",
        "tipo": "profesional",
        "creditos_estimados": 3
      },
      {
        "nombre": "Topografía y Geomática",
        "descripcion": "Principios y técnicas de levantamiento topográfico y sistemas de información geográfica.",
        "area": "geociencias",
        "tipo": "profesional",
        "creditos_estimados": 4
      },
      {
        "nombre": "Ingeniería de suelos",
        "descripcion": "Propiedades físicas y mecánicas de los suelos aplicadas a cimentaciones y estructuras.",
        "area": "geotecnia",
        "tipo": "profesional",
        "creditos_estimados": 4
      },
      {
        "nombre": "Geología",
        "descripcion": "Estudio de materiales y procesos geológicos que afectan obras civiles.",
        "area": "geociencias",
        "tipo": "profesional",
        "creditos_estimados": 3
      },
      {
        "nombre": "Digital Literacy",
        "descripcion": "Competencias digitales esenciales para el uso de tecnologías de información en ingeniería.",
        "area": "formación general",
        "tipo": "formación complementaria",
        "creditos_estimados": 2
      },
      {
        "nombre": "Práctica preprofesional I",
        "descripcion": "Experiencia práctica inicial en entornos laborales reales del ámbito civil.",
        "area": "práctica profesional",
        "tipo": "laboratorio",
        "creditos_estimados": 2
      },
      {
        "nombre": "Personal and Professional Development",
        "descripcion": "Desarrollo personal, liderazgo y ética en la práctica profesional.",
        "area": "formación humana",
        "tipo": "formación complementaria",
        "creditos_estimados": 2
      }
    ],
    "5": [
      {
        "nombre": "Diseño estructural",
        "descripcion": "Criterios y métodos de diseño de estructuras en acero y concreto.",
        "area": "estructuras",
        "tipo": "profesional",
        "creditos_estimados": 4
      },
      {
        "nombre": "Análisis estructural",
        "descripcion": "Análisis de esfuerzos, deformaciones y estabilidad en sistemas estructurales.",
        "area": "estructuras",
        "tipo": "profesional",
        "creditos_estimados": 4
      },
      {
        "nombre": "Mecánica de suelos",
        "descripcion": "Evaluación del comportamiento de suelos bajo cargas aplicadas.",
        "area": "geotecnia",
        "tipo": "profesional",
        "creditos_estimados": 3
      },
      {
        "nombre": "Mecánica de fluidos para ingeniería civil",
        "descripcion": "Principios de la hidráulica aplicados al transporte y flujo de líquidos en obras civiles.",
        "area": "hidráulica",
        "tipo": "profesional",
        "creditos_estimados": 3
      },
      {
        "nombre": "Sólidos deformables",
        "descripcion": "Comportamiento mecánico de materiales sólidos sometidos a esfuerzos.",
        "area": "estructuras",
        "tipo": "profesional",
        "creditos_estimados": 3
      },
      {
        "nombre": "Innovation and Entrepreneurship",
        "descripcion": "Desarrollo de competencias para la innovación y el emprendimiento tecnológico.",
        "area": "formación general",
        "tipo": "formación complementaria",
        "creditos_estimados": 2
      }
    ],
    "6": [
      {
        "nombre": "Estructuras de hormigón",
        "descripcion": "Diseño de elementos estructurales en concreto reforzado.",
        "area": "estructuras",
        "tipo": "profesional",
        "creditos_estimados": 4
      },
      {
        "nombre": "Estructuras de acero",
        "descripcion": "Análisis y diseño de elementos estructurales en acero.",
        "area": "estructuras",
        "tipo": "profesional",
        "creditos_estimados": 4
      },
      {
        "nombre": "Análisis y diseño de pavimentos",
        "descripcion": "Evaluación de materiales, cargas y diseño de estructuras de pavimentos.",
        "area": "infraestructura vial",
        "tipo": "profesional",
        "creditos_estimados": 3
      },
      {
        "nombre": "Hidrología",
        "descripcion": "Ciclo hidrológico, escorrentía y análisis de cuencas hidrográficas.",
        "area": "hidráulica",
        "tipo": "profesional",
        "creditos_estimados": 3
      },
      {
        "nombre": "Diseño y trazado de vías y puentes",
        "descripcion": "Principios geométricos y estructurales aplicados a carreteras y puentes.",
        "area": "infraestructura vial",
        "tipo": "profesional",
        "creditos_estimados": 3
      },
      {
        "nombre": "Práctica preprofesional II",
        "descripcion": "Experiencia práctica en obra y supervisión de proyectos civiles.",
        "area": "práctica profesional",
        "tipo": "laboratorio",
        "creditos_estimados": 2
      }
    ],
    "7": [
      {
        "nombre": "Edificación e instalaciones",
        "descripcion": "Diseño y planificación de edificaciones con criterios de sostenibilidad y eficiencia.",
        "area": "construcción",
        "tipo": "profesional",
        "creditos_estimados": 4
      },
      {
        "nombre": "Ingeniería sanitaria y ambiental",
        "descripcion": "Diseño de sistemas de agua potable, alcantarillado y tratamiento de residuos.",
        "area": "sanitaria y ambiental",
        "tipo": "profesional",
        "creditos_estimados": 3
      },
      {
        "nombre": "Ingeniería geotécnica",
        "descripcion": "Análisis avanzado del comportamiento del suelo y cimentaciones profundas.",
        "area": "geotecnia",
        "tipo": "profesional",
        "creditos_estimados": 3
      },
      {
        "nombre": "Ingeniería hidráulica",
        "descripcion": "Aplicación de los principios de la mecánica de fluidos al diseño hidráulico.",
        "area": "hidráulica",
        "tipo": "profesional",
        "creditos_estimados": 3
      },
      {
        "nombre": "Proyecto de titulación",
        "descripcion": "Desarrollo del trabajo final aplicando conocimientos técnicos y científicos.",
        "area": "investigación",
        "tipo": "investigación",
        "creditos_estimados": 3
      },
      {
        "nombre": "Planificación, elaboración y fiscalización de proyectos",
        "descripcion": "Gestión integral de proyectos civiles desde su diseño hasta ejecución y control.",
        "area": "gestión de proyectos",
        "tipo": "profesional",
        "creditos_estimados": 3
      }
    ],
    "8": [
      {
        "nombre": "Diseño integrado de Ingeniería Civil",
        "descripcion": "Desarrollo de un proyecto multidisciplinario de ingeniería civil con enfoque sostenible.",
        "area": "proyectos integrados",
        "tipo": "profesional",
        "creditos_estimados": 4
      },
      {
        "nombre": "Vinculación con la sociedad",
        "descripcion": "Aplicación de conocimientos técnicos en proyectos comunitarios y sociales.",
        "area": "formación general",
        "tipo": "laboratorio",
        "creditos_estimados": 2
      },
      {
        "nombre": "Tecnología de la construcción",
        "descripcion": "Uso de nuevas tecnologías, materiales y procesos constructivos innovadores.",
        "area": "construcción",
        "tipo": "profesional",
        "creditos_estimados": 3
      },
      {
        "nombre": "Administración de la ingeniería",
        "descripcion": "Gestión administrativa, económica y de recursos humanos en proyectos civiles.",
        "area": "gestión empresarial",
        "tipo": "profesional",
        "creditos_estimados": 3
      },
      {
        "nombre": "Ingeniería de transportes",
        "descripcion": "Análisis de tránsito, planificación del transporte y diseño de infraestructuras viales.",
        "area": "infraestructura vial",
        "tipo": "profesional",
        "creditos_estimados": 3
      }
    ]
  }
}
