{
  "universidad": "Universidad Internacional del Ecuador (UIDE)",
  "carrera": "Ingeniería Industrial",
  "modalidad": "Presencial",
  "duracion_semestres": 8,
  "titulo": "Ingeniero/a Industrial",
  "malla_curricular": {
    "1": [
      {
        "nombre": "Cálculo para Ingeniería I",
        "descripcion": "Fundamentos del cálculo diferencial aplicados a problemas de ingeniería industrial.",
        "area": "matemática y estadística",
        "tipo": "básica",
        "creditos_estimados": 4
      },
      {
        "nombre": "Análisis Matricial",
        "descripcion": "Aplicación de matrices y álgebra lineal en la resolución de sistemas de ecuaciones industriales.",
        "area": "matemática y estadística",
        "tipo": "básica",
        "creditos_estimados": 3
      },
      {
        "nombre": "Física para Ingeniería",
        "descripcion": "Principios fundamentales de la física clásica con aplicaciones industriales.",
        "area": "ciencias básicas",
        "tipo": "básica",
        "creditos_estimados": 3
      },
      {
        "nombre": "Química Aplicada",
        "descripcion": "Procesos químicos aplicados a materiales y manufactura industrial.",
        "area": "ciencias básicas",
        "tipo": "básica",
        "creditos_estimados": 3
      },
      {
        "nombre": "Introducción a la Ingeniería Industrial",
        "descripcion": "Visión general de la ingeniería industrial, sus áreas de aplicación y su papel en las organizaciones.",
        "area": "ingeniería industrial",
        "tipo": "básica",
        "creditos_estimados": 2
      },
      {
        "nombre": "Effective Communication",
        "descripcion": "Desarrollo de habilidades de comunicación oral y escrita en contextos académicos y laborales.",
        "area": "formación general",
        "tipo": "formación complementaria",
        "creditos_estimados": 2
      }
    ],
    "2": [
      {
        "nombre": "Cálculo para Ingeniería II",
        "descripcion": "Cálculo integral y ecuaciones diferenciales aplicadas al análisis de procesos industriales.",
        "area": "matemática y estadística",
        "tipo": "básica",
        "creditos_estimados": 4
      },
      {
        "nombre": "Dibujo Técnico y Modelado",
        "descripcion": "Técnicas de dibujo industrial y representación gráfica mediante herramientas digitales.",
        "area": "tecnología y diseño",
        "tipo": "básica",
        "creditos_estimados": 3
      },
      {
        "nombre": "Lógica de Programación",
        "descripcion": "Desarrollo del pensamiento algorítmico para automatización y resolución de problemas industriales.",
        "area": "programación",
        "tipo": "básica",
        "creditos_estimados": 3
      },
      {
        "nombre": "Introducción a la Seguridad Industrial",
        "descripcion": "Principios de seguridad y salud ocupacional en ambientes industriales.",
        "area": "seguridad industrial",
        "tipo": "profesional",
        "creditos_estimados": 3
      },
      {
        "nombre": "Cálculo Vectorial",
        "descripcion": "Conceptos de cálculo multivariable aplicados a la ingeniería de procesos.",
        "area": "matemática y estadística",
        "tipo": "básica",
        "creditos_estimados": 3
      },
      {
        "nombre": "Critical and System Thinking",
        "descripcion": "Desarrollo de pensamiento crítico y enfoque sistémico en la toma de decisiones industriales.",
        "area": "formación general",
        "tipo": "formación complementaria",
        "creditos_estimados": 2
      }
    ],
    "3": [
      {
        "nombre": "Ecuaciones Diferenciales Modernas",
        "descripcion": "Modelado y resolución de ecuaciones diferenciales aplicadas a sistemas industriales.",
        "area": "matemática y estadística",
        "tipo": "básica",
        "creditos_estimados": 3
      },
      {
        "nombre": "Estructura y Propiedades de los Materiales",
        "descripcion": "Estudio de materiales industriales y su comportamiento mecánico y térmico.",
        "area": "materiales y manufactura",
        "tipo": "profesional",
        "creditos_estimados": 3
      },
      {
        "nombre": "Probabilidad y Estadística",
        "descripcion": "Fundamentos estadísticos aplicados al control de procesos y calidad industrial.",
        "area": "matemática y estadística",
        "tipo": "básica",
        "creditos_estimados": 3
      },
      {
        "nombre": "Termodinámica",
        "descripcion": "Principios termodinámicos aplicados a procesos de producción y energía.",
        "area": "ingeniería industrial",
        "tipo": "básica",
        "creditos_estimados": 3
      },
      {
        "nombre": "Electricidad y Electrónica Industrial",
        "descripcion": "Bases de la electricidad y electrónica aplicadas a la automatización de procesos.",
        "area": "automatización",
        "tipo": "profesional",
        "creditos_estimados": 3
      },
      {
        "nombre": "Digital Literacy",
        "descripcion": "Competencias digitales esenciales para el entorno industrial y tecnológico.",
        "area": "formación general",
        "tipo": "formación complementaria",
        "creditos_estimados": 2
      }
    ],
    "4": [
      {
        "nombre": "Herramientas y Procesos de Fabricación",
        "descripcion": "Análisis de procesos de manufactura, mecanizado y producción industrial.",
        "area": "manufactura",
        "tipo": "profesional",
        "creditos_estimados": 3
      },
      {
        "nombre": "Mecánica de Materiales",
        "descripcion": "Comportamiento de materiales bajo cargas estáticas y dinámicas.",
        "area": "estructuras y materiales",
        "tipo": "profesional",
        "creditos_estimados": 3
      },
      {
        "nombre": "Control Automático",
        "descripcion": "Diseño y análisis de sistemas de control aplicados a la automatización industrial.",
        "area": "automatización y control",
        "tipo": "profesional",
        "creditos_estimados": 3
      },
      {
        "nombre": "Balance de Materia y Energía",
        "descripcion": "Análisis y cuantificación de flujos de materia y energía en sistemas de producción.",
        "area": "ingeniería industrial",
        "tipo": "básica",
        "creditos_estimados": 3
      },
      {
        "nombre": "Seguridad Industrial y Salud Ocupacional",
        "descripcion": "Gestión de riesgos laborales y cumplimiento normativo en entornos industriales.",
        "area": "seguridad industrial",
        "tipo": "profesional",
        "creditos_estimados": 3
      },
      {
        "nombre": "Personal and Professional Development",
        "descripcion": "Desarrollo personal, liderazgo y ética profesional en ingeniería.",
        "area": "formación humana",
        "tipo": "formación complementaria",
        "creditos_estimados": 2
      }
    ],
    "5": [
      {
        "nombre": "Automatización Industrial",
        "descripcion": "Implementación de sistemas automatizados en procesos de producción.",
        "area": "automatización",
        "tipo": "profesional",
        "creditos_estimados": 4
      },
      {
        "nombre": "Diseño y Modelado de Sólidos",
        "descripcion": "Modelado tridimensional y simulación de piezas industriales mediante software CAD.",
        "area": "tecnología y diseño",
        "tipo": "profesional",
        "creditos_estimados": 3
      },
      {
        "nombre": "Aseguramiento de la Calidad",
        "descripcion": "Gestión de calidad total y herramientas de mejora continua en la industria.",
        "area": "calidad y productividad",
        "tipo": "profesional",
        "creditos_estimados": 3
      },
      {
        "nombre": "Operación Industrial",
        "descripcion": "Optimización de procesos operativos y análisis de eficiencia en sistemas productivos.",
        "area": "producción y operaciones",
        "tipo": "profesional",
        "creditos_estimados": 3
      },
      {
        "nombre": "Ergonomía",
        "descripcion": "Diseño de puestos de trabajo y procesos considerando factores humanos y de seguridad.",
        "area": "seguridad y bienestar laboral",
        "tipo": "profesional",
        "creditos_estimados": 3
      },
      {
        "nombre": "Prácticas de Servicio Comunitario",
        "descripcion": "Aplicación de conocimientos técnicos en proyectos con impacto social.",
        "area": "formación general",
        "tipo": "laboratorio",
        "creditos_estimados": 2
      }
    ],
    "6": [
      {
        "nombre": "Mantenimiento Industrial",
        "descripcion": "Planificación y gestión del mantenimiento preventivo y correctivo de equipos industriales.",
        "area": "ingeniería de mantenimiento",
        "tipo": "profesional",
        "creditos_estimados": 4
      },
      {
        "nombre": "Ingeniería de Producción",
        "descripcion": "Diseño y análisis de sistemas productivos para optimización de recursos.",
        "area": "producción y operaciones",
        "tipo": "profesional",
        "creditos_estimados": 4
      },
      {
        "nombre": "Sistemas de Gestión de Calidad",
        "descripcion": "Implementación de normas ISO y auditorías en sistemas de gestión de calidad.",
        "area": "calidad y productividad",
        "tipo": "profesional",
        "creditos_estimados": 3
      },
      {
        "nombre": "Proyectos de Sistemas de Fabricación",
        "descripcion": "Diseño e implementación de proyectos de manufactura avanzada.",
        "area": "manufactura",
        "tipo": "profesional",
        "creditos_estimados": 3
      },
      {
        "nombre": "Sistemas de Gestión Ambiental",
        "descripcion": "Gestión de recursos y control de impactos ambientales en industrias.",
        "area": "gestión ambiental",
        "tipo": "profesional",
        "creditos_estimados": 3
      },
      {
        "nombre": "Práctica Laboral I",
        "descripcion": "Experiencia práctica en entornos industriales reales.",
        "area": "práctica profesional",
        "tipo": "laboratorio",
        "creditos_estimados": 2
      },
      {
        "nombre": "Innovation and Entrepreneurship",
        "descripcion": "Fomento de la creatividad y desarrollo de proyectos innovadores de negocio.",
        "area": "formación general",
        "tipo": "formación complementaria",
        "creditos_estimados": 2
      }
    ],
    "7": [
      {
        "nombre": "Technology Entrepreneurship",
        "descripcion": "Desarrollo de emprendimientos basados en innovación tecnológica e industrial.",
        "area": "innovación y gestión tecnológica",
        "tipo": "profesional",
        "creditos_estimados": 3
      },
      {
        "nombre": "Logística y Cadena de Suministro",
        "descripcion": "Planificación, transporte y gestión eficiente de la cadena logística.",
        "area": "logística y operaciones",
        "tipo": "profesional",
        "creditos_estimados": 3
      },
      {
        "nombre": "Gerencia de Servicios y Operaciones",
        "descripcion": "Gestión estratégica de operaciones en entornos industriales y de servicios.",
        "area": "gestión industrial",
        "tipo": "profesional",
        "creditos_estimados": 3
      },
      {
        "nombre": "Costos Industriales",
        "descripcion": "Análisis de costos y presupuestos aplicados a procesos de producción.",
        "area": "gestión financiera",
        "tipo": "profesional",
        "creditos_estimados": 3
      },
      {
        "nombre": "Design Engineering Experiments",
        "descripcion": "Metodología experimental aplicada al diseño y mejora de procesos industriales.",
        "area": "investigación aplicada",
        "tipo": "profesional",
        "creditos_estimados": 3
      },
      {
        "nombre": "Práctica Laboral II",
        "descripcion": "Aplicación avanzada de conocimientos técnicos en empresas industriales.",
        "area": "práctica profesional",
        "tipo": "laboratorio",
        "creditos_estimados": 2
      }
    ],
    "8": [
      {
        "nombre": "Strategic Enterprise Innovation",
        "descripcion": "Diseño e implementación de estrategias de innovación organizacional.",
        "area": "gestión empresarial",
        "tipo": "profesional",
        "creditos_estimados": 3
      },
      {
        "nombre": "Web Enabled Decision Support System",
        "descripcion": "Desarrollo de sistemas de apoyo a la decisión empresarial mediante plataformas web.",
        "area": "tecnología empresarial",
        "tipo": "profesional",
        "creditos_estimados": 3
      },
      {
        "nombre": "Seminario de Integración Curricular",
        "descripcion": "Desarrollo del proyecto final integrador de la carrera.",
        "area": "investigación",
        "tipo": "investigación",
        "creditos_estimados": 3
      },
      {
        "nombre": "Diseño y Organización de Plantas Industriales",
        "descripcion": "Planeación y diseño de instalaciones industriales optimizando espacio y recursos.",
        "area": "ingeniería de planta",
        "tipo": "profesional",
        "creditos_estimados": 3
      },
      {
        "nombre": "Proyectos de Ingeniería",
        "descripcion": "Gestión y evaluación de proyectos industriales con enfoque sostenible.",
        "area": "gestión de proyectos",
        "tipo": "profesional",
        "creditos_estimados": 3
      }
    ]
  }
}
