{
  "universidad": "Universidad Hemisferios (UHE)",
  "carrera": "Ingeniería Ambiental",
  "modalidad": "Presencial",
  "duracion_semestres": 9,
  "titulo": "Ingeniero/a Ambiental",
  "malla_curricular": {
    "1": [
      {
        "nombre": "Matemáticas y Cálculo I",
        "descripcion": "Fundamentos del cálculo diferencial aplicados a la modelación de procesos físicos y ambientales.",
        "area": "matemática y estadística",
        "tipo": "básica",
        "creditos_estimados": 3
      },
      {
        "nombre": "Física I y Laboratorio",
        "descripcion": "Principios de la mecánica clásica aplicados a sistemas naturales e ingeniería ambiental.",
        "area": "ciencias básicas",
        "tipo": "básica",
        "creditos_estimados": 4
      },
      {
        "nombre": "Química General y Laboratorio",
        "descripcion": "Estudio de propiedades y reacciones químicas relevantes en sistemas ambientales.",
        "area": "ciencias básicas",
        "tipo": "básica",
        "creditos_estimados": 4
      },
      {
        "nombre": "Geometría Descriptiva",
        "descripcion": "Representación gráfica y análisis espacial aplicados a la ingeniería y cartografía.",
        "area": "matemática y estadística",
        "tipo": "básica",
        "creditos_estimados": 2
      },
      {
        "nombre": "Lenguaje",
        "descripcion": "Desarrollo de habilidades comunicativas y de redacción técnica en el ámbito científico.",
        "area": "formación general",
        "tipo": "básica",
        "creditos_estimados": 2
      },
      {
        "nombre": "Arte y Cultura I",
        "descripcion": "Apreciación artística y cultural como parte del desarrollo humano integral.",
        "area": "formación humanística",
        "tipo": "básica",
        "creditos_estimados": 1
      },
      {
        "nombre": "Deportes I",
        "descripcion": "Práctica de actividad física orientada a la salud y disciplina personal.",
        "area": "formación complementaria",
        "tipo": "básica",
        "creditos_estimados": 1
      }
    ],
    "2": [
      {
        "nombre": "Matemáticas y Cálculo II",
        "descripcion": "Cálculo integral y ecuaciones diferenciales aplicadas a fenómenos ambientales.",
        "area": "matemática y estadística",
        "tipo": "básica",
        "creditos_estimados": 3
      },
      {
        "nombre": "Física II y Laboratorio",
        "descripcion": "Estudio del electromagnetismo y sus aplicaciones en ingeniería ambiental.",
        "area": "ciencias básicas",
        "tipo": "básica",
        "creditos_estimados": 4
      },
      {
        "nombre": "Química II y Laboratorio",
        "descripcion": "Análisis químico de soluciones y compuestos aplicados a procesos de contaminación.",
        "area": "ciencias básicas",
        "tipo": "básica",
        "creditos_estimados": 4
      },
      {
        "nombre": "Biología para Ingenieros",
        "descripcion": "Introducción a la biología general enfocada en procesos ecológicos y ambientales.",
        "area": "ciencias biológicas",
        "tipo": "básica",
        "creditos_estimados": 2
      },
      {
        "nombre": "Arte y Cultura II",
        "descripcion": "Integración de expresiones culturales en el contexto de la sostenibilidad y ética ambiental.",
        "area": "formación humanística",
        "tipo": "básica",
        "creditos_estimados": 1
      },
      {
        "nombre": "Deportes II",
        "descripcion": "Desarrollo físico y hábitos saludables como parte del bienestar integral.",
        "area": "formación complementaria",
        "tipo": "básica",
        "creditos_estimados": 1
      }
    ],
    "3": [
      {
        "nombre": "Matemáticas y Cálculo III (Vectorial)",
        "descripcion": "Cálculo multivariable y vectorial aplicado a modelado hidrológico y flujos ambientales.",
        "area": "matemática y estadística",
        "tipo": "básica",
        "creditos_estimados": 3
      },
      {
        "nombre": "Física III y Laboratorio",
        "descripcion": "Estudio de ondas, fluidos y termodinámica aplicados al medio ambiente.",
        "area": "ciencias básicas",
        "tipo": "básica",
        "creditos_estimados": 4
      },
      {
        "nombre": "Biología General",
        "descripcion": "Principios biológicos sobre ecosistemas, organismos y su interacción con el entorno.",
        "area": "ciencias biológicas",
        "tipo": "básica",
        "creditos_estimados": 3
      },
      {
        "nombre": "Lógica Matemática",
        "descripcion": "Razonamiento lógico aplicado a la resolución de problemas y análisis científico.",
        "area": "matemática y estadística",
        "tipo": "básica",
        "creditos_estimados": 1
      },
      {
        "nombre": "Programación I y Aplicaciones de Software",
        "descripcion": "Uso de herramientas computacionales para análisis y modelado ambiental.",
        "area": "computación",
        "tipo": "básica",
        "creditos_estimados": 2
      },
      {
        "nombre": "Retórica y Expresión",
        "descripcion": "Comunicación efectiva y argumentación en contextos técnicos y científicos.",
        "area": "formación general",
        "tipo": "básica",
        "creditos_estimados": 2
      }
    ],
    "4": [
      {
        "nombre": "Estadística y Probabilidades",
        "descripcion": "Análisis estadístico aplicado a la interpretación de datos ambientales.",
        "area": "matemática y estadística",
        "tipo": "básica",
        "creditos_estimados": 2
      },
      {
        "nombre": "Geología (Visitas de Campo y Archivos de Muestra)",
        "descripcion": "Estudio de la estructura terrestre y reconocimiento de formaciones geológicas relevantes.",
        "area": "geociencias",
        "tipo": "profesional",
        "creditos_estimados": 3
      },
      {
        "nombre": "Física y Química Ambiental",
        "descripcion": "Procesos físicos y químicos que influyen en la contaminación y equilibrio ambiental.",
        "area": "ciencias básicas",
        "tipo": "profesional",
        "creditos_estimados": 3
      },
      {
        "nombre": "Ecología y Recursos Naturales",
        "descripcion": "Relación entre los ecosistemas y el aprovechamiento sostenible de los recursos naturales.",
        "area": "ciencias biológicas",
        "tipo": "profesional",
        "creditos_estimados": 3
      },
      {
        "nombre": "Programación II y Aplicaciones de Software",
        "descripcion": "Automatización y modelado de procesos ambientales mediante programación.",
        "area": "computación",
        "tipo": "profesional",
        "creditos_estimados": 2
      },
      {
        "nombre": "Arte y Estética",
        "descripcion": "Apreciación del arte y su conexión con el entorno natural y la sostenibilidad.",
        "area": "formación humanística",
        "tipo": "básica",
        "creditos_estimados": 3
      }
    ],
    "5": [
      {
        "nombre": "Hidrología",
        "descripcion": "Ciclo del agua, modelado hidrológico y evaluación de recursos hídricos.",
        "area": "ingeniería ambiental",
        "tipo": "profesional",
        "creditos_estimados": 2
      },
      {
        "nombre": "Mecánica de Fluidos Ambientales (Laboratorio)",
        "descripcion": "Dinámica de fluidos aplicada a procesos naturales y de ingeniería ambiental.",
        "area": "ingeniería ambiental",
        "tipo": "profesional",
        "creditos_estimados": 3
      },
      {
        "nombre": "Microbiología Ambiental",
        "descripcion": "Estudio de microorganismos y su papel en la degradación y remediación ambiental.",
        "area": "ciencias biológicas",
        "tipo": "profesional",
        "creditos_estimados": 3
      },
      {
        "nombre": "Termodinámica",
        "descripcion": "Procesos energéticos y sus aplicaciones en sistemas ambientales.",
        "area": "ciencias básicas",
        "tipo": "profesional",
        "creditos_estimados": 3
      },
      {
        "nombre": "Debates Sociocontemporáneos",
        "descripcion": "Reflexión sobre problemáticas actuales vinculadas al desarrollo sostenible.",
        "area": "formación humanística",
        "tipo": "básica",
        "creditos_estimados": 3
      }
    ],
    "6": [
      {
        "nombre": "Energías Renovables y Eficiencia Energética I",
        "descripcion": "Fundamentos de generación y gestión de energías limpias aplicadas a la sostenibilidad.",
        "area": "energías renovables",
        "tipo": "profesional",
        "creditos_estimados": 3
      },
      {
        "nombre": "Contaminación Atmosférica",
        "descripcion": "Fuentes, efectos y control de contaminantes atmosféricos.",
        "area": "ingeniería ambiental",
        "tipo": "profesional",
        "creditos_estimados": 3
      },
      {
        "nombre": "Calidad del Aire (Laboratorio)",
        "descripcion": "Medición y análisis de contaminantes atmosféricos.",
        "area": "ingeniería ambiental",
        "tipo": "profesional",
        "creditos_estimados": 3
      },
      {
        "nombre": "Persona y Naturaleza",
        "descripcion": "Análisis filosófico y ético de la relación entre el ser humano y su entorno natural.",
        "area": "formación humanística",
        "tipo": "básica",
        "creditos_estimados": 3
      },
      {
        "nombre": "Felicidad y Sentido de la Vida",
        "descripcion": "Exploración de valores, propósito y bienestar en la práctica profesional.",
        "area": "formación humanística",
        "tipo": "básica",
        "creditos_estimados": 3
      }
    ],
    "7": [
      {
        "nombre": "Energías Renovables y Eficiencia Energética II",
        "descripcion": "Profundización en tecnologías limpias, eficiencia energética y diseño de sistemas sostenibles.",
        "area": "energías renovables",
        "tipo": "profesional",
        "creditos_estimados": 3
      },
      {
        "nombre": "Atmósfera, Océano y Dinámica Climática",
        "descripcion": "Estudio del clima, circulación atmosférica y oceanográfica para la predicción ambiental.",
        "area": "ciencias de la atmósfera",
        "tipo": "profesional",
        "creditos_estimados": 3
      },
      {
        "nombre": "Hidrogeología Ambiental",
        "descripcion": "Estudio de acuíferos, flujos subterráneos y calidad del agua.",
        "area": "geociencias",
        "tipo": "profesional",
        "creditos_estimados": 3
      },
      {
        "nombre": "Ecología y Recursos Naturales II",
        "descripcion": "Análisis avanzado de ecosistemas y estrategias de conservación.",
        "area": "ciencias biológicas",
        "tipo": "profesional",
        "creditos_estimados": 3
      },
      {
        "nombre": "Ética y Responsabilidad Social",
        "descripcion": "Valores éticos aplicados a la gestión y el desarrollo sostenible.",
        "area": "formación humanística",
        "tipo": "básica",
        "creditos_estimados": 3
      }
    ],
    "8": [
      {
        "nombre": "Gestión Ambiental",
        "descripcion": "Herramientas de gestión y planificación para la administración sostenible del ambiente.",
        "area": "gestión ambiental",
        "tipo": "profesional",
        "creditos_estimados": 3
      },
      {
        "nombre": "Desarrollo Sostenible",
        "descripcion": "Estrategias de sostenibilidad y políticas públicas ambientales.",
        "area": "gestión ambiental",
        "tipo": "profesional",
        "creditos_estimados": 2
      },
      {
        "nombre": "Estudios de Impacto Ambiental",
        "descripcion": "Evaluación, mitigación y seguimiento de impactos ambientales de proyectos.",
        "area": "gestión ambiental",
        "tipo": "profesional",
        "creditos_estimados": 2
      },
      {
        "nombre": "Aspectos Sociales de la Ingeniería Ambiental, Ética y Tecnología",
        "descripcion": "Interacción entre desarrollo tecnológico, ética profesional y responsabilidad social.",
        "area": "formación humanística",
        "tipo": "básica",
        "creditos_estimados": 3
      },
      {
        "nombre": "Seminario de Ingeniería Ambiental",
        "descripcion": "Espacio de análisis y discusión sobre problemáticas actuales en ingeniería ambiental.",
        "area": "investigación",
        "tipo": "investigación",
        "creditos_estimados": 2
      }
    ],
    "9": [
      {
        "nombre": "Gestión Ambiental Avanzada",
        "descripcion": "Integración de procesos técnicos y administrativos en proyectos sostenibles.",
        "area": "gestión ambiental",
        "tipo": "profesional",
        "creditos_estimados": 3
      },
      {
        "nombre": "Planeación y Ordenamiento Territorial (Vinculación)",
        "descripcion": "Planificación espacial y gestión del territorio con enfoque ecológico y social.",
        "area": "gestión ambiental",
        "tipo": "profesional",
        "creditos_estimados": 2
      },
      {
        "nombre": "Leyes y Derechos Ambientales",
        "descripcion": "Estudio de la legislación y derechos ambientales nacionales e internacionales.",
        "area": "gestión ambiental",
        "tipo": "profesional",
        "creditos_estimados": 2
      },
      {
        "nombre": "Seminario de Grado (Trabajo de Titulación)",
        "descripcion": "Desarrollo del proyecto de titulación enfocado en la investigación aplicada o innovación ambiental.",
        "area": "investigación",
        "tipo": "investigación",
        "creditos_estimados": 3
      },
      {
        "nombre": "Seguridad y Salud Ocupacional",
        "descripcion": "Gestión de riesgos laborales en entornos ambientales e industriales.",
        "area": "seguridad industrial",
        "tipo": "profesional",
        "creditos_estimados": 2
      }
    ]
  }
}
