{
  "universidad": "Universidad Hemisferios (UHE)",
  "carrera": "Ingeniería en Tecnologías de la Información",
  "modalidad": "Presencial",
  "duracion_semestres": 9,
  "titulo": "Ingeniero/a en Tecnologías de la Información",
  "malla_curricular": {
    "1": [
      {
        "nombre": "Matemáticas y Cálculo I",
        "descripcion": "Fundamentos del cálculo diferencial aplicados a problemas de modelado en ingeniería y tecnología.",
        "area": "matemática y estadística",
        "tipo": "básica",
        "creditos_estimados": 3
      },
      {
        "nombre": "Física I y Laboratorio",
        "descripcion": "Principios básicos de la mecánica y energía aplicados a la ingeniería y sistemas tecnológicos.",
        "area": "ciencias básicas",
        "tipo": "básica",
        "creditos_estimados": 4
      },
      {
        "nombre": "Química General y Laboratorio",
        "descripcion": "Estudio de la estructura de la materia y reacciones químicas con aplicaciones tecnológicas.",
        "area": "ciencias básicas",
        "tipo": "básica",
        "creditos_estimados": 4
      },
      {
        "nombre": "Geometría Descriptiva",
        "descripcion": "Representación gráfica de objetos tridimensionales en el espacio y su aplicación al diseño técnico.",
        "area": "matemática y estadística",
        "tipo": "básica",
        "creditos_estimados": 2
      },
      {
        "nombre": "Lenguaje",
        "descripcion": "Desarrollo de competencias lingüísticas y redacción técnica profesional.",
        "area": "formación general",
        "tipo": "básica",
        "creditos_estimados": 2
      },
      {
        "nombre": "Arte y Cultura I",
        "descripcion": "Exploración cultural y artística como parte de la formación integral del estudiante.",
        "area": "formación humanística",
        "tipo": "básica",
        "creditos_estimados": 1
      },
      {
        "nombre": "Deportes I",
        "descripcion": "Práctica física y deportiva para promover el bienestar integral del estudiante.",
        "area": "formación complementaria",
        "tipo": "básica",
        "creditos_estimados": 1
      }
    ],
    "2": [
      {
        "nombre": "Matemáticas y Cálculo II",
        "descripcion": "Cálculo integral y sus aplicaciones en ingeniería y análisis computacional.",
        "area": "matemática y estadística",
        "tipo": "básica",
        "creditos_estimados": 3
      },
      {
        "nombre": "Física II y Laboratorio",
        "descripcion": "Fenómenos eléctricos y magnéticos aplicados a sistemas computacionales y electrónicos.",
        "area": "ciencias básicas",
        "tipo": "básica",
        "creditos_estimados": 4
      },
      {
        "nombre": "Química II y Laboratorio",
        "descripcion": "Reacciones químicas avanzadas y materiales aplicados a la tecnología y electrónica.",
        "area": "ciencias básicas",
        "tipo": "básica",
        "creditos_estimados": 4
      },
      {
        "nombre": "Programación I y Aplicaciones de Software",
        "descripcion": "Fundamentos de algoritmia, estructuras de control y desarrollo de programas básicos.",
        "area": "computación",
        "tipo": "profesional",
        "creditos_estimados": 2
      },
      {
        "nombre": "Biología para Ingenieros",
        "descripcion": "Estudio de los principios biológicos con aplicación en bioinformática y tecnologías emergentes.",
        "area": "ciencias biológicas",
        "tipo": "básica",
        "creditos_estimados": 2
      },
      {
        "nombre": "Arte y Cultura II",
        "descripcion": "Continuación del estudio cultural enfocado en identidad, ética y estética en la ingeniería.",
        "area": "formación humanística",
        "tipo": "básica",
        "creditos_estimados": 1
      },
      {
        "nombre": "Deportes II",
        "descripcion": "Actividad física para fomentar la disciplina, trabajo en equipo y bienestar personal.",
        "area": "formación complementaria",
        "tipo": "básica",
        "creditos_estimados": 1
      }
    ],
    "3": [
      {
        "nombre": "Matemáticas y Cálculo III (Vectorial)",
        "descripcion": "Análisis vectorial y funciones de varias variables aplicadas al modelado computacional.",
        "area": "matemática y estadística",
        "tipo": "básica",
        "creditos_estimados": 3
      },
      {
        "nombre": "Física III y Laboratorio",
        "descripcion": "Estudio de ondas, óptica y termodinámica aplicada a sistemas de hardware y redes.",
        "area": "ciencias básicas",
        "tipo": "básica",
        "creditos_estimados": 4
      },
      {
        "nombre": "Álgebra Lineal",
        "descripcion": "Estudio de espacios vectoriales y transformaciones lineales con aplicación en IA y gráficos.",
        "area": "matemática y estadística",
        "tipo": "básica",
        "creditos_estimados": 3
      },
      {
        "nombre": "Programación II y Aplicaciones de Software",
        "descripcion": "Desarrollo de programas orientados a objetos y manejo de estructuras complejas de datos.",
        "area": "computación",
        "tipo": "profesional",
        "creditos_estimados": 2
      },
      {
        "nombre": "Lógica Matemática",
        "descripcion": "Razonamiento formal aplicado a la computación y diseño de algoritmos.",
        "area": "matemática y estadística",
        "tipo": "básica",
        "creditos_estimados": 1
      },
      {
        "nombre": "Retórica y Expresión",
        "descripcion": "Desarrollo de habilidades comunicativas y argumentativas para entornos profesionales.",
        "area": "formación general",
        "tipo": "básica",
        "creditos_estimados": 2
      }
    ],
    "4": [
      {
        "nombre": "Estadística y Probabilidades",
        "descripcion": "Aplicación de herramientas estadísticas al análisis de datos y toma de decisiones tecnológicas.",
        "area": "matemática y estadística",
        "tipo": "básica",
        "creditos_estimados": 2
      },
      {
        "nombre": "Introducción a la Ciencia de la Computación",
        "descripcion": "Fundamentos teóricos de la computación, máquinas, autómatas y lenguajes formales.",
        "area": "computación teórica",
        "tipo": "profesional",
        "creditos_estimados": 3
      },
      {
        "nombre": "Sistemas Operativos",
        "descripcion": "Conceptos de administración de recursos, procesos y memoria en sistemas operativos modernos.",
        "area": "computación",
        "tipo": "profesional",
        "creditos_estimados": 3
      },
      {
        "nombre": "Fundamentos Históricos de la Cultura Occidental",
        "descripcion": "Estudio de los procesos históricos que moldearon la cultura y pensamiento occidental.",
        "area": "formación humanística",
        "tipo": "básica",
        "creditos_estimados": 3
      },
      {
        "nombre": "Arte y Estética",
        "descripcion": "Apreciación estética y su relación con el diseño y la tecnología.",
        "area": "formación humanística",
        "tipo": "básica",
        "creditos_estimados": 3
      }
    ],
    "5": [
      {
        "nombre": "Bases de Datos I",
        "descripcion": "Modelado relacional, normalización y diseño de sistemas de bases de datos.",
        "area": "computación",
        "tipo": "profesional",
        "creditos_estimados": 3
      },
      {
        "nombre": "Arquitectura de Computadoras",
        "descripcion": "Estructura, componentes y funcionamiento del hardware de los sistemas computacionales.",
        "area": "computación",
        "tipo": "profesional",
        "creditos_estimados": 3
      },
      {
        "nombre": "Algoritmos y Estructuras de Datos",
        "descripcion": "Diseño y análisis de algoritmos fundamentales y estructuras de datos.",
        "area": "computación",
        "tipo": "profesional",
        "creditos_estimados": 3
      },
      {
        "nombre": "Ética y Responsabilidad Social",
        "descripcion": "Reflexión ética sobre el uso de la tecnología y su impacto en la sociedad.",
        "area": "formación humanística",
        "tipo": "básica",
        "creditos_estimados": 3
      },
      {
        "nombre": "Debates Sociocontemporáneos",
        "descripcion": "Análisis de problemáticas actuales desde una perspectiva social, tecnológica y ética.",
        "area": "formación humanística",
        "tipo": "básica",
        "creditos_estimados": 3
      }
    ],
    "6": [
      {
        "nombre": "Bases de Datos II y Big Data",
        "descripcion": "Gestión avanzada de bases de datos y análisis de grandes volúmenes de información.",
        "area": "computación",
        "tipo": "profesional",
        "creditos_estimados": 3
      },
      {
        "nombre": "Análisis y Diseño de Algoritmos",
        "descripcion": "Evaluación de la complejidad algorítmica y optimización de soluciones computacionales.",
        "area": "computación teórica",
        "tipo": "profesional",
        "creditos_estimados": 3
      },
      {
        "nombre": "Cloud Computing",
        "descripcion": "Fundamentos y herramientas para la computación en la nube y servicios distribuidos.",
        "area": "computación",
        "tipo": "profesional",
        "creditos_estimados": 3
      },
      {
        "nombre": "Felicidad y Sentido de la Vida",
        "descripcion": "Reflexión filosófica sobre el propósito humano en el contexto del avance tecnológico.",
        "area": "formación humanística",
        "tipo": "básica",
        "creditos_estimados": 3
      },
      {
        "nombre": "Persona y Naturaleza",
        "descripcion": "Análisis ético y filosófico de la relación entre el ser humano y el entorno natural.",
        "area": "formación humanística",
        "tipo": "básica",
        "creditos_estimados": 3
      }
    ],
    "7": [
      {
        "nombre": "Inteligencia Artificial y sus Aplicaciones",
        "descripcion": "Desarrollo y aplicación de modelos de inteligencia artificial para la resolución de problemas complejos.",
        "area": "inteligencia artificial",
        "tipo": "profesional",
        "creditos_estimados": 3
      },
      {
        "nombre": "Machine Learning",
        "descripcion": "Implementación de algoritmos de aprendizaje automático y análisis predictivo.",
        "area": "inteligencia artificial",
        "tipo": "profesional",
        "creditos_estimados": 2
      },
      {
        "nombre": "Compiladores",
        "descripcion": "Diseño de compiladores e interpretación de lenguajes de programación.",
        "area": "computación",
        "tipo": "profesional",
        "creditos_estimados": 3
      },
      {
        "nombre": "Interacción Ser Humano-Computador",
        "descripcion": "Diseño de interfaces centradas en el usuario y usabilidad de sistemas informáticos.",
        "area": "computación aplicada",
        "tipo": "profesional",
        "creditos_estimados": 3
      },
      {
        "nombre": "Recursos Naturales y Ecología",
        "descripcion": "Fundamentos ecológicos y manejo sostenible de recursos naturales.",
        "area": "medio ambiente",
        "tipo": "básica",
        "creditos_estimados": 2
      }
    ],
    "8": [
      {
        "nombre": "Computación Paralela y Distribuida",
        "descripcion": "Diseño de sistemas distribuidos y programación paralela en entornos de alto rendimiento.",
        "area": "computación avanzada",
        "tipo": "profesional",
        "creditos_estimados": 3
      },
      {
        "nombre": "Desarrollo Basado en Plataformas",
        "descripcion": "Creación de aplicaciones en entornos multiplataforma con énfasis en la interoperabilidad.",
        "area": "computación aplicada",
        "tipo": "profesional",
        "creditos_estimados": 3
      },
      {
        "nombre": "Computación Gráfica",
        "descripcion": "Modelado y renderizado de gráficos mediante algoritmos y herramientas gráficas.",
        "area": "computación aplicada",
        "tipo": "profesional",
        "creditos_estimados": 3
      },
      {
        "nombre": "El Internet de las Cosas / Industria 4.0",
        "descripcion": "Diseño de sistemas inteligentes conectados aplicados a la automatización industrial.",
        "area": "tecnología e innovación",
        "tipo": "profesional",
        "creditos_estimados": 2
      },
      {
        "nombre": "Planeación y Ordenamiento Territorial (Vinculación)",
        "descripcion": "Participación en proyectos de desarrollo tecnológico con impacto social y territorial.",
        "area": "gestión de proyectos",
        "tipo": "laboratorio",
        "creditos_estimados": 2
      }
    ],
    "9": [
      {
        "nombre": "Programación Competitiva",
        "descripcion": "Resolución de problemas complejos mediante algoritmos eficientes y técnicas de optimización.",
        "area": "computación avanzada",
        "tipo": "profesional",
        "creditos_estimados": 3
      },
      {
        "nombre": "Introducción a la Computación Cuántica",
        "descripcion": "Fundamentos teóricos y matemáticos de la computación cuántica y sus posibles aplicaciones.",
        "area": "computación teórica",
        "tipo": "profesional",
        "creditos_estimados": 2
      },
      {
        "nombre": "Nuevos Modelos de Negocio Basados en Informática",
        "descripcion": "Análisis de modelos de negocio digitales y gestión tecnológica en entornos innovadores.",
        "area": "gestión tecnológica",
        "tipo": "profesional",
        "creditos_estimados": 3
      },
      {
        "nombre": "Seminario de Grado (Trabajo de Titulación)",
        "descripcion": "Desarrollo del proyecto final de investigación o aplicación tecnológica.",
        "area": "investigación",
        "tipo": "investigación",
        "creditos_estimados": 1
      }
    ]
  }
}
