{
  "universidad": "Universidad de las Américas (UDLA)",
  "carrera": "Ingeniería en Sonido y Acústica",
  "modalidad": "Presencial",
  "duracion_periodos": 9,
  "titulo": "Ingeniero/a en Sonido y Acústica",
  "malla_curricular": {
    "1": [
      {
        "nombre": "Introducción a la Acústica",
        "descripcion": "Fundamentos físicos del sonido y su comportamiento en diferentes medios.",
        "area": "acústica básica",
        "tipo": "básica",
        "creditos": 2
      },
      {
        "nombre": "Historia de la Ciencia Musical",
        "descripcion": "Estudio histórico y técnico del desarrollo de la música y su relación con la tecnología sonora.",
        "area": "cultura musical",
        "tipo": "formación complementaria",
        "creditos": 2
      },
      {
        "nombre": "Cálculo I",
        "descripcion": "Conceptos de derivación aplicados al modelado de fenómenos físicos y acústicos.",
        "area": "matemática aplicada",
        "tipo": "básica",
        "creditos": 4
      },
      {
        "nombre": "Software de Audio Digital",
        "descripcion": "Manejo de herramientas digitales para grabación, edición y mezcla de audio.",
        "area": "tecnología del sonido",
        "tipo": "profesional",
        "creditos": 3
      },
      {
        "nombre": "Lenguaje y Comunicación Digital",
        "descripcion": "Desarrollo de habilidades comunicativas en entornos digitales y audiovisuales.",
        "area": "formación general",
        "tipo": "formación complementaria",
        "creditos": 4
      }
    ],
    "2": [
      {
        "nombre": "Física General",
        "descripcion": "Principios de la física clásica aplicados a la acústica y el sonido.",
        "area": "física aplicada",
        "tipo": "básica",
        "creditos": 4
      },
      {
        "nombre": "Álgebra Lineal",
        "descripcion": "Conceptos de vectores y matrices utilizados en análisis de señales y acústica.",
        "area": "matemática aplicada",
        "tipo": "básica",
        "creditos": 3
      },
      {
        "nombre": "Cálculo II",
        "descripcion": "Integración y modelado de sistemas dinámicos aplicados al sonido.",
        "area": "matemática aplicada",
        "tipo": "básica",
        "creditos": 3
      },
      {
        "nombre": "Lenguaje y Entrenamiento Auditivo Musical I",
        "descripcion": "Desarrollo del oído musical y comprensión del lenguaje sonoro.",
        "area": "educación auditiva",
        "tipo": "profesional",
        "creditos": 3
      },
      {
        "nombre": "Investigación y Textos Académicos",
        "descripcion": "Metodología para la elaboración de informes técnicos y académicos.",
        "area": "formación metodológica",
        "tipo": "formación complementaria",
        "creditos": 3
      }
    ],
    "3": [
      {
        "nombre": "Física de Ondas y Señales",
        "descripcion": "Análisis del comportamiento de ondas mecánicas y electromagnéticas en sistemas acústicos.",
        "area": "acústica física",
        "tipo": "básica",
        "creditos": 3
      },
      {
        "nombre": "EDO y Fourier para Ondas y Señales",
        "descripcion": "Uso de ecuaciones diferenciales y transformadas de Fourier para modelar ondas sonoras.",
        "area": "matemática aplicada",
        "tipo": "básica",
        "creditos": 3
      },
      {
        "nombre": "Análisis de Circuitos",
        "descripcion": "Estudio de circuitos eléctricos aplicados a sistemas de audio y procesamiento de señales.",
        "area": "electrónica básica",
        "tipo": "profesional",
        "creditos": 2
      },
      {
        "nombre": "Programación",
        "descripcion": "Fundamentos de programación para el procesamiento digital de señales y control acústico.",
        "area": "programación aplicada",
        "tipo": "profesional",
        "creditos": 3
      },
      {
        "nombre": "Estadística y Probabilidades",
        "descripcion": "Métodos estadísticos aplicados al análisis de datos acústicos y experimentales.",
        "area": "estadística aplicada",
        "tipo": "básica",
        "creditos": 3
      },
      {
        "nombre": "Lenguaje y Entrenamiento Auditivo Musical II",
        "descripcion": "Continuación del desarrollo auditivo aplicado a contextos de mezcla y producción sonora.",
        "area": "educación auditiva",
        "tipo": "profesional",
        "creditos": 3
      }
    ],
    "4": [
      {
        "nombre": "Circuitos Analógicos",
        "descripcion": "Diseño y análisis de circuitos electrónicos aplicados a equipos de audio.",
        "area": "electrónica aplicada",
        "tipo": "profesional",
        "creditos": 3
      },
      {
        "nombre": "Metrología e Instrumentación Acústica",
        "descripcion": "Medición, calibración y uso de instrumentos en entornos acústicos.",
        "area": "acústica instrumental",
        "tipo": "profesional",
        "creditos": 2
      },
      {
        "nombre": "Electroacústica I",
        "descripcion": "Principios de transducción y comportamiento de micrófonos y altavoces.",
        "area": "electroacústica",
        "tipo": "profesional",
        "creditos": 3
      },
      {
        "nombre": "Introducción a la Armonía Contemporánea",
        "descripcion": "Estudio de estructuras armónicas utilizadas en composición y diseño sonoro.",
        "area": "teoría musical",
        "tipo": "formación complementaria",
        "creditos": 3
      },
      {
        "nombre": "Fundamentos de Acústica",
        "descripcion": "Conceptos esenciales sobre la propagación, absorción y reflexión del sonido.",
        "area": "acústica física",
        "tipo": "básica",
        "creditos": 3
      }
    ],
    "5": [
      {
        "nombre": "Circuitos Digitales",
        "descripcion": "Diseño y análisis de sistemas digitales para aplicaciones de audio.",
        "area": "electrónica digital",
        "tipo": "profesional avanzada",
        "creditos": 3
      },
      {
        "nombre": "Acústica Arquitectónica",
        "descripcion": "Diseño acústico de espacios interiores y control de ruido en edificaciones.",
        "area": "acústica arquitectónica",
        "tipo": "profesional avanzada",
        "creditos": 3
      },
      {
        "nombre": "Electroacústica II",
        "descripcion": "Estudio avanzado de sistemas de transducción y amplificación sonora.",
        "area": "electroacústica",
        "tipo": "profesional avanzada",
        "creditos": 3
      },
      {
        "nombre": "Fundamentos de Vibración",
        "descripcion": "Análisis de vibraciones mecánicas y su relación con el control acústico.",
        "area": "física aplicada",
        "tipo": "básica",
        "creditos": 3
      },
      {
        "nombre": "Economía, Ethos y Sociedad",
        "descripcion": "Reflexión sobre ética, sostenibilidad y contexto social en la ingeniería.",
        "area": "formación general",
        "tipo": "formación complementaria",
        "creditos": 3
      }
    ],
    "6": [
      {
        "nombre": "Audio Digital",
        "descripcion": "Procesamiento y edición digital de sonido utilizando software especializado.",
        "area": "tecnología del sonido",
        "tipo": "profesional avanzada",
        "creditos": 3
      },
      {
        "nombre": "Aislamiento Acústico",
        "descripcion": "Principios y técnicas para el aislamiento de espacios y control de ruidos externos.",
        "area": "acústica arquitectónica",
        "tipo": "profesional avanzada",
        "creditos": 3
      },
      {
        "nombre": "Diseño Acústico de Recintos",
        "descripcion": "Planificación de salas de grabación, auditorios y estudios con criterios acústicos.",
        "area": "acústica arquitectónica",
        "tipo": "profesional avanzada",
        "creditos": 3
      },
      {
        "nombre": "Síntesis de Audio",
        "descripcion": "Creación de sonidos mediante técnicas de síntesis digital y modelado.",
        "area": "tecnología del sonido",
        "tipo": "profesional avanzada",
        "creditos": 3
      },
      {
        "nombre": "Control de Vibraciones",
        "descripcion": "Métodos de aislamiento y amortiguación de vibraciones en sistemas estructurales.",
        "area": "acústica física",
        "tipo": "profesional avanzada",
        "creditos": 3
      }
    ],
    "7": [
      {
        "nombre": "Tratamiento Digital de Señales",
        "descripcion": "Procesamiento de señales de audio mediante filtros y transformadas.",
        "area": "procesamiento de señales",
        "tipo": "profesional avanzada",
        "creditos": 3
      },
      {
        "nombre": "Control de Ruido",
        "descripcion": "Estrategias de análisis y mitigación del ruido ambiental e industrial.",
        "area": "acústica ambiental",
        "tipo": "profesional avanzada",
        "creditos": 3
      },
      {
        "nombre": "Sonorización",
        "descripcion": "Diseño y operación de sistemas de amplificación en eventos y producciones.",
        "area": "producción sonora",
        "tipo": "profesional avanzada",
        "creditos": 3
      },
      {
        "nombre": "Cajas Acústicas",
        "descripcion": "Diseño y análisis de recintos para altavoces y sistemas de reproducción.",
        "area": "electroacústica",
        "tipo": "profesional avanzada",
        "creditos": 2
      },
      {
        "nombre": "Audio para Medios Audiovisuales I",
        "descripcion": "Producción de audio para cine, televisión y medios interactivos.",
        "area": "producción audiovisual",
        "tipo": "profesional avanzada",
        "creditos": 3
      },
      {
        "nombre": "Arte, Expresión Humana y Comunidad",
        "descripcion": "Reflexión sobre el arte y la cultura en la sociedad contemporánea.",
        "area": "formación general",
        "tipo": "formación complementaria",
        "creditos": 3
      }
    ],
    "8": [
      {
        "nombre": "Sostenibilidad y Calidad Ambiental en la Edificación",
        "descripcion": "Evaluación del impacto acústico y ambiental en edificaciones sostenibles.",
        "area": "acústica ambiental",
        "tipo": "profesional avanzada",
        "creditos": 2
      },
      {
        "nombre": "Refuerzo Sonoro",
        "descripcion": "Diseño y calibración de sistemas de refuerzo de sonido para espacios amplios.",
        "area": "producción sonora",
        "tipo": "profesional avanzada",
        "creditos": 3
      },
      {
        "nombre": "Simulación de Sistemas Acústicos",
        "descripcion": "Uso de software especializado para modelar y analizar espacios acústicos.",
        "area": "simulación acústica",
        "tipo": "profesional avanzada",
        "creditos": 2
      },
      {
        "nombre": "Técnicas de Grabación y Mezcla Musical",
        "descripcion": "Aplicación de técnicas de grabación multicanal y mezcla profesional.",
        "area": "producción sonora",
        "tipo": "profesional avanzada",
        "creditos": 3
      },
      {
        "nombre": "Audio para Medios Audiovisuales II",
        "descripcion": "Diseño sonoro avanzado para proyectos multimedia y cinematográficos.",
        "area": "producción audiovisual",
        "tipo": "profesional avanzada",
        "creditos": 3
      },
      {
        "nombre": "Acústica Ambiental (Integración)",
        "descripcion": "Aplicación de principios acústicos al diseño ambiental y urbano.",
        "area": "acústica ambiental",
        "tipo": "integración profesional",
        "creditos": 3
      }
    ],
    "9": [
      {
        "nombre": "Laboratorio de Mediciones",
        "descripcion": "Experimentos prácticos de medición acústica y análisis de campo.",
        "area": "acústica instrumental",
        "tipo": "profesional avanzada",
        "creditos": 3
      },
      {
        "nombre": "Sistemas Sonoro Interactivos",
        "descripcion": "Diseño de sistemas de sonido interactivos y controlados por software.",
        "area": "tecnología del sonido",
        "tipo": "profesional avanzada",
        "creditos": 3
      },
      {
        "nombre": "Producción Musical",
        "descripcion": "Creación, grabación y mezcla de producciones musicales profesionales.",
        "area": "producción sonora",
        "tipo": "profesional avanzada",
        "creditos": 2
      },
      {
        "nombre": "Prácticas Preprofesionales",
        "descripcion": "Aplicación de conocimientos técnicos en proyectos y entornos reales de sonido.",
        "area": "prácticas preprofesionales",
        "tipo": "integración profesional",
        "creditos": 5
      },
      {
        "nombre": "Gestión de Proyectos Acústicos y de Sonido (Integración)",
        "descripcion": "Planificación, ejecución y evaluación de proyectos integradores de acústica y sonido.",
        "area": "gestión de proyectos",
        "tipo": "integración curricular",
        "creditos": 2
      }
    ]
  }
}
