{
  "universidad": "Universidad de las Américas (UDLA)",
  "carrera": "Ingeniería de Software",
  "modalidad": "Presencial",
  "duracion_periodos": 9,
  "titulo": "Ingeniero/a de Software",
  "malla_curricular": {
    "1": [
      {
        "nombre": "Matemáticas Discretas I",
        "descripcion": "Fundamentos lógicos y matemáticos esenciales para el diseño y análisis de algoritmos.",
        "area": "matemática aplicada",
        "tipo": "básica",
        "creditos": 2
      },
      {
        "nombre": "Cálculo I",
        "descripcion": "Conceptos de derivación y aplicación en la resolución de problemas de ingeniería.",
        "area": "matemática aplicada",
        "tipo": "básica",
        "creditos": 4
      },
      {
        "nombre": "Algoritmos",
        "descripcion": "Diseño, análisis y optimización de algoritmos para resolver problemas computacionales.",
        "area": "programación básica",
        "tipo": "profesional",
        "creditos": 3
      },
      {
        "nombre": "Introducción a la Ingeniería de Software",
        "descripcion": "Principios, procesos y roles en el ciclo de vida del software moderno.",
        "area": "ingeniería de software",
        "tipo": "profesional",
        "creditos": 2
      },
      {
        "nombre": "Lenguaje y Comunicación Digital",
        "descripcion": "Habilidades comunicativas y pensamiento crítico en entornos digitales.",
        "area": "formación general",
        "tipo": "formación complementaria",
        "creditos": 4
      }
    ],
    "2": [
      {
        "nombre": "Álgebra Lineal",
        "descripcion": "Aplicaciones matriciales y vectoriales en modelado de datos y transformaciones.",
        "area": "matemática aplicada",
        "tipo": "básica",
        "creditos": 3
      },
      {
        "nombre": "Cálculo II",
        "descripcion": "Integración y análisis de funciones aplicadas a ingeniería computacional.",
        "area": "matemática aplicada",
        "tipo": "básica",
        "creditos": 3
      },
      {
        "nombre": "Física General",
        "descripcion": "Principios físicos de energía, movimiento y electricidad relevantes a la ingeniería.",
        "area": "ciencias básicas",
        "tipo": "básica",
        "creditos": 4
      },
      {
        "nombre": "Programación I",
        "descripcion": "Fundamentos de la programación estructurada con un lenguaje de alto nivel.",
        "area": "programación básica",
        "tipo": "profesional",
        "creditos": 3
      },
      {
        "nombre": "Investigación y Textos Académicos",
        "descripcion": "Desarrollo de competencias en escritura técnica y metodología de investigación.",
        "area": "formación metodológica",
        "tipo": "formación complementaria",
        "creditos": 3
      }
    ],
    "3": [
      {
        "nombre": "Estadística para Ingenieros",
        "descripcion": "Análisis estadístico aplicado a proyectos de ingeniería y software.",
        "area": "estadística aplicada",
        "tipo": "básica",
        "creditos": 3
      },
      {
        "nombre": "Ecuaciones Diferenciales",
        "descripcion": "Modelado de sistemas continuos aplicados a simulación y procesos computacionales.",
        "area": "matemática aplicada",
        "tipo": "básica",
        "creditos": 3
      },
      {
        "nombre": "Interacción Hombre - Computador",
        "descripcion": "Diseño centrado en el usuario, usabilidad y experiencia de interacción digital.",
        "area": "experiencia de usuario",
        "tipo": "profesional",
        "creditos": 2
      },
      {
        "nombre": "Programación II",
        "descripcion": "Programación orientada a objetos y estructuras de datos avanzadas.",
        "area": "programación avanzada",
        "tipo": "profesional",
        "creditos": 3
      },
      {
        "nombre": "Fundamentos de TI",
        "descripcion": "Estructura y funcionamiento de sistemas de información y redes de cómputo.",
        "area": "infraestructura tecnológica",
        "tipo": "profesional",
        "creditos": 2
      },
      {
        "nombre": "Ciudadanía, Cultura e Historia",
        "descripcion": "Reflexión sobre identidad, cultura y desarrollo social en el contexto ecuatoriano.",
        "area": "formación general",
        "tipo": "formación complementaria",
        "creditos": 3
      }
    ],
    "4": [
      {
        "nombre": "Matemáticas Discretas II",
        "descripcion": "Profundización en teoría de grafos, combinatoria y lógica aplicada al software.",
        "area": "matemática aplicada",
        "tipo": "básica",
        "creditos": 3
      },
      {
        "nombre": "Métodos Numéricos",
        "descripcion": "Técnicas de aproximación numérica aplicadas al modelado computacional.",
        "area": "matemática aplicada",
        "tipo": "profesional",
        "creditos": 3
      },
      {
        "nombre": "Ingeniería de Requerimientos",
        "descripcion": "Captura, análisis y validación de requerimientos funcionales y no funcionales.",
        "area": "ingeniería de software",
        "tipo": "profesional",
        "creditos": 3
      },
      {
        "nombre": "Programación III",
        "descripcion": "Desarrollo de aplicaciones modulares y gestión de memoria en proyectos complejos.",
        "area": "programación avanzada",
        "tipo": "profesional",
        "creditos": 3
      },
      {
        "nombre": "Sistemas Operativos",
        "descripcion": "Arquitectura, gestión de procesos y sistemas de archivos en entornos OS modernos.",
        "area": "sistemas operativos",
        "tipo": "profesional",
        "creditos": 3
      },
      {
        "nombre": "Administración, Innovación y Emprendimiento",
        "descripcion": "Gestión de proyectos tecnológicos y fundamentos de innovación empresarial.",
        "area": "emprendimiento tecnológico",
        "tipo": "formación complementaria",
        "creditos": 2
      }
    ],
    "5": [
      {
        "nombre": "Base de Datos I",
        "descripcion": "Diseño lógico y físico de bases de datos relacionales utilizando SQL.",
        "area": "bases de datos",
        "tipo": "profesional",
        "creditos": 3
      },
      {
        "nombre": "Modelado de Software",
        "descripcion": "Aplicación de UML y otras técnicas de modelado para la documentación de sistemas.",
        "area": "ingeniería de software",
        "tipo": "profesional avanzada",
        "creditos": 2
      },
      {
        "nombre": "Redes I",
        "descripcion": "Fundamentos de redes de datos, protocolos y conectividad en sistemas distribuidos.",
        "area": "redes y comunicaciones",
        "tipo": "profesional",
        "creditos": 3
      },
      {
        "nombre": "Programación IV",
        "descripcion": "Desarrollo avanzado de software en múltiples capas y manejo de concurrencia.",
        "area": "programación avanzada",
        "tipo": "profesional avanzada",
        "creditos": 3
      },
      {
        "nombre": "Computación Ubicua",
        "descripcion": "Desarrollo de sistemas integrados en entornos móviles y contextuales.",
        "area": "tecnologías emergentes",
        "tipo": "profesional avanzada",
        "creditos": 3
      },
      {
        "nombre": "Negocios Electrónicos y Marketing Digital",
        "descripcion": "Estrategias de comercio digital, posicionamiento y modelos de negocio online.",
        "area": "negocios digitales",
        "tipo": "formación complementaria",
        "creditos": 2
      }
    ],
    "6": [
      {
        "nombre": "Base de Datos II",
        "descripcion": "Gestión avanzada, normalización y administración de bases de datos distribuidas.",
        "area": "bases de datos",
        "tipo": "profesional avanzada",
        "creditos": 3
      },
      {
        "nombre": "Diseño y Arquitectura de Software",
        "descripcion": "Principios de diseño modular, patrones y arquitectura de software escalable.",
        "area": "arquitectura de software",
        "tipo": "profesional avanzada",
        "creditos": 3
      },
      {
        "nombre": "Desarrollo de Videojuegos",
        "descripcion": "Diseño e implementación de videojuegos utilizando motores gráficos y física computacional.",
        "area": "computación gráfica",
        "tipo": "profesional avanzada",
        "creditos": 3
      },
      {
        "nombre": "Seguridad Informática",
        "descripcion": "Protección de datos, criptografía y gestión de vulnerabilidades.",
        "area": "seguridad informática",
        "tipo": "profesional avanzada",
        "creditos": 3
      },
      {
        "nombre": "Ingeniería Económica para Software",
        "descripcion": "Evaluación de costos y rentabilidad en proyectos de desarrollo de software.",
        "area": "gestión de proyectos",
        "tipo": "profesional",
        "creditos": 2
      },
      {
        "nombre": "Modelos y Simulación",
        "descripcion": "Simulación computacional de procesos y sistemas dinámicos.",
        "area": "simulación y modelado",
        "tipo": "profesional avanzada",
        "creditos": 2
      }
    ],
    "7": [
      {
        "nombre": "Análisis y Visualización de Datos",
        "descripcion": "Técnicas de análisis exploratorio y visualización de información con herramientas BI.",
        "area": "análisis de datos",
        "tipo": "profesional avanzada",
        "creditos": 3
      },
      {
        "nombre": "Ingeniería Web",
        "descripcion": "Desarrollo de aplicaciones web modernas utilizando arquitecturas cliente-servidor.",
        "area": "desarrollo web",
        "tipo": "profesional avanzada",
        "creditos": 3
      },
      {
        "nombre": "Metodología de Desarrollo de Software",
        "descripcion": "Implementación de metodologías ágiles y tradicionales en gestión de proyectos.",
        "area": "ingeniería de software",
        "tipo": "profesional avanzada",
        "creditos": 2
      },
      {
        "nombre": "Gestión de TI",
        "descripcion": "Administración de infraestructuras tecnológicas y servicios informáticos.",
        "area": "gestión tecnológica",
        "tipo": "profesional",
        "creditos": 3
      },
      {
        "nombre": "Aplicaciones Distribuidas",
        "descripcion": "Diseño e implementación de aplicaciones distribuidas y servicios web.",
        "area": "arquitectura de software",
        "tipo": "profesional avanzada",
        "creditos": 3
      }
    ],
    "8": [
      {
        "nombre": "Desarrollo de Software Seguro",
        "descripcion": "Implementación de prácticas seguras durante todo el ciclo de vida del software.",
        "area": "seguridad informática",
        "tipo": "profesional avanzada",
        "creditos": 2
      },
      {
        "nombre": "Validación y Verificación de Software",
        "descripcion": "Pruebas y control de calidad del software mediante técnicas automatizadas.",
        "area": "calidad de software",
        "tipo": "profesional avanzada",
        "creditos": 3
      },
      {
        "nombre": "Calidad de Software",
        "descripcion": "Gestión de procesos de calidad basados en estándares internacionales.",
        "area": "calidad de software",
        "tipo": "profesional avanzada",
        "creditos": 3
      },
      {
        "nombre": "Gestión de Proyectos de Software",
        "descripcion": "Planificación, ejecución y control de proyectos de desarrollo de software.",
        "area": "gestión de proyectos",
        "tipo": "profesional avanzada",
        "creditos": 3
      },
      {
        "nombre": "Inteligencia Artificial I",
        "descripcion": "Fundamentos de IA, búsqueda, heurísticas y representación del conocimiento.",
        "area": "inteligencia artificial",
        "tipo": "profesional avanzada",
        "creditos": 3
      }
    ],
    "9": [
      {
        "nombre": "Integración de Sistemas",
        "descripcion": "Diseño e implementación de sistemas integrados usando APIs y microservicios.",
        "area": "arquitectura de software",
        "tipo": "profesional avanzada",
        "creditos": 3
      },
      {
        "nombre": "Procesos de Software",
        "descripcion": "Modelado y mejora continua de procesos de desarrollo de software.",
        "area": "ingeniería de software",
        "tipo": "profesional avanzada",
        "creditos": 3
      },
      {
        "nombre": "Prácticas Preprofesionales",
        "descripcion": "Aplicación práctica de conocimientos en proyectos empresariales o institucionales.",
        "area": "prácticas preprofesionales",
        "tipo": "integración profesional",
        "creditos": 5
      },
      {
        "nombre": "Proyecto de Software",
        "descripcion": "Desarrollo de un proyecto integrador aplicando buenas prácticas y metodologías.",
        "area": "gestión de proyectos",
        "tipo": "integración curricular",
        "creditos": 2
      },
      {
        "nombre": "Inteligencia Artificial II",
        "descripcion": "Aplicación de aprendizaje automático y redes neuronales en soluciones avanzadas.",
        "area": "inteligencia artificial",
        "tipo": "profesional avanzada",
        "creditos": 3
      }
    ]
  }
}
