{
  "universidad": "Universidad de las Américas (UDLA)",
  "carrera": "Ingeniería en Biotecnología",
  "modalidad": "Presencial",
  "duracion_periodos": 9,
  "titulo": "Ingeniero/a en Biotecnología",
  "malla_curricular": {
    "1": [
      {
        "nombre": "Introducción a la Biotecnología",
        "descripcion": "Panorama general de la biotecnología, sus áreas de aplicación y su impacto en la salud, el ambiente y la industria.",
        "area": "biotecnología general",
        "tipo": "profesional",
        "creditos": 3
      },
      {
        "nombre": "Química General",
        "descripcion": "Principios fundamentales de la química orientados al estudio de procesos biológicos y moleculares.",
        "area": "química general",
        "tipo": "básica",
        "creditos": 4
      },
      {
        "nombre": "Cálculo I",
        "descripcion": "Cálculo diferencial e integral aplicado a modelos de crecimiento y reacciones biológicas.",
        "area": "matemática aplicada",
        "tipo": "básica",
        "creditos": 4
      },
      {
        "nombre": "Aprendizaje Estratégico y Liderazgo",
        "descripcion": "Desarrollo de habilidades personales, trabajo en equipo y liderazgo en contextos científicos.",
        "area": "formación personal",
        "tipo": "complementaria",
        "creditos": 3
      },
      {
        "nombre": "Comunicación Efectiva",
        "descripcion": "Estrategias de comunicación oral y escrita aplicadas al ámbito científico y profesional.",
        "area": "comunicación",
        "tipo": "complementaria",
        "creditos": 3
      }
    ],
    "2": [
      {
        "nombre": "Biología Celular",
        "descripcion": "Estructura y función de la célula, con énfasis en procesos moleculares y su aplicación biotecnológica.",
        "area": "biología celular",
        "tipo": "básica",
        "creditos": 4
      },
      {
        "nombre": "Química Aplicada",
        "descripcion": "Conceptos químicos avanzados enfocados en reacciones y procesos biológicos.",
        "area": "química aplicada",
        "tipo": "básica",
        "creditos": 3
      },
      {
        "nombre": "Cálculo II",
        "descripcion": "Aplicación del cálculo integral, series y ecuaciones diferenciales en sistemas biológicos.",
        "area": "matemática aplicada",
        "tipo": "básica",
        "creditos": 3
      },
      {
        "nombre": "Física General",
        "descripcion": "Conceptos de mecánica, termodinámica y electromagnetismo aplicados a procesos biológicos.",
        "area": "física aplicada",
        "tipo": "básica",
        "creditos": 4
      },
      {
        "nombre": "Pensamiento Crítico Aplicado",
        "descripcion": "Desarrollo del razonamiento lógico y científico para la solución de problemas complejos.",
        "area": "formación científica",
        "tipo": "complementaria",
        "creditos": 3
      },
      {
        "nombre": "Interacción Efectiva en Sistemas Sociales",
        "descripcion": "Habilidades de comunicación y colaboración en entornos multidisciplinarios.",
        "area": "comunicación social",
        "tipo": "complementaria",
        "creditos": 3
      }
    ],
    "3": [
      {
        "nombre": "Fisiología Celular",
        "descripcion": "Procesos celulares de señalización, transporte y metabolismo en organismos vivos.",
        "area": "biología celular y molecular",
        "tipo": "básica",
        "creditos": 3
      },
      {
        "nombre": "Química Analítica",
        "descripcion": "Métodos de análisis cualitativo y cuantitativo aplicados a compuestos biológicos.",
        "area": "química analítica",
        "tipo": "básica",
        "creditos": 3
      },
      {
        "nombre": "Química Orgánica",
        "descripcion": "Estructura, síntesis y reacciones de compuestos orgánicos relevantes para la biotecnología.",
        "area": "química orgánica",
        "tipo": "básica",
        "creditos": 4
      },
      {
        "nombre": "Química-Física",
        "descripcion": "Estudio de los principios físicos que gobiernan las transformaciones químicas.",
        "area": "físico-química",
        "tipo": "básica",
        "creditos": 3
      },
      {
        "nombre": "Ecuaciones Diferenciales",
        "descripcion": "Modelado matemático de procesos dinámicos en sistemas biotecnológicos.",
        "area": "matemática aplicada",
        "tipo": "básica",
        "creditos": 3
      },
      {
        "nombre": "Metodología de la Investigación",
        "descripcion": "Fundamentos de la investigación científica y redacción de informes técnicos.",
        "area": "investigación científica",
        "tipo": "formación metodológica",
        "creditos": 2
      }
    ],
    "4": [
      {
        "nombre": "Genética",
        "descripcion": "Principios de herencia, ADN, mutaciones y su aplicación en ingeniería genética.",
        "area": "genética molecular",
        "tipo": "profesional",
        "creditos": 3
      },
      {
        "nombre": "Introducción a la Bioinformática",
        "descripcion": "Uso de herramientas computacionales para el análisis de datos biológicos y genómicos.",
        "area": "bioinformática",
        "tipo": "profesional",
        "creditos": 3
      },
      {
        "nombre": "Bioquímica",
        "descripcion": "Estudio de biomoléculas y rutas metabólicas en organismos vivos.",
        "area": "bioquímica aplicada",
        "tipo": "profesional",
        "creditos": 3
      },
      {
        "nombre": "Fenómenos de Transporte Aplicados a la Biotecnología",
        "descripcion": "Procesos de difusión, convección y transferencia de energía en sistemas biológicos.",
        "area": "ingeniería biotecnológica",
        "tipo": "profesional",
        "creditos": 3
      },
      {
        "nombre": "Bioestadística",
        "descripcion": "Aplicación de métodos estadísticos en el análisis de datos experimentales.",
        "area": "estadística aplicada",
        "tipo": "formación metodológica",
        "creditos": 3
      }
    ],
    "5": [
      {
        "nombre": "Biología Molecular I",
        "descripcion": "Mecanismos de replicación, transcripción y traducción del ADN.",
        "area": "biología molecular",
        "tipo": "profesional",
        "creditos": 3
      },
      {
        "nombre": "Balance de Materiales y Energía",
        "descripcion": "Análisis de entradas y salidas en sistemas biotecnológicos de producción.",
        "area": "ingeniería de procesos",
        "tipo": "profesional",
        "creditos": 3
      },
      {
        "nombre": "Microbiología I",
        "descripcion": "Estudio de microorganismos y su aplicación en procesos industriales y ambientales.",
        "area": "microbiología aplicada",
        "tipo": "profesional",
        "creditos": 3
      },
      {
        "nombre": "Principios de Ingeniería Metabólica",
        "descripcion": "Introducción al rediseño de rutas metabólicas para optimizar productos biotecnológicos.",
        "area": "ingeniería metabólica",
        "tipo": "profesional",
        "creditos": 3
      },
      {
        "nombre": "Diseño de Experimentos",
        "descripcion": "Planificación y análisis de experimentos biotecnológicos bajo criterios estadísticos.",
        "area": "investigación aplicada",
        "tipo": "metodológica",
        "creditos": 3
      }
    ],
    "6": [
      {
        "nombre": "Inmunología",
        "descripcion": "Estructura y función del sistema inmunológico y sus aplicaciones en biotecnología.",
        "area": "biología inmunológica",
        "tipo": "profesional",
        "creditos": 2
      },
      {
        "nombre": "Operaciones Unitarias Biotecnológicas",
        "descripcion": "Procesos de separación y purificación aplicados a biomoléculas y cultivos celulares.",
        "area": "ingeniería biotecnológica",
        "tipo": "profesional",
        "creditos": 3
      },
      {
        "nombre": "Biología Molecular II",
        "descripcion": "Aplicaciones avanzadas de la biología molecular en la manipulación genética.",
        "area": "biología molecular avanzada",
        "tipo": "profesional",
        "creditos": 3
      },
      {
        "nombre": "Microbiología II",
        "descripcion": "Estudio avanzado de microorganismos con enfoque en biotecnología industrial.",
        "area": "microbiología industrial",
        "tipo": "profesional",
        "creditos": 3
      },
      {
        "nombre": "Biotecnología Enzimática",
        "descripcion": "Producción, purificación y aplicación de enzimas en procesos industriales.",
        "area": "biocatálisis",
        "tipo": "profesional",
        "creditos": 3
      }
    ],
    "7": [
      {
        "nombre": "Ingeniería Genética",
        "descripcion": "Manipulación del ADN para modificar características genéticas de organismos.",
        "area": "ingeniería genética",
        "tipo": "profesional",
        "creditos": 4
      },
      {
        "nombre": "Biotecnología Ambiental",
        "descripcion": "Uso de microorganismos y plantas para el tratamiento de residuos y suelos contaminados.",
        "area": "biotecnología ambiental",
        "tipo": "profesional",
        "creditos": 3
      },
      {
        "nombre": "Bioprocesos",
        "descripcion": "Diseño y optimización de procesos biotecnológicos a escala industrial.",
        "area": "ingeniería de bioprocesos",
        "tipo": "profesional",
        "creditos": 3
      },
      {
        "nombre": "Bioinformática",
        "descripcion": "Análisis computacional de secuencias genéticas y estructurales.",
        "area": "bioinformática aplicada",
        "tipo": "profesional",
        "creditos": 3
      },
      {
        "nombre": "Proyecto de Investigación Integrador",
        "descripcion": "Desarrollo de un proyecto aplicado a un problema biotecnológico real.",
        "area": "investigación aplicada",
        "tipo": "integrador",
        "creditos": 2
      }
    ],
    "8": [
      {
        "nombre": "Biotecnología Biomédica",
        "descripcion": "Aplicación de la biotecnología en diagnóstico, terapias génicas y medicina regenerativa.",
        "area": "biotecnología médica",
        "tipo": "profesional",
        "creditos": 3
      },
      {
        "nombre": "Biotecnología Animal",
        "descripcion": "Uso de técnicas biotecnológicas en la mejora genética y sanitaria animal.",
        "area": "biotecnología animal",
        "tipo": "profesional",
        "creditos": 2
      },
      {
        "nombre": "Modelamiento de Bioprocesos",
        "descripcion": "Simulación de procesos biotecnológicos mediante modelos matemáticos y computacionales.",
        "area": "ingeniería biotecnológica",
        "tipo": "profesional",
        "creditos": 3
      },
      {
        "nombre": "Biotecnología Vegetal",
        "descripcion": "Aplicación de la biotecnología en cultivo de tejidos, transgénicos y mejora vegetal.",
        "area": "biotecnología vegetal",
        "tipo": "profesional",
        "creditos": 3
      },
      {
        "nombre": "Gestión de Proyectos de Biotecnología",
        "descripcion": "Planificación, ejecución y evaluación de proyectos biotecnológicos.",
        "area": "gestión de proyectos",
        "tipo": "integrador",
        "creditos": 2
      }
    ],
    "9": [
      {
        "nombre": "Biotecnología y Emprendimiento",
        "descripcion": "Gestión de negocios e innovación en el ámbito biotecnológico.",
        "area": "emprendimiento biotecnológico",
        "tipo": "profesional",
        "creditos": 2
      },
      {
        "nombre": "Calidad y Bioseguridad",
        "descripcion": "Gestión de sistemas de calidad y bioseguridad en laboratorios y plantas biotecnológicas.",
        "area": "bioseguridad",
        "tipo": "profesional",
        "creditos": 3
      },
      {
        "nombre": "Biotecnología Industrial",
        "descripcion": "Producción a gran escala de compuestos biotecnológicos en entornos industriales.",
        "area": "biotecnología industrial",
        "tipo": "profesional",
        "creditos": 3
      },
      {
        "nombre": "Prácticas Preprofesionales",
        "descripcion": "Aplicación práctica de conocimientos en instituciones o empresas biotecnológicas.",
        "area": "formación profesional",
        "tipo": "integrador",
        "creditos": 5
      },
      {
        "nombre": "Proyectos de Biotecnología",
        "descripcion": "Proyecto final integrador enfocado en innovación biotecnológica.",
        "area": "investigación aplicada",
        "tipo": "proyecto integrador",
        "creditos": 2
      }
    ]
  }
}
