{
  "universidad": "Universidad de las Américas (UDLA)",
  "carrera": "Ingeniería en Ciberseguridad",
  "modalidad": "Presencial",
  "duracion_periodos": 9,
  "titulo": "Ingeniero/a en Ciberseguridad",
  "malla_curricular": {
    "1": [
      {
        "nombre": "Matemáticas Discretas I",
        "descripcion": "Introducción a los fundamentos lógicos y combinatorios aplicados a la informática y la ciberseguridad.",
        "area": "matemática discreta",
        "tipo": "básica",
        "creditos": 2
      },
      {
        "nombre": "Cálculo I",
        "descripcion": "Conceptos de derivación y análisis de funciones aplicados a ingeniería.",
        "area": "matemática aplicada",
        "tipo": "básica",
        "creditos": 4
      },
      {
        "nombre": "Algoritmos",
        "descripcion": "Diseño y análisis de algoritmos fundamentales en la resolución de problemas computacionales.",
        "area": "programación básica",
        "tipo": "profesional",
        "creditos": 3
      },
      {
        "nombre": "Introducción a la Ingeniería en TI",
        "descripcion": "Panorama general de la ingeniería en tecnologías de la información y fundamentos de ciberseguridad.",
        "area": "tecnologías de la información",
        "tipo": "profesional",
        "creditos": 2
      },
      {
        "nombre": "Aprendizaje Estratégico y Liderazgo",
        "descripcion": "Desarrollo de habilidades personales y de liderazgo en entornos tecnológicos.",
        "area": "formación personal",
        "tipo": "formación complementaria",
        "creditos": 3
      },
      {
        "nombre": "Comunicación Efectiva",
        "descripcion": "Técnicas de comunicación escrita y oral aplicadas a contextos técnicos y académicos.",
        "area": "formación general",
        "tipo": "formación complementaria",
        "creditos": 3
      }
    ],
    "2": [
      {
        "nombre": "Física General",
        "descripcion": "Fundamentos de mecánica y electricidad aplicados a sistemas de hardware y redes.",
        "area": "física aplicada",
        "tipo": "básica",
        "creditos": 4
      },
      {
        "nombre": "Cálculo II",
        "descripcion": "Aplicación de técnicas de integración en problemas de ingeniería y modelado de sistemas.",
        "area": "matemática aplicada",
        "tipo": "básica",
        "creditos": 3
      },
      {
        "nombre": "Programación I",
        "descripcion": "Fundamentos de programación estructurada con énfasis en lógica y algoritmos aplicados.",
        "area": "programación básica",
        "tipo": "profesional",
        "creditos": 3
      },
      {
        "nombre": "Pensamiento Crítico Aplicado",
        "descripcion": "Desarrollo de habilidades de razonamiento lógico y análisis para la toma de decisiones.",
        "area": "formación general",
        "tipo": "formación complementaria",
        "creditos": 3
      },
      {
        "nombre": "Interacción Efectiva en Sistemas Sociales",
        "descripcion": "Estudio de la comunicación interpersonal y trabajo en equipo en entornos organizacionales.",
        "area": "formación humana",
        "tipo": "formación complementaria",
        "creditos": 3
      }
    ],
    "3": [
      {
        "nombre": "Estadística para Ingenieros",
        "descripcion": "Métodos estadísticos aplicados al análisis de datos y evaluación de riesgos en seguridad.",
        "area": "estadística aplicada",
        "tipo": "básica",
        "creditos": 3
      },
      {
        "nombre": "Álgebra Lineal",
        "descripcion": "Operaciones matriciales y vectores utilizados en cifrado y procesamiento de datos.",
        "area": "matemática aplicada",
        "tipo": "básica",
        "creditos": 3
      },
      {
        "nombre": "Ecuaciones Diferenciales",
        "descripcion": "Modelado de procesos mediante ecuaciones diferenciales aplicadas a sistemas informáticos.",
        "area": "matemática aplicada",
        "tipo": "básica",
        "creditos": 3
      },
      {
        "nombre": "Programación II",
        "descripcion": "Programación orientada a objetos aplicada a proyectos de software y seguridad.",
        "area": "programación intermedia",
        "tipo": "profesional",
        "creditos": 3
      },
      {
        "nombre": "Fundamentos de TI",
        "descripcion": "Conceptos esenciales sobre hardware, redes y sistemas operativos.",
        "area": "infraestructura TI",
        "tipo": "profesional",
        "creditos": 2
      },
      {
        "nombre": "Fundamentos de Ciberseguridad",
        "descripcion": "Introducción a los principios de protección de la información y gestión de riesgos.",
        "area": "ciberseguridad básica",
        "tipo": "profesional",
        "creditos": 2
      }
    ],
    "4": [
      {
        "nombre": "Matemáticas Discretas II",
        "descripcion": "Profundización en estructuras discretas aplicadas a la criptografía y seguridad de sistemas.",
        "area": "matemática discreta",
        "tipo": "básica",
        "creditos": 3
      },
      {
        "nombre": "Métodos Numéricos",
        "descripcion": "Métodos computacionales aplicados a la resolución de ecuaciones y simulaciones.",
        "area": "matemática aplicada",
        "tipo": "básica",
        "creditos": 3
      },
      {
        "nombre": "Sistemas Operativos",
        "descripcion": "Gestión de procesos, memoria y seguridad en sistemas operativos modernos.",
        "area": "infraestructura TI",
        "tipo": "profesional",
        "creditos": 3
      },
      {
        "nombre": "Programación III",
        "descripcion": "Diseño de aplicaciones complejas y conexión con bases de datos.",
        "area": "programación avanzada",
        "tipo": "profesional",
        "creditos": 3
      },
      {
        "nombre": "Administración, Innovación y Emprendimiento",
        "descripcion": "Introducción a la gestión de proyectos tecnológicos y emprendimientos digitales.",
        "area": "gestión tecnológica",
        "tipo": "formación complementaria",
        "creditos": 2
      }
    ],
    "5": [
      {
        "nombre": "Ingeniería Económica",
        "descripcion": "Análisis financiero aplicado a proyectos tecnológicos y de seguridad informática.",
        "area": "gestión empresarial",
        "tipo": "formación complementaria",
        "creditos": 3
      },
      {
        "nombre": "Electiva Redes I",
        "descripcion": "Configuración e implementación de redes de comunicación seguras.",
        "area": "redes y comunicaciones",
        "tipo": "profesional avanzada",
        "creditos": 3
      },
      {
        "nombre": "Base de Datos I",
        "descripcion": "Modelado y administración de bases de datos relacionales.",
        "area": "gestión de datos",
        "tipo": "profesional avanzada",
        "creditos": 3
      },
      {
        "nombre": "Informática Forense I",
        "descripcion": "Fundamentos de investigación digital y preservación de evidencia.",
        "area": "ciberseguridad forense",
        "tipo": "profesional avanzada",
        "creditos": 3
      },
      {
        "nombre": "Sistemas IoT Seguros",
        "descripcion": "Diseño y protección de sistemas de Internet de las Cosas (IoT).",
        "area": "ciberseguridad aplicada",
        "tipo": "profesional avanzada",
        "creditos": 3
      }
    ],
    "6": [
      {
        "nombre": "Matemática Aplicada a la Computación",
        "descripcion": "Aplicación de métodos matemáticos para el análisis de algoritmos y cifrados.",
        "area": "matemática aplicada",
        "tipo": "básica",
        "creditos": 2
      },
      {
        "nombre": "Redes II",
        "descripcion": "Diseño de redes LAN/WAN seguras y administración de protocolos de comunicación.",
        "area": "redes y comunicaciones",
        "tipo": "profesional avanzada",
        "creditos": 3
      },
      {
        "nombre": "Administración de Servicios de Red",
        "descripcion": "Gestión de servidores, dominios y seguridad en entornos de red empresarial.",
        "area": "infraestructura TI",
        "tipo": "profesional avanzada",
        "creditos": 3
      },
      {
        "nombre": "Informática Forense II",
        "descripcion": "Análisis avanzado de evidencia digital en incidentes de ciberseguridad.",
        "area": "ciberseguridad forense",
        "tipo": "profesional avanzada",
        "creditos": 3
      },
      {
        "nombre": "Hacking Ético",
        "descripcion": "Técnicas de penetración controlada y auditoría de sistemas informáticos.",
        "area": "ciberseguridad ofensiva",
        "tipo": "profesional avanzada",
        "creditos": 2
      },
      {
        "nombre": "Diseño de Sistemas Seguros",
        "descripcion": "Implementación de arquitecturas seguras y control de acceso.",
        "area": "ciberseguridad aplicada",
        "tipo": "profesional avanzada",
        "creditos": 3
      }
    ],
    "7": [
      {
        "nombre": "Sistemas Distribuidos",
        "descripcion": "Arquitectura y comunicación entre sistemas distribuidos y sus implicaciones de seguridad.",
        "area": "arquitectura de sistemas",
        "tipo": "profesional avanzada",
        "creditos": 3
      },
      {
        "nombre": "Criptografía y Seguridad en Redes",
        "descripcion": "Diseño y análisis de protocolos criptográficos para la protección de datos.",
        "area": "criptografía aplicada",
        "tipo": "profesional avanzada",
        "creditos": 3
      },
      {
        "nombre": "Ingeniería Inversa",
        "descripcion": "Técnicas de análisis de software y detección de vulnerabilidades.",
        "area": "seguridad ofensiva",
        "tipo": "profesional avanzada",
        "creditos": 3
      },
      {
        "nombre": "Ciberinteligencia",
        "descripcion": "Análisis de amenazas y vigilancia de información en ciberespacios.",
        "area": "ciberinteligencia",
        "tipo": "profesional avanzada",
        "creditos": 2
      },
      {
        "nombre": "Seguridad Defensiva",
        "descripcion": "Desarrollo de estrategias de defensa y respuesta ante ciberataques.",
        "area": "ciberseguridad defensiva",
        "tipo": "profesional avanzada",
        "creditos": 2
      },
      {
        "nombre": "Seguridad Informática",
        "descripcion": "Gestión de la seguridad informática en infraestructuras corporativas.",
        "area": "ciberseguridad aplicada",
        "tipo": "profesional avanzada",
        "creditos": 3
      }
    ],
    "8": [
      {
        "nombre": "Auditoría de TI",
        "descripcion": "Evaluación de sistemas de información y cumplimiento normativo en seguridad.",
        "area": "auditoría tecnológica",
        "tipo": "profesional avanzada",
        "creditos": 2
      },
      {
        "nombre": "Protección de Infraestructuras Críticas",
        "descripcion": "Gestión de riesgos y seguridad en infraestructuras de alta sensibilidad.",
        "area": "ciberseguridad industrial",
        "tipo": "profesional avanzada",
        "creditos": 3
      },
      {
        "nombre": "Administración de Base de Datos",
        "descripcion": "Gestión y aseguramiento de bases de datos empresariales.",
        "area": "gestión de datos",
        "tipo": "profesional avanzada",
        "creditos": 3
      },
      {
        "nombre": "Computación en la Nube",
        "descripcion": "Diseño y gestión de entornos cloud con medidas de seguridad integradas.",
        "area": "infraestructura en la nube",
        "tipo": "profesional avanzada",
        "creditos": 3
      },
      {
        "nombre": "Deontología y Derecho Informático",
        "descripcion": "Aspectos éticos y legales relacionados con la ciberseguridad y la privacidad digital.",
        "area": "ética y legislación tecnológica",
        "tipo": "formación complementaria",
        "creditos": 2
      },
      {
        "nombre": "Gestión de Proyectos de Ciberseguridad",
        "descripcion": "Planificación y ejecución de proyectos relacionados con la seguridad de la información.",
        "area": "gestión de proyectos",
        "tipo": "integración profesional",
        "creditos": 3
      }
    ],
    "9": [
      {
        "nombre": "Gestión de TI",
        "descripcion": "Administración estratégica de recursos tecnológicos y procesos ITIL.",
        "area": "gestión tecnológica",
        "tipo": "profesional avanzada",
        "creditos": 3
      },
      {
        "nombre": "Gestión de Incidentes de Ciberseguridad",
        "descripcion": "Procesos y metodologías para la detección, respuesta y mitigación de incidentes.",
        "area": "resiliencia digital",
        "tipo": "profesional avanzada",
        "creditos": 3
      },
      {
        "nombre": "Ciencia de Datos e Inteligencia Artificial",
        "descripcion": "Aplicación de técnicas de IA y analítica de datos en la detección de amenazas.",
        "area": "inteligencia artificial aplicada",
        "tipo": "profesional avanzada",
        "creditos": 3
      },
      {
        "nombre": "Prácticas Preprofesionales",
        "descripcion": "Desarrollo de experiencia profesional en entornos de ciberseguridad reales.",
        "area": "prácticas profesionales",
        "tipo": "integración profesional",
        "creditos": 5
      },
      {
        "nombre": "Proyecto de Ciberseguridad",
        "descripcion": "Ejecución de un proyecto integrador enfocado en la resolución de un caso de seguridad.",
        "area": "proyecto integrador",
        "tipo": "integración curricular",
        "creditos": 2
      }
    ]
  }
}
