{
  "universidad": "Universidad de las Américas (UDLA)",
  "carrera": "Ingeniería Agroindustrial",
  "modalidad": "Presencial",
  "duracion_periodos": 9,
  "titulo": "Ingeniero/a Agroindustrial",
  "malla_curricular": {
    "1": [
      {
        "nombre": "Química General",
        "descripcion": "Principios fundamentales de la química aplicados a los procesos industriales agroalimentarios.",
        "area": "química general",
        "tipo": "básica",
        "creditos": 3.33
      },
      {
        "nombre": "Biología General",
        "descripcion": "Estructura, función y clasificación de los organismos vivos con aplicación agroindustrial.",
        "area": "biología general",
        "tipo": "básica",
        "creditos": 3
      },
      {
        "nombre": "Cálculo I",
        "descripcion": "Conceptos de cálculo diferencial e integral aplicados a fenómenos físico-químicos.",
        "area": "matemática aplicada",
        "tipo": "básica",
        "creditos": 4
      },
      {
        "nombre": "Introducción a la Ingeniería Agroindustrial",
        "descripcion": "Panorama general de la ingeniería agroindustrial y su rol en la transformación de productos agrícolas.",
        "area": "ingeniería agroindustrial",
        "tipo": "profesional",
        "creditos": 2
      },
      {
        "nombre": "Lenguaje y Comunicación Digital",
        "descripcion": "Desarrollo de competencias comunicativas y uso de herramientas digitales en contextos técnicos.",
        "area": "comunicación y redacción",
        "tipo": "formación complementaria",
        "creditos": 4
      }
    ],
    "2": [
      {
        "nombre": "Química Orgánica",
        "descripcion": "Estructura y reactividad de compuestos orgánicos aplicados a alimentos y bioprocesos.",
        "area": "química orgánica",
        "tipo": "básica",
        "creditos": 3.33
      },
      {
        "nombre": "Física General",
        "descripcion": "Leyes de la física aplicadas a la conservación de energía y procesos industriales.",
        "area": "física aplicada",
        "tipo": "básica",
        "creditos": 4
      },
      {
        "nombre": "Cálculo II",
        "descripcion": "Integración, series y modelado matemático aplicado a sistemas agroindustriales.",
        "area": "matemática aplicada",
        "tipo": "básica",
        "creditos": 3
      },
      {
        "nombre": "Botánica y Fisiología Vegetal",
        "descripcion": "Estructura y fisiología de plantas cultivadas con enfoque en productividad agrícola.",
        "area": "biología vegetal",
        "tipo": "profesional",
        "creditos": 3
      },
      {
        "nombre": "Investigación y Textos Académicos",
        "descripcion": "Metodología científica y redacción de informes técnicos y académicos.",
        "area": "investigación científica",
        "tipo": "formación complementaria",
        "creditos": 3
      }
    ],
    "3": [
      {
        "nombre": "Bioquímica",
        "descripcion": "Procesos bioquímicos fundamentales en organismos vivos y su relación con alimentos.",
        "area": "bioquímica aplicada",
        "tipo": "básica",
        "creditos": 3
      },
      {
        "nombre": "Termodinámica",
        "descripcion": "Principios de la energía y equilibrio térmico aplicados a la ingeniería de alimentos.",
        "area": "física aplicada",
        "tipo": "básica",
        "creditos": 3
      },
      {
        "nombre": "Ecuaciones Diferenciales",
        "descripcion": "Modelos matemáticos aplicados al flujo de materia y energía en procesos industriales.",
        "area": "matemática aplicada",
        "tipo": "básica",
        "creditos": 3
      },
      {
        "nombre": "Microbiología General",
        "descripcion": "Estudio de microorganismos y su papel en procesos biotecnológicos y de fermentación.",
        "area": "microbiología",
        "tipo": "básica",
        "creditos": 3
      },
      {
        "nombre": "Ciudadanía, Cultura e Historia",
        "descripcion": "Análisis del desarrollo social y su impacto en la sostenibilidad alimentaria.",
        "area": "formación humanística",
        "tipo": "formación complementaria",
        "creditos": 3
      }
    ],
    "4": [
      {
        "nombre": "Balance de Masa y Fenómenos de Transporte",
        "descripcion": "Cálculo y análisis de flujos de masa y energía en sistemas agroindustriales.",
        "area": "ingeniería de procesos",
        "tipo": "profesional",
        "creditos": 3
      },
      {
        "nombre": "Química de Alimentos",
        "descripcion": "Composición y propiedades químicas de los alimentos naturales y procesados.",
        "area": "ingeniería de alimentos",
        "tipo": "profesional",
        "creditos": 3
      },
      {
        "nombre": "Producción Vegetal",
        "descripcion": "Principios de manejo agrícola para optimizar el rendimiento de cultivos.",
        "area": "agronomía aplicada",
        "tipo": "profesional",
        "creditos": 3
      },
      {
        "nombre": "Microbiología de Alimentos",
        "descripcion": "Estudio de microorganismos presentes en alimentos y su control.",
        "area": "microbiología alimentaria",
        "tipo": "profesional",
        "creditos": 3
      },
      {
        "nombre": "Arte, Expresión Humana y Comunidad",
        "descripcion": "Desarrollo de la sensibilidad estética y social en contextos culturales.",
        "area": "formación humanística",
        "tipo": "formación complementaria",
        "creditos": 3
      }
    ],
    "5": [
      {
        "nombre": "Operaciones Unitarias",
        "descripcion": "Procesos físicos de separación, mezcla y concentración en la industria alimentaria.",
        "area": "ingeniería de procesos",
        "tipo": "profesional",
        "creditos": 3
      },
      {
        "nombre": "Estadística para Ingenieros",
        "descripcion": "Aplicación de herramientas estadísticas al control de calidad y experimentación.",
        "area": "estadística aplicada",
        "tipo": "básica",
        "creditos": 3
      },
      {
        "nombre": "Producción Animal",
        "descripcion": "Principios de producción ganadera sostenible y manejo de animales.",
        "area": "zootecnia",
        "tipo": "profesional",
        "creditos": 3
      },
      {
        "nombre": "Poscosecha y Conservación",
        "descripcion": "Procesos de conservación y almacenamiento de productos agroindustriales.",
        "area": "procesamiento de alimentos",
        "tipo": "profesional",
        "creditos": 2
      },
      {
        "nombre": "Laboratorio de Alimentos y Sustancias Orgánicas",
        "descripcion": "Análisis experimental de alimentos, nutrientes y compuestos orgánicos.",
        "area": "laboratorio de alimentos",
        "tipo": "profesional",
        "creditos": 3
      }
    ],
    "6": [
      {
        "nombre": "Maquinaria y Construcción Agroindustrial",
        "descripcion": "Diseño y mantenimiento de equipos y estructuras agroindustriales.",
        "area": "mecánica agroindustrial",
        "tipo": "profesional",
        "creditos": 2
      },
      {
        "nombre": "Gestión por Procesos",
        "descripcion": "Optimización y control de procesos industriales mediante gestión sistemática.",
        "area": "gestión de operaciones",
        "tipo": "profesional",
        "creditos": 3
      },
      {
        "nombre": "Industria de Frutas y Hortalizas",
        "descripcion": "Procesamiento, conservación y valor agregado de frutas y vegetales.",
        "area": "ingeniería de alimentos",
        "tipo": "profesional",
        "creditos": 3
      },
      {
        "nombre": "Inocuidad de Alimentos",
        "descripcion": "Normas y prácticas para garantizar la seguridad alimentaria en la producción.",
        "area": "control de calidad alimentaria",
        "tipo": "profesional",
        "creditos": 2
      },
      {
        "nombre": "Diseño y Desarrollo de Productos Agroindustriales",
        "descripcion": "Creación e innovación de productos alimentarios y no alimentarios.",
        "area": "diseño de productos",
        "tipo": "profesional",
        "creditos": 3
      },
      {
        "nombre": "Tecnología de Productos No Alimentarios",
        "descripcion": "Transformación de materias primas en productos industriales alternativos.",
        "area": "tecnología agroindustrial",
        "tipo": "profesional",
        "creditos": 2
      }
    ],
    "7": [
      {
        "nombre": "Contabilidad de Costos Agroindustriales",
        "descripcion": "Evaluación de costos y rentabilidad en procesos de producción agroindustrial.",
        "area": "gestión financiera",
        "tipo": "profesional",
        "creditos": 3
      },
      {
        "nombre": "Investigación Operativa y Simulación de Procesos",
        "descripcion": "Optimización de sistemas productivos mediante simulación y análisis matemático.",
        "area": "gestión de operaciones",
        "tipo": "profesional",
        "creditos": 3
      },
      {
        "nombre": "Industria de Lácteos",
        "descripcion": "Procesamiento y control de calidad en productos lácteos.",
        "area": "industria alimentaria",
        "tipo": "profesional",
        "creditos": 3
      },
      {
        "nombre": "Industria de Cereales y Oleaginosas",
        "descripcion": "Procesamiento y aprovechamiento de cereales y aceites vegetales.",
        "area": "ingeniería agroalimentaria",
        "tipo": "profesional",
        "creditos": 3
      },
      {
        "nombre": "Modelos de Investigación y Diseño de Experimentos",
        "descripcion": "Aplicación del método experimental en investigación agroindustrial.",
        "area": "investigación aplicada",
        "tipo": "formación metodológica",
        "creditos": 3
      }
    ],
    "8": [
      {
        "nombre": "Normativa Internacional y Asuntos Regulatorios",
        "descripcion": "Legislación y normativas internacionales en producción y comercio agroalimentario.",
        "area": "regulación y normativas",
        "tipo": "profesional",
        "creditos": 3
      },
      {
        "nombre": "Agronegocios y Comercio Internacional",
        "descripcion": "Gestión de cadenas de valor y exportaciones de productos agroindustriales.",
        "area": "comercio agroindustrial",
        "tipo": "profesional",
        "creditos": 2
      },
      {
        "nombre": "Electiva Administración de Operaciones I",
        "descripcion": "Gestión estratégica de recursos, calidad y producción.",
        "area": "gestión de operaciones",
        "tipo": "electiva",
        "creditos": 3
      },
      {
        "nombre": "Industria de Cárnicos",
        "descripcion": "Procesamiento, control sanitario y conservación de productos cárnicos.",
        "area": "industria alimentaria",
        "tipo": "profesional",
        "creditos": 3
      },
      {
        "nombre": "Sistemas de Gestión de Calidad",
        "descripcion": "Diseño e implementación de sistemas de calidad basados en normas ISO.",
        "area": "calidad y certificación",
        "tipo": "profesional",
        "creditos": 2
      },
      {
        "nombre": "Gestión de Proyectos Agroindustriales",
        "descripcion": "Planificación, evaluación y ejecución de proyectos productivos agroindustriales.",
        "area": "gestión de proyectos",
        "tipo": "integración profesional",
        "creditos": 3
      }
    ],
    "9": [
      {
        "nombre": "Seguridad Alimentaria y Nutricional",
        "descripcion": "Evaluación del acceso, calidad y disponibilidad de alimentos saludables.",
        "area": "seguridad alimentaria",
        "tipo": "profesional",
        "creditos": 3
      },
      {
        "nombre": "Diseño de Planta y Seguridad Industrial",
        "descripcion": "Diseño de plantas de producción con enfoque en seguridad y ergonomía.",
        "area": "ingeniería industrial",
        "tipo": "profesional",
        "creditos": 3
      },
      {
        "nombre": "Administración de Operaciones II",
        "descripcion": "Gestión avanzada de operaciones industriales con enfoque productivo y logístico.",
        "area": "gestión de operaciones",
        "tipo": "profesional",
        "creditos": 3
      },
      {
        "nombre": "Prácticas Preprofesionales",
        "descripcion": "Experiencia práctica en entornos industriales y de producción real.",
        "area": "formación profesional",
        "tipo": "integración profesional",
        "creditos": 5
      },
      {
        "nombre": "Proyecto de Bioingeniería de Alimentos",
        "descripcion": "Desarrollo de un proyecto aplicado a la innovación en alimentos o bioprocesos.",
        "area": "investigación aplicada",
        "tipo": "proyecto integrador",
        "creditos": 2
      },
      {
        "nombre": "Proyecto Agroindustria",
        "descripcion": "Proyecto final integrador enfocado en un desafío de la industria agroindustrial.",
        "area": "proyecto integrador",
        "tipo": "integración curricular",
        "creditos": 2
      }
    ]
  }
}
