{
  "universidad": "Universidad de las Américas (UDLA)",
  "carrera": "Ingeniería Industrial",
  "modalidad": "Presencial",
  "duracion_periodos": 9,
  "titulo": "Ingeniero/a Industrial",
  "malla_curricular": {
    "1": [
      {
        "nombre": "Química General",
        "descripcion": "Estudio de los fundamentos químicos aplicados a procesos industriales y materiales.",
        "area": "ciencias básicas",
        "tipo": "básica",
        "creditos": 4
      },
      {
        "nombre": "Cálculo I",
        "descripcion": "Introducción al cálculo diferencial y su aplicación en problemas de ingeniería.",
        "area": "matemática aplicada",
        "tipo": "básica",
        "creditos": 4
      },
      {
        "nombre": "Introducción a la Ingeniería Industrial",
        "descripcion": "Panorama general de la ingeniería industrial, su rol en la optimización de procesos y gestión de operaciones.",
        "area": "formación profesional",
        "tipo": "profesional",
        "creditos": 2
      },
      {
        "nombre": "Aprendizaje Estratégico y Liderazgo",
        "descripcion": "Desarrollo de habilidades de liderazgo, pensamiento estratégico y trabajo colaborativo.",
        "area": "formación general",
        "tipo": "formación complementaria",
        "creditos": 3
      },
      {
        "nombre": "Comunicación Efectiva",
        "descripcion": "Fortalecimiento de habilidades de comunicación oral y escrita en contextos académicos y profesionales.",
        "area": "formación general",
        "tipo": "formación complementaria",
        "creditos": 3
      }
    ],
    "2": [
      {
        "nombre": "Física General",
        "descripcion": "Fundamentos de la mecánica, energía y movimiento aplicados a la ingeniería.",
        "area": "ciencias básicas",
        "tipo": "básica",
        "creditos": 4
      },
      {
        "nombre": "Cálculo II",
        "descripcion": "Integrales, series y aplicaciones en el análisis y modelado de sistemas industriales.",
        "area": "matemática aplicada",
        "tipo": "básica",
        "creditos": 3
      },
      {
        "nombre": "Dibujo Asistido por Computador",
        "descripcion": "Uso de herramientas CAD para diseño y documentación técnica en ingeniería.",
        "area": "diseño técnico",
        "tipo": "profesional",
        "creditos": 3
      },
      {
        "nombre": "Pensamiento Crítico Aplicado",
        "descripcion": "Desarrollo de pensamiento analítico y crítico para la resolución de problemas complejos.",
        "area": "formación general",
        "tipo": "formación complementaria",
        "creditos": 3
      },
      {
        "nombre": "Interacción Efectiva en Sistemas Sociales",
        "descripcion": "Habilidades de interacción, liderazgo y trabajo colaborativo en contextos organizacionales.",
        "area": "formación general",
        "tipo": "formación complementaria",
        "creditos": 3
      }
    ],
    "3": [
      {
        "nombre": "Ecuaciones Diferenciales",
        "descripcion": "Solución de ecuaciones diferenciales aplicadas a fenómenos industriales y de control.",
        "area": "matemática aplicada",
        "tipo": "básica",
        "creditos": 3
      },
      {
        "nombre": "Álgebra Lineal",
        "descripcion": "Modelación de sistemas lineales y aplicaciones en optimización de procesos industriales.",
        "area": "matemática aplicada",
        "tipo": "básica",
        "creditos": 3
      },
      {
        "nombre": "Tecnología de los Materiales",
        "descripcion": "Estudio de las propiedades y selección de materiales en procesos industriales.",
        "area": "ingeniería de materiales",
        "tipo": "profesional",
        "creditos": 2
      },
      {
        "nombre": "Termodinámica",
        "descripcion": "Análisis de energía, calor y trabajo en sistemas industriales.",
        "area": "termodinámica",
        "tipo": "profesional",
        "creditos": 2
      },
      {
        "nombre": "Estudio del Trabajo y Productividad",
        "descripcion": "Análisis de métodos, tiempos y movimientos para optimización de procesos.",
        "area": "gestión de operaciones",
        "tipo": "profesional",
        "creditos": 3
      },
      {
        "nombre": "Estadística para Ingenieros",
        "descripcion": "Aplicación de estadística en control de calidad y toma de decisiones industriales.",
        "area": "estadística aplicada",
        "tipo": "profesional",
        "creditos": 3
      }
    ],
    "4": [
      {
        "nombre": "Investigación Operativa",
        "descripcion": "Modelos matemáticos y algoritmos para optimización de recursos y toma de decisiones.",
        "area": "investigación operativa",
        "tipo": "profesional",
        "creditos": 3
      },
      {
        "nombre": "Gestión por Procesos",
        "descripcion": "Análisis y rediseño de procesos organizacionales para mejorar la eficiencia.",
        "area": "gestión industrial",
        "tipo": "profesional",
        "creditos": 3
      },
      {
        "nombre": "Sistemas de Medición",
        "descripcion": "Principios y herramientas para la medición y control en entornos industriales.",
        "area": "instrumentación",
        "tipo": "profesional",
        "creditos": 2
      },
      {
        "nombre": "Contabilidad y Costos Industriales",
        "descripcion": "Evaluación de costos de producción y análisis financiero en proyectos industriales.",
        "area": "contabilidad y finanzas",
        "tipo": "profesional",
        "creditos": 2
      },
      {
        "nombre": "Mecánica para Ingenieros",
        "descripcion": "Análisis de fuerzas, equilibrio y diseño de componentes mecánicos.",
        "area": "mecánica aplicada",
        "tipo": "profesional",
        "creditos": 3
      },
      {
        "nombre": "Electricidad y Electricidad Industrial",
        "descripcion": "Fundamentos de electricidad, circuitos y sistemas eléctricos industriales.",
        "area": "electrotecnia",
        "tipo": "profesional",
        "creditos": 3
      }
    ],
    "5": [
      {
        "nombre": "Programación y Gestión de Datos",
        "descripcion": "Uso de herramientas computacionales para procesamiento y análisis de datos.",
        "area": "informática industrial",
        "tipo": "profesional avanzada",
        "creditos": 3
      },
      {
        "nombre": "Diseño de Experimentos",
        "descripcion": "Aplicación de métodos experimentales para la mejora de procesos industriales.",
        "area": "estadística aplicada",
        "tipo": "profesional avanzada",
        "creditos": 3
      },
      {
        "nombre": "Máquinas Industriales",
        "descripcion": "Principios de funcionamiento, selección y mantenimiento de maquinaria industrial.",
        "area": "mecánica industrial",
        "tipo": "profesional",
        "creditos": 2
      },
      {
        "nombre": "Ingeniería Económica",
        "descripcion": "Evaluación financiera y análisis de inversiones en proyectos industriales.",
        "area": "economía industrial",
        "tipo": "profesional",
        "creditos": 3
      },
      {
        "nombre": "Optimización Lean",
        "descripcion": "Implementación de metodologías Lean para reducción de desperdicios y mejora continua.",
        "area": "mejora continua",
        "tipo": "profesional avanzada",
        "creditos": 3
      },
      {
        "nombre": "Gestión de la Calidad",
        "descripcion": "Diseño y aplicación de sistemas de gestión de calidad basados en normas internacionales.",
        "area": "calidad industrial",
        "tipo": "profesional",
        "creditos": 3
      }
    ],
    "6": [
      {
        "nombre": "Control Estadístico de Procesos",
        "descripcion": "Uso de herramientas estadísticas para el control de procesos y mejora de calidad.",
        "area": "control de calidad",
        "tipo": "profesional",
        "creditos": 2
      },
      {
        "nombre": "Analítica de Datos e Inteligencia de Mercados en la Industria",
        "descripcion": "Aplicación de técnicas de analítica y BI para la toma de decisiones industriales.",
        "area": "análisis de datos",
        "tipo": "profesional avanzada",
        "creditos": 2
      },
      {
        "nombre": "Diseño de Prototipos",
        "descripcion": "Desarrollo de prototipos de productos o procesos industriales.",
        "area": "diseño y desarrollo industrial",
        "tipo": "profesional",
        "creditos": 3
      },
      {
        "nombre": "Seguridad y Salud en el Trabajo",
        "descripcion": "Gestión de riesgos laborales y cumplimiento de normas de seguridad industrial.",
        "area": "seguridad industrial",
        "tipo": "profesional",
        "creditos": 3
      },
      {
        "nombre": "Administración de Operaciones",
        "descripcion": "Planeación y control de operaciones para optimizar recursos y productividad.",
        "area": "gestión de operaciones",
        "tipo": "profesional avanzada",
        "creditos": 3
      },
      {
        "nombre": "Electiva: Simulación de Procesos",
        "descripcion": "Uso de software especializado para modelar y optimizar sistemas industriales.",
        "area": "simulación y modelado",
        "tipo": "profesional avanzada",
        "creditos": 3
      }
    ],
    "7": [
      {
        "nombre": "Producción Sostenible y Eficiencia Energética",
        "descripcion": "Aplicación de principios de sostenibilidad y eficiencia energética en procesos industriales.",
        "area": "energías y sostenibilidad",
        "tipo": "profesional avanzada",
        "creditos": 3
      },
      {
        "nombre": "Emprendimiento",
        "descripcion": "Fomento de la innovación y desarrollo de proyectos empresariales.",
        "area": "emprendimiento y gestión",
        "tipo": "formación complementaria",
        "creditos": 3
      },
      {
        "nombre": "Automatización Industrial y Robótica",
        "descripcion": "Diseño y control de sistemas automatizados para la producción industrial.",
        "area": "automatización y robótica",
        "tipo": "profesional avanzada",
        "creditos": 2
      },
      {
        "nombre": "Ergonomía",
        "descripcion": "Estudio de la relación entre el trabajador y su entorno para mejorar la productividad y seguridad.",
        "area": "seguridad y salud ocupacional",
        "tipo": "profesional",
        "creditos": 2
      },
      {
        "nombre": "Electiva: Gestión de la Cadena de Abastecimientos",
        "descripcion": "Estrategias de planificación, logística y control de la cadena de suministro.",
        "area": "logística y supply chain",
        "tipo": "profesional avanzada",
        "creditos": 3
      }
    ],
    "8": [
      {
        "nombre": "Gerencia de Servicios",
        "descripcion": "Gestión de operaciones y calidad en la prestación de servicios industriales.",
        "area": "gestión empresarial",
        "tipo": "profesional",
        "creditos": 3
      },
      {
        "nombre": "Dirección Organizacional",
        "descripcion": "Teorías y prácticas de liderazgo, estructura y comportamiento organizacional.",
        "area": "gestión empresarial",
        "tipo": "profesional",
        "creditos": 2
      },
      {
        "nombre": "Gestión de Mantenimiento Industrial",
        "descripcion": "Planificación, ejecución y evaluación de programas de mantenimiento.",
        "area": "mantenimiento industrial",
        "tipo": "profesional",
        "creditos": 2
      },
      {
        "nombre": "Logística y Transporte",
        "descripcion": "Gestión eficiente del flujo de materiales y transporte industrial.",
        "area": "logística y supply chain",
        "tipo": "profesional avanzada",
        "creditos": 3
      },
      {
        "nombre": "Mejora Continua",
        "descripcion": "Implementación de metodologías Kaizen y Six Sigma para optimizar procesos.",
        "area": "mejora continua",
        "tipo": "profesional avanzada",
        "creditos": 3
      }
    ],
    "9": [
      {
        "nombre": "Seminario de Innovación y Tecnología",
        "descripcion": "Análisis y aplicación de tendencias tecnológicas en la industria moderna.",
        "area": "innovación tecnológica",
        "tipo": "profesional avanzada",
        "creditos": 2
      },
      {
        "nombre": "Habilidades Gerenciales",
        "descripcion": "Desarrollo de liderazgo, negociación y gestión de equipos multidisciplinarios.",
        "area": "gestión empresarial",
        "tipo": "formación complementaria",
        "creditos": 2
      },
      {
        "nombre": "Diseño de Plantas Industriales",
        "descripcion": "Diseño y planificación de instalaciones industriales eficientes y seguras.",
        "area": "ingeniería de planta",
        "tipo": "profesional avanzada",
        "creditos": 3
      },
      {
        "nombre": "Sistemas de Información Gerencial",
        "descripcion": "Uso estratégico de sistemas informáticos para apoyar la toma de decisiones.",
        "area": "tecnologías de información",
        "tipo": "profesional",
        "creditos": 3
      },
      {
        "nombre": "Prácticas Preprofesionales",
        "descripcion": "Aplicación práctica de conocimientos en entornos reales de trabajo industrial.",
        "area": "prácticas preprofesionales",
        "tipo": "integración profesional",
        "creditos": 5
      },
      {
        "nombre": "Proyectos Industriales",
        "descripcion": "Diseño, gestión y evaluación de proyectos de ingeniería industrial.",
        "area": "gestión de proyectos",
        "tipo": "integración curricular",
        "creditos": 3
      }
    ]
  }
}
