{
  "universidad": "Universidad Internacional SEK (UISEK)",
  "carrera": "Ingeniería de Software",
  "modalidad": "Online",
  "duracion_semestres": 8,
  "titulo": "Ingeniero/a de Software",
  "malla_curricular": {
    "1": [
      {
        "nombre": "Ser UISEK I",
        "descripcion": "Introducción a los valores institucionales, ética profesional y liderazgo en el contexto universitario.",
        "area": "formación general",
        "tipo": "formación complementaria",
        "creditos_estimados": 2
      },
      {
        "nombre": "Ser UISEK II",
        "descripcion": "Desarrollo de competencias comunicativas, pensamiento crítico y responsabilidad social.",
        "area": "formación general",
        "tipo": "formación complementaria",
        "creditos_estimados": 2
      },
      {
        "nombre": "Fundamentos de Programación",
        "descripcion": "Conceptos básicos de programación estructurada y resolución de problemas mediante algoritmos.",
        "area": "programación básica",
        "tipo": "básica",
        "creditos_estimados": 4
      },
      {
        "nombre": "Matemática",
        "descripcion": "Fundamentos matemáticos aplicados al razonamiento lógico y resolución de problemas computacionales.",
        "area": "matemática aplicada",
        "tipo": "básica",
        "creditos_estimados": 4
      },
      {
        "nombre": "Arquitectura de Computadores",
        "descripcion": "Estudio de la estructura, funcionamiento y organización de los componentes del hardware.",
        "area": "arquitectura de computadores",
        "tipo": "profesional",
        "creditos_estimados": 3
      },
      {
        "nombre": "Fundamentos de Redes y Conectividad",
        "descripcion": "Introducción a los conceptos de redes, modelos de comunicación y conectividad de sistemas.",
        "area": "redes y telecomunicaciones",
        "tipo": "profesional",
        "creditos_estimados": 3
      }
    ],
    "2": [
      {
        "nombre": "Ser UISEK III",
        "descripcion": "Fomento de habilidades de liderazgo, gestión del tiempo y trabajo colaborativo.",
        "area": "formación general",
        "tipo": "formación complementaria",
        "creditos_estimados": 2
      },
      {
        "nombre": "Estadística Descriptiva e Inferencial",
        "descripcion": "Análisis estadístico de datos para la toma de decisiones y soporte al desarrollo de software.",
        "area": "estadística aplicada",
        "tipo": "básica",
        "creditos_estimados": 3
      },
      {
        "nombre": "Bases de Datos",
        "descripcion": "Diseño, modelado y manipulación de bases de datos relacionales utilizando SQL.",
        "area": "bases de datos",
        "tipo": "profesional",
        "creditos_estimados": 4
      },
      {
        "nombre": "Ingeniería de Software",
        "descripcion": "Introducción a los procesos, metodologías y herramientas de desarrollo de software.",
        "area": "ingeniería de software",
        "tipo": "profesional",
        "creditos_estimados": 4
      },
      {
        "nombre": "Programación Orientada a Objetos",
        "descripcion": "Principios del paradigma orientado a objetos: clases, herencia, encapsulamiento y polimorfismo.",
        "area": "programación avanzada",
        "tipo": "profesional",
        "creditos_estimados": 4
      },
      {
        "nombre": "Sistemas Operativos",
        "descripcion": "Estudio de los sistemas operativos, su arquitectura, procesos y gestión de recursos.",
        "area": "sistemas operativos",
        "tipo": "profesional",
        "creditos_estimados": 3
      }
    ],
    "3": [
      {
        "nombre": "Metodología de la Investigación Científica",
        "descripcion": "Aplicación de métodos científicos para la formulación y desarrollo de proyectos tecnológicos.",
        "area": "investigación aplicada",
        "tipo": "formación metodológica",
        "creditos_estimados": 3
      },
      {
        "nombre": "Desarrollo de Aplicaciones Web",
        "descripcion": "Diseño y desarrollo de aplicaciones web dinámicas utilizando tecnologías frontend y backend.",
        "area": "desarrollo web",
        "tipo": "profesional",
        "creditos_estimados": 4
      },
      {
        "nombre": "Estructura de Datos",
        "descripcion": "Diseño y análisis de estructuras de datos para la optimización de algoritmos y recursos.",
        "area": "programación avanzada",
        "tipo": "profesional",
        "creditos_estimados": 4
      },
      {
        "nombre": "Gestión de Proyectos",
        "descripcion": "Planificación, ejecución y control de proyectos de software basados en metodologías ágiles.",
        "area": "gestión de proyectos",
        "tipo": "profesional",
        "creditos_estimados": 3
      },
      {
        "nombre": "Internetworking",
        "descripcion": "Diseño e implementación de redes de comunicación interconectadas con protocolos estándar.",
        "area": "redes y telecomunicaciones",
        "tipo": "profesional",
        "creditos_estimados": 3
      },
      {
        "nombre": "Metodologías de Desarrollo de Software",
        "descripcion": "Análisis y comparación de metodologías tradicionales y ágiles para la gestión del ciclo de vida del software.",
        "area": "ingeniería de software",
        "tipo": "profesional",
        "creditos_estimados": 3
      }
    ],
    "4": [
      {
        "nombre": "Administración de Bases de Datos",
        "descripcion": "Gestión, mantenimiento y optimización de bases de datos empresariales.",
        "area": "bases de datos",
        "tipo": "profesional",
        "creditos_estimados": 4
      },
      {
        "nombre": "Aseguramiento de la Calidad del Software",
        "descripcion": "Evaluación y aplicación de técnicas de pruebas para garantizar la calidad del software.",
        "area": "calidad de software",
        "tipo": "profesional",
        "creditos_estimados": 4
      },
      {
        "nombre": "Computación Distribuida",
        "descripcion": "Diseño de sistemas distribuidos para la ejecución paralela de procesos en red.",
        "area": "computación avanzada",
        "tipo": "profesional",
        "creditos_estimados": 4
      },
      {
        "nombre": "Desarrollo de Aplicaciones Móviles",
        "descripcion": "Diseño e implementación de aplicaciones móviles multiplataforma.",
        "area": "desarrollo móvil",
        "tipo": "profesional",
        "creditos_estimados": 3
      },
      {
        "nombre": "Programación de Sistemas Embebidos",
        "descripcion": "Desarrollo de software para dispositivos integrados y sistemas de control.",
        "area": "sistemas embebidos",
        "tipo": "profesional",
        "creditos_estimados": 3
      },
      {
        "nombre": "Vinculación con la Sociedad",
        "descripcion": "Aplicación de conocimientos en proyectos sociales y comunitarios con impacto tecnológico.",
        "area": "vinculación social",
        "tipo": "formación complementaria",
        "creditos_estimados": 2
      }
    ],
    "5": [
      {
        "nombre": "Programación para Análisis de Datos",
        "descripcion": "Uso de Python y librerías estadísticas para el análisis y visualización de datos.",
        "area": "análisis de datos",
        "tipo": "profesional avanzada",
        "creditos_estimados": 4
      },
      {
        "nombre": "Bases de Datos Distribuidas",
        "descripcion": "Diseño e implementación de bases de datos replicadas y distribuidas en sistemas escalables.",
        "area": "bases de datos",
        "tipo": "profesional avanzada",
        "creditos_estimados": 3
      },
      {
        "nombre": "Matemáticas Discretas",
        "descripcion": "Fundamentos lógicos y matemáticos aplicados a la teoría de algoritmos y estructuras de datos.",
        "area": "matemática aplicada",
        "tipo": "básica",
        "creditos_estimados": 3
      },
      {
        "nombre": "Normativa Legal de TI",
        "descripcion": "Aspectos legales, regulatorios y éticos aplicados al uso de tecnologías de la información.",
        "area": "legislación informática",
        "tipo": "formación complementaria",
        "creditos_estimados": 2
      },
      {
        "nombre": "Prácticas Preprofesionales I",
        "descripcion": "Primera experiencia laboral supervisada en empresas del sector tecnológico.",
        "area": "prácticas preprofesionales",
        "tipo": "integración profesional",
        "creditos_estimados": 2
      },
      {
        "nombre": "Sistemas de Información con Tecnologías Emergentes",
        "descripcion": "Integración de sistemas informáticos con tecnologías como IoT, Big Data y Cloud Computing.",
        "area": "tecnologías emergentes",
        "tipo": "profesional avanzada",
        "creditos_estimados": 3
      }
    ],
    "6": [
      {
        "nombre": "Computación Gráfica",
        "descripcion": "Representación y procesamiento de imágenes y modelos 3D mediante programación gráfica.",
        "area": "computación gráfica",
        "tipo": "profesional",
        "creditos_estimados": 3
      },
      {
        "nombre": "Inteligencia Artificial",
        "descripcion": "Aplicación de algoritmos inteligentes y aprendizaje automático para resolver problemas complejos.",
        "area": "inteligencia artificial",
        "tipo": "profesional avanzada",
        "creditos_estimados": 4
      },
      {
        "nombre": "Minería de Datos",
        "descripcion": "Descubrimiento de patrones y conocimiento útil a partir de grandes volúmenes de datos.",
        "area": "análisis de datos",
        "tipo": "profesional avanzada",
        "creditos_estimados": 3
      },
      {
        "nombre": "Prácticas Preprofesionales II",
        "descripcion": "Continuación de la práctica profesional con énfasis en desarrollo de software y gestión tecnológica.",
        "area": "prácticas preprofesionales",
        "tipo": "integración profesional",
        "creditos_estimados": 2
      },
      {
        "nombre": "Usabilidad de Software",
        "descripcion": "Diseño de interfaces centradas en el usuario para mejorar la experiencia y accesibilidad.",
        "area": "experiencia de usuario",
        "tipo": "profesional",
        "creditos_estimados": 3
      }
    ],
    "7": [
      {
        "nombre": "Trabajo de Titulación I",
        "descripcion": "Desarrollo de la primera fase del proyecto de titulación con enfoque en investigación aplicada.",
        "area": "investigación aplicada",
        "tipo": "integración curricular",
        "creditos_estimados": 3
      },
      {
        "nombre": "Analítica de Datos",
        "descripcion": "Uso de técnicas avanzadas de análisis estadístico para la toma de decisiones basadas en datos.",
        "area": "análisis de datos",
        "tipo": "profesional avanzada",
        "creditos_estimados": 3
      },
      {
        "nombre": "Emprendimiento e Innovación",
        "descripcion": "Creación y desarrollo de iniciativas tecnológicas sostenibles con enfoque empresarial.",
        "area": "emprendimiento tecnológico",
        "tipo": "formación complementaria",
        "creditos_estimados": 3
      },
      {
        "nombre": "Fundamentos de Ciberseguridad",
        "descripcion": "Principios de seguridad informática, criptografía y gestión de vulnerabilidades.",
        "area": "seguridad informática",
        "tipo": "profesional",
        "creditos_estimados": 3
      },
      {
        "nombre": "Interacción Persona Computador",
        "descripcion": "Diseño y evaluación de interfaces centradas en la interacción humana con sistemas digitales.",
        "area": "experiencia de usuario",
        "tipo": "profesional",
        "creditos_estimados": 3
      },
      {
        "nombre": "Marketing y Distribución de Productos Digitales",
        "descripcion": "Estrategias de comercialización y posicionamiento de productos tecnológicos en entornos digitales.",
        "area": "marketing digital",
        "tipo": "formación complementaria",
        "creditos_estimados": 3
      }
    ],
    "8": [
      {
        "nombre": "Trabajo de Titulación II",
        "descripcion": "Finalización del proyecto de titulación con entrega de resultados y defensa.",
        "area": "investigación aplicada",
        "tipo": "integración curricular",
        "creditos_estimados": 3
      },
      {
        "nombre": "Administración de Empresas de TI",
        "descripcion": "Gestión organizacional y financiera de empresas tecnológicas y startups.",
        "area": "gestión empresarial",
        "tipo": "profesional",
        "creditos_estimados": 3
      },
      {
        "nombre": "Auditoría Informática",
        "descripcion": "Evaluación de sistemas informáticos, control interno y cumplimiento normativo.",
        "area": "seguridad y auditoría informática",
        "tipo": "profesional",
        "creditos_estimados": 3
      },
      {
        "nombre": "Gobernanza de TI",
        "descripcion": "Diseño de políticas, estándares y buenas prácticas para la gestión de TI alineadas con el negocio.",
        "area": "gobernanza tecnológica",
        "tipo": "profesional avanzada",
        "creditos_estimados": 3
      },
      {
        "nombre": "Inteligencia de Negocios",
        "descripcion": "Uso de herramientas de BI para transformar datos en información estratégica empresarial.",
        "area": "inteligencia empresarial",
        "tipo": "profesional avanzada",
        "creditos_estimados": 3
      }
    ]
  }
}
