{
  "universidad": "Universidad Internacional SEK (UISEK)",
  "carrera": "Ingeniería Industrial",
  "modalidad": "Presencial",
  "duracion_semestres": 8,
  "titulo": "Ingeniero/a Industrial",
  "malla_curricular": {
    "1": [
      {
        "nombre": "Ser UISEK I",
        "descripcion": "Formación integral inicial en valores, liderazgo y responsabilidad social universitaria.",
        "area": "formación general",
        "tipo": "formación complementaria",
        "creditos_estimados": 2
      },
      {
        "nombre": "Álgebra Lineal",
        "descripcion": "Fundamentos de álgebra matricial, sistemas de ecuaciones y vectores aplicados a la ingeniería.",
        "area": "matemática",
        "tipo": "básica",
        "creditos_estimados": 4
      },
      {
        "nombre": "Física I",
        "descripcion": "Conceptos fundamentales de mecánica clásica, movimiento y energía.",
        "area": "física aplicada",
        "tipo": "básica",
        "creditos_estimados": 4
      },
      {
        "nombre": "Matemática I",
        "descripcion": "Introducción al cálculo diferencial aplicado a problemas de ingeniería.",
        "area": "matemática aplicada",
        "tipo": "básica",
        "creditos_estimados": 4
      },
      {
        "nombre": "Química I",
        "descripcion": "Principios de química general e inorgánica aplicados a materiales industriales.",
        "area": "ciencias químicas",
        "tipo": "básica",
        "creditos_estimados": 3
      },
      {
        "nombre": "Ser UISEK II",
        "descripcion": "Fortalecimiento de habilidades interpersonales y de trabajo colaborativo.",
        "area": "formación general",
        "tipo": "formación complementaria",
        "creditos_estimados": 2
      }
    ],
    "2": [
      {
        "nombre": "Ser UISEK III",
        "descripcion": "Desarrollo de liderazgo y pensamiento crítico en el entorno académico y profesional.",
        "area": "formación general",
        "tipo": "formación complementaria",
        "creditos_estimados": 2
      },
      {
        "nombre": "Matemática II",
        "descripcion": "Cálculo integral y aplicaciones en el análisis de sistemas industriales.",
        "area": "matemática aplicada",
        "tipo": "básica",
        "creditos_estimados": 4
      },
      {
        "nombre": "Dibujo Asistido por Computador (CAD)",
        "descripcion": "Uso de software de diseño asistido por computadora para planos industriales y modelado.",
        "area": "diseño técnico",
        "tipo": "profesional",
        "creditos_estimados": 3
      },
      {
        "nombre": "Probabilidad y Estadística",
        "descripcion": "Métodos estadísticos aplicados al control de procesos y toma de decisiones.",
        "area": "estadística aplicada",
        "tipo": "básica",
        "creditos_estimados": 3
      },
      {
        "nombre": "Física II",
        "descripcion": "Estudio de electricidad, magnetismo y ondas aplicadas a sistemas industriales.",
        "area": "física aplicada",
        "tipo": "básica",
        "creditos_estimados": 4
      },
      {
        "nombre": "Programación",
        "descripcion": "Introducción a la programación estructurada aplicada al control y automatización industrial.",
        "area": "computación aplicada",
        "tipo": "profesional",
        "creditos_estimados": 3
      }
    ],
    "3": [
      {
        "nombre": "Metodología de la Investigación Científica",
        "descripcion": "Diseño de proyectos de investigación científica aplicados a la ingeniería industrial.",
        "area": "investigación aplicada",
        "tipo": "formación metodológica",
        "creditos_estimados": 3
      },
      {
        "nombre": "Diseño Industrial de Producto",
        "descripcion": "Principios de diseño de productos considerando funcionalidad, ergonomía y sostenibilidad.",
        "area": "diseño industrial",
        "tipo": "profesional",
        "creditos_estimados": 3
      },
      {
        "nombre": "Electrónica",
        "descripcion": "Fundamentos de electrónica analógica y digital aplicada a la industria.",
        "area": "electrónica aplicada",
        "tipo": "profesional",
        "creditos_estimados": 4
      },
      {
        "nombre": "Estática y Dinámica para Ingeniería",
        "descripcion": "Estudio de equilibrio, movimiento y fuerzas en sistemas mecánicos.",
        "area": "mecánica",
        "tipo": "profesional",
        "creditos_estimados": 4
      },
      {
        "nombre": "Procesos de Manufactura",
        "descripcion": "Estudio de los procesos de transformación de materiales en productos industriales.",
        "area": "manufactura y procesos",
        "tipo": "profesional",
        "creditos_estimados": 4
      },
      {
        "nombre": "Termodinámica",
        "descripcion": "Análisis de sistemas térmicos y de energía aplicados a procesos industriales.",
        "area": "energía y termodinámica",
        "tipo": "profesional",
        "creditos_estimados": 3
      }
    ],
    "4": [
      {
        "nombre": "Ciencia de los Materiales",
        "descripcion": "Propiedades físicas, químicas y mecánicas de los materiales industriales.",
        "area": "ciencias de materiales",
        "tipo": "profesional",
        "creditos_estimados": 3
      },
      {
        "nombre": "Diseño Mecánico",
        "descripcion": "Diseño de elementos mecánicos mediante análisis de esfuerzos y simulación.",
        "area": "mecánica aplicada",
        "tipo": "profesional",
        "creditos_estimados": 4
      },
      {
        "nombre": "Energía, Eficiencia y Sostenibilidad",
        "descripcion": "Estudio de la eficiencia energética y sostenibilidad en los procesos industriales.",
        "area": "energía y sostenibilidad",
        "tipo": "profesional",
        "creditos_estimados": 3
      },
      {
        "nombre": "Ergonomía y Seguridad Industrial",
        "descripcion": "Análisis ergonómico de puestos de trabajo y prevención de riesgos laborales.",
        "area": "seguridad y salud ocupacional",
        "tipo": "profesional",
        "creditos_estimados": 3
      },
      {
        "nombre": "Programación en Microcontroladores",
        "descripcion": "Programación de sistemas embebidos para automatización industrial.",
        "area": "automatización y control",
        "tipo": "profesional",
        "creditos_estimados": 3
      },
      {
        "nombre": "Sistemas de Manufactura Avanzada",
        "descripcion": "Tecnologías modernas de manufactura digital e industria 4.0.",
        "area": "manufactura avanzada",
        "tipo": "profesional",
        "creditos_estimados": 3
      }
    ],
    "5": [
      {
        "nombre": "Hidráulica y Neumática Industrial",
        "descripcion": "Principios de funcionamiento de sistemas hidráulicos y neumáticos aplicados a la automatización.",
        "area": "mecatrónica industrial",
        "tipo": "profesional",
        "creditos_estimados": 3
      },
      {
        "nombre": "Ingeniería Asistida por Computadora (CAE)",
        "descripcion": "Uso de software de análisis y simulación asistido por computadora para diseño mecánico.",
        "area": "diseño asistido por computadora",
        "tipo": "profesional",
        "creditos_estimados": 3
      },
      {
        "nombre": "Laboratorio de Simulación Industrial",
        "descripcion": "Aplicación de modelos de simulación en procesos productivos.",
        "area": "simulación industrial",
        "tipo": "profesional",
        "creditos_estimados": 3
      },
      {
        "nombre": "Materiales Sustentables para la Industria",
        "descripcion": "Estudio de materiales reciclables y procesos sostenibles en ingeniería.",
        "area": "sostenibilidad industrial",
        "tipo": "profesional",
        "creditos_estimados": 3
      },
      {
        "nombre": "Programación en PLC",
        "descripcion": "Programación de controladores lógicos programables para automatización industrial.",
        "area": "automatización y control",
        "tipo": "profesional",
        "creditos_estimados": 3
      },
      {
        "nombre": "Mantenimiento de Sistemas Productivos",
        "descripcion": "Gestión del mantenimiento preventivo y correctivo en plantas industriales.",
        "area": "mantenimiento industrial",
        "tipo": "profesional",
        "creditos_estimados": 3
      }
    ],
    "6": [
      {
        "nombre": "Big Data y Data Visualization",
        "descripcion": "Análisis y visualización de grandes volúmenes de datos para optimización de procesos industriales.",
        "area": "análisis de datos",
        "tipo": "profesional",
        "creditos_estimados": 4
      },
      {
        "nombre": "Innovación y Emprendimiento",
        "descripcion": "Desarrollo de proyectos innovadores con enfoque empresarial y tecnológico.",
        "area": "gestión empresarial",
        "tipo": "formación complementaria",
        "creditos_estimados": 3
      },
      {
        "nombre": "Instalaciones Industriales",
        "descripcion": "Diseño y planificación de instalaciones industriales seguras y eficientes.",
        "area": "diseño industrial",
        "tipo": "profesional",
        "creditos_estimados": 3
      },
      {
        "nombre": "Manufactura Asistida por Computadora (CAM)",
        "descripcion": "Aplicación de herramientas CAM para el diseño y producción automatizada.",
        "area": "manufactura avanzada",
        "tipo": "profesional",
        "creditos_estimados": 3
      },
      {
        "nombre": "Normativa y Estándares de Calidad",
        "descripcion": "Implementación de normas ISO y sistemas de calidad en procesos productivos.",
        "area": "gestión de calidad",
        "tipo": "profesional",
        "creditos_estimados": 3
      },
      {
        "nombre": "Sistemas de Control",
        "descripcion": "Análisis y diseño de sistemas de control automático en la industria.",
        "area": "control y automatización",
        "tipo": "profesional",
        "creditos_estimados": 3
      }
    ],
    "7": [
      {
        "nombre": "Economía y Recursos Humanos Industriales",
        "descripcion": "Gestión económica y del talento humano en el ámbito industrial.",
        "area": "gestión empresarial",
        "tipo": "profesional",
        "creditos_estimados": 3
      },
      {
        "nombre": "Industria 4.0",
        "descripcion": "Integración de tecnologías digitales y automatización en los procesos industriales.",
        "area": "tecnología industrial",
        "tipo": "profesional",
        "creditos_estimados": 4
      },
      {
        "nombre": "Logística Avanzada en la Cadena de Suministro",
        "descripcion": "Gestión avanzada del flujo de materiales, información y recursos logísticos.",
        "area": "logística y operaciones",
        "tipo": "profesional",
        "creditos_estimados": 4
      },
      {
        "nombre": "Manufactura Esbelta y Calidad",
        "descripcion": "Aplicación de metodologías Lean y Six Sigma para mejora de procesos.",
        "area": "mejora continua",
        "tipo": "profesional",
        "creditos_estimados": 4
      },
      {
        "nombre": "Práctica Laboral",
        "descripcion": "Experiencia práctica en entornos industriales para aplicar competencias adquiridas.",
        "area": "prácticas preprofesionales",
        "tipo": "integración profesional",
        "creditos_estimados": 2
      },
      {
        "nombre": "Servicio Comunitario",
        "descripcion": "Desarrollo de proyectos de impacto social relacionados con la ingeniería industrial.",
        "area": "vinculación con la comunidad",
        "tipo": "formación complementaria",
        "creditos_estimados": 2
      }
    ],
    "8": [
      {
        "nombre": "Integración Curricular",
        "descripcion": "Proyecto integrador que sintetiza los conocimientos adquiridos a lo largo de la carrera.",
        "area": "investigación aplicada",
        "tipo": "integración curricular",
        "creditos_estimados": 5
      },
      {
        "nombre": "Diseño de Sistemas Industriales Inteligentes",
        "descripcion": "Desarrollo de sistemas inteligentes con enfoque de automatización y análisis de datos.",
        "area": "inteligencia industrial",
        "tipo": "profesional",
        "creditos_estimados": 4
      },
      {
        "nombre": "Machine Learning",
        "descripcion": "Aplicación de algoritmos de aprendizaje automático en la industria.",
        "area": "inteligencia artificial aplicada",
        "tipo": "profesional avanzada",
        "creditos_estimados": 4
      },
      {
        "nombre": "Optativa",
        "descripcion": "Asignatura electiva que permite profundizar en un área de interés profesional.",
        "area": "optativa profesional",
        "tipo": "electiva",
        "creditos_estimados": 3
      },
      {
        "nombre": "Dirección de Proyectos Industriales",
        "descripcion": "Gestión de proyectos complejos en entornos industriales.",
        "area": "gestión de proyectos",
        "tipo": "profesional",
        "creditos_estimados": 4
      },
      {
        "nombre": "Six Sigma",
        "descripcion": "Metodología avanzada para el control y mejora continua de la calidad industrial.",
        "area": "gestión de calidad",
        "tipo": "profesional avanzada",
        "creditos_estimados": 3
      }
    ]
  }
}
