{
  "universidad": "Universidad Internacional SEK (UISEK)",
  "carrera": "Ingeniería Civil",
  "modalidad": "Presencial",
  "duracion_semestres": 8,
  "titulo": "Ingeniero/a Civil",
  "malla_curricular": {
    "1": [
      {
        "nombre": "Álgebra Lineal",
        "descripcion": "Estudio de sistemas de ecuaciones lineales, matrices y vectores aplicados a la ingeniería estructural.",
        "area": "matemática",
        "tipo": "básica",
        "creditos_estimados": 4
      },
      {
        "nombre": "Cálculo Diferencial",
        "descripcion": "Fundamentos del cálculo diferencial aplicado al análisis de fenómenos físicos e ingenieriles.",
        "area": "matemática aplicada",
        "tipo": "básica",
        "creditos_estimados": 5
      },
      {
        "nombre": "Física",
        "descripcion": "Principios de la mecánica clásica, movimiento y fuerzas aplicadas a estructuras y materiales.",
        "area": "ciencias básicas",
        "tipo": "básica",
        "creditos_estimados": 4
      },
      {
        "nombre": "Geometría Analítica",
        "descripcion": "Aplicación de conceptos geométricos y algebraicos al modelado de sistemas físicos.",
        "area": "matemática",
        "tipo": "básica",
        "creditos_estimados": 4
      },
      {
        "nombre": "Química de Materiales",
        "descripcion": "Análisis de la composición química de materiales de construcción y su comportamiento estructural.",
        "area": "ciencias de materiales",
        "tipo": "profesional básica",
        "creditos_estimados": 3
      },
      {
        "nombre": "Ser UISEK I",
        "descripcion": "Formación integral en valores, liderazgo y responsabilidad social universitaria.",
        "area": "formación general",
        "tipo": "formación complementaria",
        "creditos_estimados": 2
      }
    ],
    "2": [
      {
        "nombre": "Cálculo Integral",
        "descripcion": "Aplicaciones del cálculo integral en el análisis de esfuerzos, caudales y volúmenes en ingeniería civil.",
        "area": "matemática aplicada",
        "tipo": "básica",
        "creditos_estimados": 5
      },
      {
        "nombre": "Geometría Descriptiva",
        "descripcion": "Representación gráfica de formas tridimensionales para el diseño de estructuras y planos técnicos.",
        "area": "dibujo técnico",
        "tipo": "profesional básica",
        "creditos_estimados": 3
      },
      {
        "nombre": "Hidrología",
        "descripcion": "Estudio del ciclo del agua y su aplicación en la planificación de obras hidráulicas.",
        "area": "hidráulica e hidrología",
        "tipo": "profesional",
        "creditos_estimados": 4
      },
      {
        "nombre": "Gestión de los Materiales de Construcción",
        "descripcion": "Selección, almacenamiento y control de materiales utilizados en obras civiles.",
        "area": "gestión de construcción",
        "tipo": "profesional",
        "creditos_estimados": 3
      },
      {
        "nombre": "Probabilidades y Estadística",
        "descripcion": "Métodos estadísticos para análisis de datos e incertidumbre en ingeniería.",
        "area": "estadística aplicada",
        "tipo": "básica",
        "creditos_estimados": 3
      },
      {
        "nombre": "Ser UISEK II",
        "descripcion": "Desarrollo de competencias interpersonales y trabajo en equipo.",
        "area": "formación general",
        "tipo": "formación complementaria",
        "creditos_estimados": 2
      }
    ],
    "3": [
      {
        "nombre": "Ecuaciones Diferenciales",
        "descripcion": "Modelado matemático de fenómenos dinámicos aplicados a estructuras y fluidos.",
        "area": "matemática aplicada",
        "tipo": "básica",
        "creditos_estimados": 4
      },
      {
        "nombre": "Estabilidad y Dinámica",
        "descripcion": "Análisis del equilibrio y movimiento de estructuras y suelos.",
        "area": "mecánica estructural",
        "tipo": "profesional",
        "creditos_estimados": 4
      },
      {
        "nombre": "Evaluación de Riesgos Naturales y Antrópicos",
        "descripcion": "Identificación y mitigación de riesgos asociados a fenómenos naturales y actividades humanas.",
        "area": "gestión ambiental",
        "tipo": "profesional",
        "creditos_estimados": 3
      },
      {
        "nombre": "Sistemas y Técnicas Constructivas",
        "descripcion": "Procesos, métodos y tecnologías utilizadas en la construcción de edificaciones e infraestructura.",
        "area": "tecnología de construcción",
        "tipo": "profesional",
        "creditos_estimados": 3
      },
      {
        "nombre": "Topografía",
        "descripcion": "Levantamientos topográficos y representación del terreno mediante instrumentos y software especializado.",
        "area": "topografía",
        "tipo": "profesional",
        "creditos_estimados": 3
      },
      {
        "nombre": "Metodología de la Investigación Científica",
        "descripcion": "Diseño y aplicación de metodologías científicas para proyectos de ingeniería.",
        "area": "investigación aplicada",
        "tipo": "formación metodológica",
        "creditos_estimados": 3
      }
    ],
    "4": [
      {
        "nombre": "Instalaciones de Edificios",
        "descripcion": "Diseño y planificación de sistemas eléctricos, sanitarios y mecánicos en edificaciones.",
        "area": "instalaciones",
        "tipo": "profesional",
        "creditos_estimados": 3
      },
      {
        "nombre": "Mecánica de Fluidos",
        "descripcion": "Análisis de fluidos en movimiento y su aplicación en sistemas hidráulicos.",
        "area": "hidráulica",
        "tipo": "profesional",
        "creditos_estimados": 4
      },
      {
        "nombre": "Proyectos Viales",
        "descripcion": "Diseño geométrico y estructural de carreteras y caminos.",
        "area": "infraestructura vial",
        "tipo": "profesional",
        "creditos_estimados": 4
      },
      {
        "nombre": "Resistencia de Materiales",
        "descripcion": "Comportamiento de materiales sometidos a cargas y esfuerzos.",
        "area": "mecánica estructural",
        "tipo": "profesional",
        "creditos_estimados": 4
      },
      {
        "nombre": "Mecánica de Suelos I",
        "descripcion": "Estudio de las propiedades físicas y mecánicas de los suelos.",
        "area": "geotecnia",
        "tipo": "profesional",
        "creditos_estimados": 4
      }
    ],
    "5": [
      {
        "nombre": "Análisis Estructural I",
        "descripcion": "Métodos de análisis de estructuras isostáticas y continuas.",
        "area": "estructuras",
        "tipo": "profesional",
        "creditos_estimados": 4
      },
      {
        "nombre": "Diseño de Carpetas de Rodamiento",
        "descripcion": "Diseño de pavimentos y capas de rodadura para carreteras.",
        "area": "vías y transporte",
        "tipo": "profesional",
        "creditos_estimados": 3
      },
      {
        "nombre": "Gestión de Proyectos I",
        "descripcion": "Fundamentos de gestión de proyectos aplicados a la construcción.",
        "area": "gestión de proyectos",
        "tipo": "profesional",
        "creditos_estimados": 3
      },
      {
        "nombre": "Obras Hidráulicas",
        "descripcion": "Diseño y planificación de obras hidráulicas como presas, canales y redes de abastecimiento.",
        "area": "hidráulica",
        "tipo": "profesional",
        "creditos_estimados": 4
      },
      {
        "nombre": "Prácticas Laborales I",
        "descripcion": "Primera experiencia profesional en proyectos o empresas del sector de la construcción.",
        "area": "prácticas preprofesionales",
        "tipo": "integración profesional",
        "creditos_estimados": 2
      },
      {
        "nombre": "Mecánica de Suelos II",
        "descripcion": "Estudio avanzado de la estabilidad de taludes y diseño de cimentaciones.",
        "area": "geotecnia avanzada",
        "tipo": "profesional",
        "creditos_estimados": 4
      }
    ],
    "6": [
      {
        "nombre": "Análisis Estructural II",
        "descripcion": "Análisis de estructuras hiperestáticas y modelación computacional.",
        "area": "estructuras",
        "tipo": "profesional",
        "creditos_estimados": 4
      },
      {
        "nombre": "Diseño en Hormigón Armado I",
        "descripcion": "Diseño estructural de elementos de concreto reforzado según normativa vigente.",
        "area": "estructuras",
        "tipo": "profesional",
        "creditos_estimados": 4
      },
      {
        "nombre": "Gestión de Proyectos II",
        "descripcion": "Planificación y control de proyectos mediante herramientas de gestión moderna.",
        "area": "gestión de proyectos",
        "tipo": "profesional",
        "creditos_estimados": 3
      },
      {
        "nombre": "Programación",
        "descripcion": "Aplicación de la programación para automatizar cálculos y diseños de ingeniería.",
        "area": "computación aplicada",
        "tipo": "profesional",
        "creditos_estimados": 3
      },
      {
        "nombre": "Servicio Comunitario",
        "descripcion": "Participación en proyectos de impacto social aplicando conocimientos de ingeniería civil.",
        "area": "vinculación con la comunidad",
        "tipo": "formación complementaria",
        "creditos_estimados": 2
      },
      {
        "nombre": "Sistemas de Conducción Hídrica",
        "descripcion": "Diseño de redes y sistemas de transporte de agua y alcantarillado.",
        "area": "hidráulica",
        "tipo": "profesional",
        "creditos_estimados": 3
      }
    ],
    "7": [
      {
        "nombre": "Diseño de Cimentaciones",
        "descripcion": "Cálculo y diseño de cimentaciones superficiales y profundas.",
        "area": "geotecnia",
        "tipo": "profesional",
        "creditos_estimados": 4
      },
      {
        "nombre": "Diseño en Hormigón Armado II",
        "descripcion": "Diseño avanzado de estructuras de hormigón con cargas sísmicas y dinámicas.",
        "area": "estructuras",
        "tipo": "profesional",
        "creditos_estimados": 4
      },
      {
        "nombre": "Estructuras de Acero",
        "descripcion": "Diseño de elementos estructurales metálicos bajo cargas combinadas.",
        "area": "estructuras metálicas",
        "tipo": "profesional",
        "creditos_estimados": 3
      },
      {
        "nombre": "Gestión de Proyectos III",
        "descripcion": "Dirección, evaluación económica y control de calidad en obras de ingeniería.",
        "area": "gestión de proyectos",
        "tipo": "profesional",
        "creditos_estimados": 3
      },
      {
        "nombre": "Prácticas Laborales II",
        "descripcion": "Experiencia profesional avanzada en obras civiles o instituciones del sector.",
        "area": "prácticas preprofesionales",
        "tipo": "integración profesional",
        "creditos_estimados": 2
      }
    ],
    "8": [
      {
        "nombre": "Desarrollo de Trabajo de Titulación",
        "descripcion": "Ejecución de un proyecto de titulación aplicando conocimientos técnicos e investigativos.",
        "area": "investigación aplicada",
        "tipo": "integración curricular",
        "creditos_estimados": 5
      },
      {
        "nombre": "Diseño Sismo Resistente",
        "descripcion": "Diseño estructural considerando las acciones sísmicas según normativas internacionales.",
        "area": "estructuras",
        "tipo": "profesional",
        "creditos_estimados": 4
      },
      {
        "nombre": "Obras Civiles",
        "descripcion": "Gestión y planificación integral de obras de infraestructura civil.",
        "area": "gestión de construcción",
        "tipo": "profesional",
        "creditos_estimados": 4
      },
      {
        "nombre": "Reingeniería de Obras Civiles",
        "descripcion": "Optimización y rediseño de procesos constructivos existentes para mejorar su eficiencia.",
        "area": "tecnología de construcción",
        "tipo": "profesional",
        "creditos_estimados": 3
      },
      {
        "nombre": "Tecnología e Innovación para la Construcción",
        "descripcion": "Aplicación de nuevas tecnologías y materiales innovadores en proyectos de ingeniería.",
        "area": "innovación tecnológica",
        "tipo": "profesional",
        "creditos_estimados": 3
      }
    ]
  }
}
