{
  "universidad": "Universidad Internacional SEK (UISEK)",
  "carrera": "Ingeniería Automotriz",
  "modalidad": "Presencial",
  "duracion_semestres": 8,
  "titulo": "Ingeniero/a Automotriz",
  "malla_curricular": {
    "1": [
      {
        "nombre": "Matemática I",
        "descripcion": "Conceptos fundamentales de cálculo diferencial aplicados a fenómenos físicos y mecánicos.",
        "area": "matemática aplicada",
        "tipo": "básica",
        "creditos_estimados": 4
      },
      {
        "nombre": "Física I",
        "descripcion": "Principios básicos de mecánica clásica, movimiento y energía en sistemas físicos.",
        "area": "ciencias básicas",
        "tipo": "básica",
        "creditos_estimados": 4
      },
      {
        "nombre": "Álgebra Lineal",
        "descripcion": "Estudio de matrices, determinantes y vectores aplicados al análisis estructural.",
        "area": "matemática",
        "tipo": "básica",
        "creditos_estimados": 3
      },
      {
        "nombre": "Química I",
        "descripcion": "Propiedades y comportamiento de los materiales desde una perspectiva química aplicada.",
        "area": "ciencias básicas",
        "tipo": "básica",
        "creditos_estimados": 3
      },
      {
        "nombre": "Ser UISEK I",
        "descripcion": "Introducción a la formación ética, ciudadana y valores institucionales.",
        "area": "formación general",
        "tipo": "formación complementaria",
        "creditos_estimados": 2
      },
      {
        "nombre": "Ser UISEK II",
        "descripcion": "Desarrollo de habilidades comunicativas, trabajo en equipo y liderazgo personal.",
        "area": "formación general",
        "tipo": "formación complementaria",
        "creditos_estimados": 2
      }
    ],
    "2": [
      {
        "nombre": "Matemática II",
        "descripcion": "Aplicaciones del cálculo integral y diferencial en el análisis de sistemas físicos.",
        "area": "matemática aplicada",
        "tipo": "básica",
        "creditos_estimados": 4
      },
      {
        "nombre": "Física II",
        "descripcion": "Estudio de electricidad, magnetismo y termodinámica básica.",
        "area": "física aplicada",
        "tipo": "básica",
        "creditos_estimados": 4
      },
      {
        "nombre": "Dibujo Asistido por Computador",
        "descripcion": "Uso de software CAD para la representación técnica de componentes automotrices.",
        "area": "dibujo técnico",
        "tipo": "profesional",
        "creditos_estimados": 3
      },
      {
        "nombre": "Estadística Diferencial",
        "descripcion": "Fundamentos estadísticos aplicados al control y análisis de procesos automotrices.",
        "area": "estadística aplicada",
        "tipo": "básica",
        "creditos_estimados": 3
      },
      {
        "nombre": "Programación I",
        "descripcion": "Introducción a la programación estructurada orientada a la ingeniería.",
        "area": "computación aplicada",
        "tipo": "básica",
        "creditos_estimados": 3
      },
      {
        "nombre": "Ser UISEK III",
        "descripcion": "Fomento del pensamiento crítico, la responsabilidad social y el compromiso ético.",
        "area": "formación general",
        "tipo": "formación complementaria",
        "creditos_estimados": 2
      }
    ],
    "3": [
      {
        "nombre": "Ciencia de los Materiales y Laboratorio",
        "descripcion": "Estudio de las propiedades de los materiales utilizados en la industria automotriz.",
        "area": "ciencia de materiales",
        "tipo": "profesional",
        "creditos_estimados": 4
      },
      {
        "nombre": "Termodinámica y Laboratorio",
        "descripcion": "Análisis de los principios de energía y transferencia térmica en motores.",
        "area": "termodinámica",
        "tipo": "profesional",
        "creditos_estimados": 4
      },
      {
        "nombre": "Estática y Dinámica",
        "descripcion": "Análisis de fuerzas, momentos y movimiento de cuerpos rígidos.",
        "area": "mecánica",
        "tipo": "básica",
        "creditos_estimados": 4
      },
      {
        "nombre": "Electricidad y Laboratorio",
        "descripcion": "Principios eléctricos fundamentales y mediciones aplicadas a sistemas automotrices.",
        "area": "electrotecnia",
        "tipo": "profesional",
        "creditos_estimados": 3
      },
      {
        "nombre": "Metodología de la Investigación Científica",
        "descripcion": "Introducción al método científico y desarrollo de proyectos de investigación aplicada.",
        "area": "investigación aplicada",
        "tipo": "formación metodológica",
        "creditos_estimados": 2
      }
    ],
    "4": [
      {
        "nombre": "Mecánica de los Fluidos y Laboratorio",
        "descripcion": "Análisis del comportamiento de fluidos aplicados a sistemas hidráulicos y de refrigeración.",
        "area": "mecánica de fluidos",
        "tipo": "profesional",
        "creditos_estimados": 4
      },
      {
        "nombre": "Transferencia de Calor y Laboratorio",
        "descripcion": "Estudio del intercambio térmico en motores y sistemas energéticos.",
        "area": "termodinámica",
        "tipo": "profesional",
        "creditos_estimados": 4
      },
      {
        "nombre": "Procesos de Manufactura y Laboratorio",
        "descripcion": "Procesos de producción y transformación de materiales automotrices.",
        "area": "manufactura",
        "tipo": "profesional",
        "creditos_estimados": 3
      },
      {
        "nombre": "Sistemas Automotrices y Laboratorio",
        "descripcion": "Estudio integral de los sistemas mecánicos, eléctricos y electrónicos del vehículo.",
        "area": "sistemas automotrices",
        "tipo": "profesional",
        "creditos_estimados": 3
      },
      {
        "nombre": "Mecanismos",
        "descripcion": "Análisis y diseño de mecanismos utilizados en sistemas automotrices.",
        "area": "diseño mecánico",
        "tipo": "profesional",
        "creditos_estimados": 3
      }
    ],
    "5": [
      {
        "nombre": "Mecánica de Sólidos",
        "descripcion": "Comportamiento mecánico de materiales bajo esfuerzos y deformaciones.",
        "area": "mecánica estructural",
        "tipo": "profesional",
        "creditos_estimados": 4
      },
      {
        "nombre": "Motores a Gasolina y Laboratorio",
        "descripcion": "Diseño, operación y diagnóstico de motores de combustión interna a gasolina.",
        "area": "motores automotrices",
        "tipo": "profesional",
        "creditos_estimados": 4
      },
      {
        "nombre": "Seguridad Activa y Pasiva",
        "descripcion": "Sistemas y normativas de seguridad vehicular, frenos y control de estabilidad.",
        "area": "seguridad automotriz",
        "tipo": "profesional",
        "creditos_estimados": 3
      },
      {
        "nombre": "Máquinas Eléctricas y Laboratorio",
        "descripcion": "Funcionamiento de motores eléctricos, generadores y sistemas de carga.",
        "area": "electromecánica",
        "tipo": "profesional",
        "creditos_estimados": 4
      },
      {
        "nombre": "Metrología y Tribología y Laboratorio",
        "descripcion": "Medición de tolerancias, fricción y desgaste en componentes automotrices.",
        "area": "mecánica de precisión",
        "tipo": "profesional",
        "creditos_estimados": 3
      },
      {
        "nombre": "Electrónica Automotriz y Laboratorio",
        "descripcion": "Sistemas electrónicos, sensores y actuadores en automóviles modernos.",
        "area": "electrónica automotriz",
        "tipo": "profesional",
        "creditos_estimados": 4
      }
    ],
    "6": [
      {
        "nombre": "Autotrónica y Laboratorio",
        "descripcion": "Integración de electrónica y mecánica en sistemas automotrices inteligentes.",
        "area": "autotrónica",
        "tipo": "profesional avanzada",
        "creditos_estimados": 4
      },
      {
        "nombre": "Sistemas de Transmisión y Laboratorio",
        "descripcion": "Análisis, diseño y diagnóstico de sistemas de transmisión manual y automática.",
        "area": "mecánica automotriz",
        "tipo": "profesional",
        "creditos_estimados": 4
      },
      {
        "nombre": "Diseño Automotriz y Laboratorio",
        "descripcion": "Modelado, simulación y diseño de componentes automotrices asistidos por software CAD/CAE.",
        "area": "diseño automotriz",
        "tipo": "profesional avanzada",
        "creditos_estimados": 4
      },
      {
        "nombre": "Motores a Diésel y Laboratorio",
        "descripcion": "Análisis, funcionamiento y diagnóstico de motores diésel.",
        "area": "motores automotrices",
        "tipo": "profesional",
        "creditos_estimados": 4
      },
      {
        "nombre": "Servicio Comunitario",
        "descripcion": "Aplicación de conocimientos en proyectos sociales vinculados al ámbito automotriz.",
        "area": "vinculación con la comunidad",
        "tipo": "formación complementaria",
        "creditos_estimados": 2
      }
    ],
    "7": [
      {
        "nombre": "Ruido, Vibración y Dureza (NVH)",
        "descripcion": "Estudio de técnicas para el control de ruido, vibración y confort vehicular.",
        "area": "ingeniería NVH",
        "tipo": "profesional avanzada",
        "creditos_estimados": 3
      },
      {
        "nombre": "Administración de Empresas",
        "descripcion": "Fundamentos de gestión empresarial, liderazgo y emprendimiento.",
        "area": "gestión empresarial",
        "tipo": "formación complementaria",
        "creditos_estimados": 3
      },
      {
        "nombre": "Climatización Automotriz",
        "descripcion": "Sistemas de aire acondicionado y climatización en vehículos.",
        "area": "sistemas automotrices",
        "tipo": "profesional",
        "creditos_estimados": 3
      },
      {
        "nombre": "Maquinaria Pesada y Agrícola y Laboratorio",
        "descripcion": "Estudio de maquinaria industrial y agrícola, mantenimiento y operación técnica.",
        "area": "mecánica aplicada",
        "tipo": "profesional",
        "creditos_estimados": 4
      },
      {
        "nombre": "Práctica Laboral",
        "descripcion": "Experiencia profesional supervisada en talleres o empresas automotrices.",
        "area": "prácticas preprofesionales",
        "tipo": "integración profesional",
        "creditos_estimados": 2
      }
    ],
    "8": [
      {
        "nombre": "Acabados Automotrices y Laboratorio",
        "descripcion": "Procesos de pintura, recubrimiento y acabado superficial de vehículos.",
        "area": "procesos automotrices",
        "tipo": "profesional",
        "creditos_estimados": 3
      },
      {
        "nombre": "Redes Multiplexadas",
        "descripcion": "Comunicación electrónica en red entre sistemas del vehículo mediante protocolos CAN, LIN y FlexRay.",
        "area": "electrónica automotriz",
        "tipo": "profesional avanzada",
        "creditos_estimados": 4
      },
      {
        "nombre": "Trucaje y Reparación de Motores y Laboratorio",
        "descripcion": "Reparación, calibración y optimización de motores automotrices.",
        "area": "motores automotrices",
        "tipo": "profesional",
        "creditos_estimados": 4
      },
      {
        "nombre": "Integración Curricular",
        "descripcion": "Proyecto final de titulación que integra los conocimientos adquiridos durante la carrera.",
        "area": "investigación aplicada",
        "tipo": "integración curricular",
        "creditos_estimados": 5
      },
      {
        "nombre": "Eficiencia Energética del Transporte",
        "descripcion": "Evaluación del consumo energético y diseño de estrategias para transporte sostenible.",
        "area": "energías y sostenibilidad",
        "tipo": "profesional avanzada",
        "creditos_estimados": 3
      }
    ]
  }
}
