{
  "universidad": "Universidad Internacional SEK (UISEK)",
  "carrera": "Ingeniería Ambiental",
  "modalidad": "Semipresencial",
  "duracion_semestres": 8,
  "titulo": "Ingeniero/a Ambiental",
  "malla_curricular": {
    "1": [
      {
        "nombre": "Biología, Biodiversidad y Evolución",
        "descripcion": "Estudio de la diversidad biológica, los ecosistemas y los procesos evolutivos que sustentan la vida en la Tierra.",
        "area": "ciencias biológicas",
        "tipo": "básica",
        "creditos_estimados": 4
      },
      {
        "nombre": "Física I",
        "descripcion": "Fundamentos de la mecánica clásica y su aplicación en los fenómenos ambientales.",
        "area": "ciencias físicas",
        "tipo": "básica",
        "creditos_estimados": 4
      },
      {
        "nombre": "Matemáticas I",
        "descripcion": "Introducción al cálculo diferencial y su aplicación a problemas ambientales.",
        "area": "matemática aplicada",
        "tipo": "básica",
        "creditos_estimados": 4
      },
      {
        "nombre": "Química General",
        "descripcion": "Principios químicos básicos relacionados con los ciclos naturales y la contaminación ambiental.",
        "area": "ciencias químicas",
        "tipo": "básica",
        "creditos_estimados": 4
      },
      {
        "nombre": "Comunicación Oral y Escrita",
        "descripcion": "Desarrollo de competencias comunicativas efectivas en contextos técnicos y académicos.",
        "area": "formación general",
        "tipo": "formación complementaria",
        "creditos_estimados": 3
      }
    ],
    "2": [
      {
        "nombre": "Ecología General",
        "descripcion": "Fundamentos ecológicos y relaciones entre los organismos y su entorno natural.",
        "area": "ecología",
        "tipo": "básica",
        "creditos_estimados": 4
      },
      {
        "nombre": "Física II",
        "descripcion": "Estudio de electricidad, magnetismo y termodinámica en sistemas naturales y tecnológicos.",
        "area": "ciencias físicas",
        "tipo": "básica",
        "creditos_estimados": 4
      },
      {
        "nombre": "Matemáticas II",
        "descripcion": "Cálculo integral y sus aplicaciones en modelado ambiental y energético.",
        "area": "matemática aplicada",
        "tipo": "básica",
        "creditos_estimados": 4
      },
      {
        "nombre": "Química Orgánica",
        "descripcion": "Comportamiento de compuestos orgánicos en procesos naturales y contaminantes.",
        "area": "ciencias químicas",
        "tipo": "básica",
        "creditos_estimados": 4
      },
      {
        "nombre": "Pensamiento Lógico y Científico",
        "descripcion": "Desarrollo del razonamiento lógico y la metodología científica aplicada a la investigación ambiental.",
        "area": "metodología científica",
        "tipo": "formación general",
        "creditos_estimados": 3
      },
      {
        "nombre": "Responsabilidad Social, Ética e Interculturalidad",
        "descripcion": "Análisis ético de la sostenibilidad y la diversidad cultural en la gestión ambiental.",
        "area": "ética profesional",
        "tipo": "formación complementaria",
        "creditos_estimados": 3
      }
    ],
    "3": [
      {
        "nombre": "Ciencias de la Tierra",
        "descripcion": "Estructura, composición y procesos dinámicos del planeta Tierra.",
        "area": "geociencias",
        "tipo": "básica",
        "creditos_estimados": 4
      },
      {
        "nombre": "Estadística",
        "descripcion": "Análisis estadístico de datos ambientales y su aplicación en monitoreo ecológico.",
        "area": "estadística aplicada",
        "tipo": "básica",
        "creditos_estimados": 4
      },
      {
        "nombre": "Matemáticas III",
        "descripcion": "Ecuaciones diferenciales y modelado matemático en procesos naturales.",
        "area": "matemática avanzada",
        "tipo": "básica",
        "creditos_estimados": 4
      },
      {
        "nombre": "Relaciones Comunitarias y Educación Ambiental",
        "descripcion": "Gestión de la participación ciudadana y educación para la sostenibilidad.",
        "area": "gestión ambiental",
        "tipo": "profesional",
        "creditos_estimados": 3
      },
      {
        "nombre": "Metodología de la Investigación Científica",
        "descripcion": "Diseño y ejecución de investigaciones aplicadas en el ámbito ambiental.",
        "area": "investigación aplicada",
        "tipo": "formación metodológica",
        "creditos_estimados": 3
      }
    ],
    "4": [
      {
        "nombre": "Balance de Materia y Energía",
        "descripcion": "Principios de conservación aplicados a sistemas ambientales y procesos contaminantes.",
        "area": "ingeniería ambiental",
        "tipo": "profesional",
        "creditos_estimados": 4
      },
      {
        "nombre": "Química Ambiental",
        "descripcion": "Estudio de contaminantes químicos y sus efectos sobre el ambiente.",
        "area": "ciencias químicas",
        "tipo": "profesional",
        "creditos_estimados": 4
      },
      {
        "nombre": "Ecología Aplicada",
        "descripcion": "Aplicación de conceptos ecológicos en la gestión y restauración de ecosistemas.",
        "area": "ecología aplicada",
        "tipo": "profesional",
        "creditos_estimados": 3
      },
      {
        "nombre": "Hidrología",
        "descripcion": "Estudio del ciclo hidrológico, recursos hídricos y gestión de cuencas.",
        "area": "hidrología",
        "tipo": "profesional",
        "creditos_estimados": 3
      },
      {
        "nombre": "Microbiología Ambiental",
        "descripcion": "Papel de los microorganismos en el reciclaje de nutrientes y tratamiento de residuos.",
        "area": "microbiología",
        "tipo": "profesional",
        "creditos_estimados": 3
      },
      {
        "nombre": "Ecotoxicología",
        "descripcion": "Efectos de contaminantes sobre los organismos y ecosistemas.",
        "area": "toxicología ambiental",
        "tipo": "profesional",
        "creditos_estimados": 3
      }
    ],
    "5": [
      {
        "nombre": "Cartografía y Sistemas de Información Geográfica",
        "descripcion": "Uso de SIG y herramientas cartográficas en la gestión del territorio y recursos naturales.",
        "area": "geoinformación",
        "tipo": "profesional",
        "creditos_estimados": 4
      },
      {
        "nombre": "Muestreo y Monitoreo Ambiental",
        "descripcion": "Diseño de campañas de muestreo y análisis de datos para control ambiental.",
        "area": "gestión ambiental",
        "tipo": "profesional",
        "creditos_estimados": 4
      },
      {
        "nombre": "Operaciones Unitarias",
        "descripcion": "Principios de separación y tratamiento de contaminantes.",
        "area": "ingeniería ambiental",
        "tipo": "profesional",
        "creditos_estimados": 3
      },
      {
        "nombre": "Planificación Territorial y Gestión de Riesgos Ambientales",
        "descripcion": "Análisis del uso del suelo, vulnerabilidad ambiental y mitigación de riesgos.",
        "area": "ordenamiento territorial",
        "tipo": "profesional",
        "creditos_estimados": 4
      },
      {
        "nombre": "Servicio Comunitario",
        "descripcion": "Aplicación práctica de conocimientos en proyectos sociales y ambientales.",
        "area": "vinculación con la comunidad",
        "tipo": "formación complementaria",
        "creditos_estimados": 2
      }
    ],
    "6": [
      {
        "nombre": "Prevención y Tratamiento de Aguas",
        "descripcion": "Diseño y operación de sistemas de tratamiento de aguas residuales.",
        "area": "hidrosanitaria",
        "tipo": "profesional",
        "creditos_estimados": 4
      },
      {
        "nombre": "Prevención y Tratamiento de la Contaminación Atmosférica",
        "descripcion": "Control y mitigación de contaminantes gaseosos en procesos industriales.",
        "area": "contaminación ambiental",
        "tipo": "profesional",
        "creditos_estimados": 3
      },
      {
        "nombre": "Prevención y Tratamiento de la Contaminación en Suelos y Residuos Sólidos",
        "descripcion": "Gestión integral de residuos y tecnologías de recuperación de suelos.",
        "area": "gestión de residuos",
        "tipo": "profesional",
        "creditos_estimados": 4
      },
      {
        "nombre": "Derecho Ambiental",
        "descripcion": "Marco legal e institucional de la gestión ambiental en Ecuador.",
        "area": "legislación ambiental",
        "tipo": "formación complementaria",
        "creditos_estimados": 3
      },
      {
        "nombre": "Energías Renovables",
        "descripcion": "Principios de generación limpia y alternativas sostenibles.",
        "area": "energías renovables",
        "tipo": "profesional",
        "creditos_estimados": 3
      },
      {
        "nombre": "Prácticas Laborales I",
        "descripcion": "Experiencia profesional inicial en instituciones o empresas ambientales.",
        "area": "prácticas preprofesionales",
        "tipo": "integración profesional",
        "creditos_estimados": 2
      }
    ],
    "7": [
      {
        "nombre": "Economía Circular",
        "descripcion": "Principios de sostenibilidad basados en el aprovechamiento de recursos.",
        "area": "sostenibilidad",
        "tipo": "profesional",
        "creditos_estimados": 3
      },
      {
        "nombre": "Evaluación de Impacto Ambiental",
        "descripcion": "Identificación y evaluación de impactos derivados de proyectos industriales.",
        "area": "gestión ambiental",
        "tipo": "profesional",
        "creditos_estimados": 4
      },
      {
        "nombre": "Manejo de Recursos Naturales",
        "descripcion": "Gestión sostenible de ecosistemas, recursos forestales y hídricos.",
        "area": "recursos naturales",
        "tipo": "profesional",
        "creditos_estimados": 4
      },
      {
        "nombre": "Modelación Ambiental",
        "descripcion": "Simulación de procesos ambientales mediante herramientas computacionales.",
        "area": "modelado ambiental",
        "tipo": "profesional",
        "creditos_estimados": 3
      },
      {
        "nombre": "Salud y Seguridad Ocupacional",
        "descripcion": "Medidas de prevención y protección en entornos laborales ambientales.",
        "area": "seguridad industrial",
        "tipo": "formación complementaria",
        "creditos_estimados": 3
      },
      {
        "nombre": "Prácticas Laborales II",
        "descripcion": "Práctica profesional avanzada orientada a la aplicación de proyectos ambientales.",
        "area": "prácticas preprofesionales",
        "tipo": "integración profesional",
        "creditos_estimados": 2
      }
    ],
    "8": [
      {
        "nombre": "Unidad de Integración Curricular",
        "descripcion": "Proyecto de titulación que integra los conocimientos de toda la carrera.",
        "area": "investigación aplicada",
        "tipo": "integración curricular",
        "creditos_estimados": 5
      },
      {
        "nombre": "Auditoría Ambiental",
        "descripcion": "Evaluación de sistemas ambientales bajo estándares internacionales.",
        "area": "gestión ambiental",
        "tipo": "profesional",
        "creditos_estimados": 3
      },
      {
        "nombre": "Calidad Ambiental y ODS",
        "descripcion": "Monitoreo de indicadores ambientales alineados a los Objetivos de Desarrollo Sostenible.",
        "area": "calidad y sostenibilidad",
        "tipo": "profesional",
        "creditos_estimados": 3
      },
      {
        "nombre": "Gestión de Proyectos Ambientales",
        "descripcion": "Diseño y ejecución de proyectos ambientales con enfoque sostenible.",
        "area": "gestión de proyectos",
        "tipo": "profesional",
        "creditos_estimados": 4
      },
      {
        "nombre": "Sistemas Integrados de Gestión (Certificación)",
        "descripcion": "Implementación de sistemas de gestión ambiental, calidad y seguridad bajo normas ISO.",
        "area": "gestión integral",
        "tipo": "profesional",
        "creditos_estimados": 3
      }
    ]
  }
}
