{
  "universidad": "Universidad Internacional SEK (UISEK)",
  "carrera": "Ingeniería en Mecatrónica",
  "modalidad": "Presencial",
  "duracion_semestres": 8,
  "titulo": "Ingeniero/a en Mecatrónica",
  "malla_curricular": {
    "1": [
      {
        "nombre": "Ser UISEK I",
        "descripcion": "Introducción a la formación ética, liderazgo y valores institucionales.",
        "area": "formación general",
        "tipo": "formación complementaria",
        "creditos_estimados": 2
      },
      {
        "nombre": "Ser UISEK II",
        "descripcion": "Desarrollo de habilidades comunicativas, liderazgo y responsabilidad social.",
        "area": "formación general",
        "tipo": "formación complementaria",
        "creditos_estimados": 2
      },
      {
        "nombre": "Álgebra Lineal",
        "descripcion": "Sistemas de ecuaciones, matrices y vectores aplicados a la ingeniería.",
        "area": "matemática",
        "tipo": "básica",
        "creditos_estimados": 4
      },
      {
        "nombre": "Física I",
        "descripcion": "Fundamentos de la mecánica clásica y movimiento de cuerpos rígidos.",
        "area": "física aplicada",
        "tipo": "básica",
        "creditos_estimados": 4
      },
      {
        "nombre": "Matemática I",
        "descripcion": "Cálculo diferencial aplicado al modelado de fenómenos físicos.",
        "area": "matemática aplicada",
        "tipo": "básica",
        "creditos_estimados": 4
      },
      {
        "nombre": "Química I",
        "descripcion": "Conceptos de química general e inorgánica aplicados a materiales y procesos industriales.",
        "area": "ciencias básicas",
        "tipo": "básica",
        "creditos_estimados": 3
      }
    ],
    "2": [
      {
        "nombre": "Ser UISEK III",
        "descripcion": "Pensamiento crítico, ética profesional y trabajo en equipo interdisciplinario.",
        "area": "formación general",
        "tipo": "formación complementaria",
        "creditos_estimados": 2
      },
      {
        "nombre": "Estadística Diferencial",
        "descripcion": "Métodos estadísticos aplicados al análisis y control de procesos.",
        "area": "estadística aplicada",
        "tipo": "básica",
        "creditos_estimados": 3
      },
      {
        "nombre": "Física II",
        "descripcion": "Electricidad, magnetismo y óptica aplicados a sistemas mecatrónicos.",
        "area": "física aplicada",
        "tipo": "básica",
        "creditos_estimados": 4
      },
      {
        "nombre": "Matemática II",
        "descripcion": "Cálculo integral y vectorial aplicado a ingeniería.",
        "area": "matemática aplicada",
        "tipo": "básica",
        "creditos_estimados": 4
      },
      {
        "nombre": "Dibujo Asistido por Computador (CAD)",
        "descripcion": "Diseño técnico y modelado tridimensional mediante software CAD.",
        "area": "diseño técnico",
        "tipo": "profesional",
        "creditos_estimados": 3
      },
      {
        "nombre": "Programación",
        "descripcion": "Principios de programación estructurada aplicados a la automatización y control.",
        "area": "computación aplicada",
        "tipo": "básica",
        "creditos_estimados": 3
      }
    ],
    "3": [
      {
        "nombre": "Metodología de la Investigación Científica",
        "descripcion": "Aplicación de la metodología científica en proyectos de innovación tecnológica.",
        "area": "investigación aplicada",
        "tipo": "formación metodológica",
        "creditos_estimados": 3
      },
      {
        "nombre": "Ciencia de los Materiales",
        "descripcion": "Propiedades físicas y mecánicas de materiales utilizados en sistemas mecatrónicos.",
        "area": "ciencia de materiales",
        "tipo": "profesional",
        "creditos_estimados": 3
      },
      {
        "nombre": "Electrónica I",
        "descripcion": "Principios de electrónica analógica aplicada a circuitos básicos.",
        "area": "electrónica aplicada",
        "tipo": "profesional",
        "creditos_estimados": 4
      },
      {
        "nombre": "Estática y Dinámica",
        "descripcion": "Análisis de fuerzas y movimiento en sistemas mecánicos.",
        "area": "mecánica",
        "tipo": "profesional",
        "creditos_estimados": 4
      },
      {
        "nombre": "Sistemas de Control",
        "descripcion": "Principios de retroalimentación y control automático de sistemas lineales.",
        "area": "control automático",
        "tipo": "profesional",
        "creditos_estimados": 4
      }
    ],
    "4": [
      {
        "nombre": "Electrónica II",
        "descripcion": "Análisis y diseño de circuitos electrónicos con componentes semiconductores.",
        "area": "electrónica aplicada",
        "tipo": "profesional",
        "creditos_estimados": 4
      },
      {
        "nombre": "Mecanismos",
        "descripcion": "Diseño y análisis de mecanismos cinemáticos y dinámicos.",
        "area": "mecánica aplicada",
        "tipo": "profesional",
        "creditos_estimados": 3
      },
      {
        "nombre": "Programación II",
        "descripcion": "Programación orientada a objetos y estructuras de datos aplicadas a la ingeniería.",
        "area": "programación avanzada",
        "tipo": "profesional",
        "creditos_estimados": 3
      },
      {
        "nombre": "Resistencia de Materiales",
        "descripcion": "Análisis de tensiones y deformaciones en componentes mecánicos.",
        "area": "mecánica estructural",
        "tipo": "profesional",
        "creditos_estimados": 4
      },
      {
        "nombre": "Sistemas Digitales",
        "descripcion": "Diseño de sistemas digitales mediante lógica combinacional y secuencial.",
        "area": "electrónica digital",
        "tipo": "profesional",
        "creditos_estimados": 3
      }
    ],
    "5": [
      {
        "nombre": "Diseño de Elementos de Máquinas",
        "descripcion": "Diseño mecánico de componentes sometidos a cargas dinámicas.",
        "area": "diseño mecánico",
        "tipo": "profesional",
        "creditos_estimados": 4
      },
      {
        "nombre": "Electrónica de Potencia",
        "descripcion": "Conversión y control de energía eléctrica mediante dispositivos semiconductores.",
        "area": "electrónica de potencia",
        "tipo": "profesional",
        "creditos_estimados": 4
      },
      {
        "nombre": "Máquinas Eléctricas",
        "descripcion": "Principios de funcionamiento de motores, generadores y transformadores.",
        "area": "electromecánica",
        "tipo": "profesional",
        "creditos_estimados": 4
      },
      {
        "nombre": "Microcontroladores",
        "descripcion": "Diseño de sistemas embebidos y control mediante microcontroladores.",
        "area": "sistemas embebidos",
        "tipo": "profesional avanzada",
        "creditos_estimados": 3
      },
      {
        "nombre": "Procesos de Manufactura",
        "descripcion": "Técnicas de manufactura y producción asistida por tecnología.",
        "area": "manufactura y producción",
        "tipo": "profesional",
        "creditos_estimados": 3
      }
    ],
    "6": [
      {
        "nombre": "Controladores Lógicos Programables (PLC)",
        "descripcion": "Programación y aplicación de PLCs en sistemas automatizados.",
        "area": "automatización industrial",
        "tipo": "profesional avanzada",
        "creditos_estimados": 4
      },
      {
        "nombre": "Diseño Mecánico",
        "descripcion": "Modelado y simulación de componentes mecánicos mediante herramientas CAD/CAE.",
        "area": "diseño mecánico",
        "tipo": "profesional",
        "creditos_estimados": 4
      },
      {
        "nombre": "Instrumentación Mecatrónica",
        "descripcion": "Diseño de sistemas de medición y sensores para control automatizado.",
        "area": "instrumentación",
        "tipo": "profesional avanzada",
        "creditos_estimados": 3
      },
      {
        "nombre": "Manufactura Asistida por Computadora (CAM)",
        "descripcion": "Implementación de herramientas CAM en procesos productivos automatizados.",
        "area": "manufactura digital",
        "tipo": "profesional avanzada",
        "creditos_estimados": 3
      },
      {
        "nombre": "Servicio Comunitario",
        "descripcion": "Aplicación de conocimientos en proyectos de vinculación social.",
        "area": "vinculación con la comunidad",
        "tipo": "formación complementaria",
        "creditos_estimados": 2
      }
    ],
    "7": [
      {
        "nombre": "Hidráulica y Neumática",
        "descripcion": "Principios de transmisión de potencia mediante fluidos y aire comprimido.",
        "area": "energía y fluidos",
        "tipo": "profesional",
        "creditos_estimados": 4
      },
      {
        "nombre": "Ingeniería Asistida por Computadora (CAE)",
        "descripcion": "Simulación de esfuerzos, análisis térmico y dinámico mediante software especializado.",
        "area": "diseño asistido por computadora",
        "tipo": "profesional avanzada",
        "creditos_estimados": 4
      },
      {
        "nombre": "Práctica Laboral",
        "descripcion": "Aplicación de conocimientos en entornos profesionales de ingeniería.",
        "area": "prácticas preprofesionales",
        "tipo": "integración profesional",
        "creditos_estimados": 2
      },
      {
        "nombre": "Redes Industriales",
        "descripcion": "Diseño y configuración de redes industriales para sistemas de automatización.",
        "area": "automatización industrial",
        "tipo": "profesional avanzada",
        "creditos_estimados": 3
      }
    ],
    "8": [
      {
        "nombre": "Integración Curricular",
        "descripcion": "Proyecto final que integra conocimientos de automatización, control y robótica.",
        "area": "investigación aplicada",
        "tipo": "integración curricular",
        "creditos_estimados": 5
      },
      {
        "nombre": "Internet Industrial de las Cosas (IIoT)",
        "descripcion": "Aplicación del IoT en entornos industriales para la interconexión de sistemas.",
        "area": "tecnologías emergentes",
        "tipo": "profesional avanzada",
        "creditos_estimados": 4
      },
      {
        "nombre": "Redes Neuronales",
        "descripcion": "Diseño y entrenamiento de redes neuronales aplicadas al control y automatización.",
        "area": "inteligencia artificial aplicada",
        "tipo": "profesional avanzada",
        "creditos_estimados": 3
      },
      {
        "nombre": "Robótica Industrial",
        "descripcion": "Diseño, programación y control de robots aplicados a manufactura.",
        "area": "robótica",
        "tipo": "profesional avanzada",
        "creditos_estimados": 4
      },
      {
        "nombre": "Sistemas Mecatrónicos",
        "descripcion": "Integración de componentes mecánicos, electrónicos y de control en sistemas complejos.",
        "area": "ingeniería mecatrónica",
        "tipo": "profesional avanzada",
        "creditos_estimados": 4
      }
    ]
  }
}
