{
  "universidad": "Universidad Internacional SEK (UISEK)",
  "carrera": "Ingeniería en Informática",
  "modalidad": "Presencial",
  "duracion_semestres": 8,
  "titulo": "Ingeniero/a en Informática",
  "malla_curricular": {
    "1": [
      {
        "nombre": "Ser UISEK I",
        "descripcion": "Introducción a la formación universitaria, valores institucionales y responsabilidad social.",
        "area": "formación general",
        "tipo": "formación complementaria",
        "creditos_estimados": 2
      },
      {
        "nombre": "Ser UISEK II",
        "descripcion": "Desarrollo de habilidades de comunicación, liderazgo y trabajo colaborativo.",
        "area": "formación general",
        "tipo": "formación complementaria",
        "creditos_estimados": 2
      },
      {
        "nombre": "Fundamentos de Programación",
        "descripcion": "Conceptos básicos de programación estructurada, algoritmos y lógica computacional.",
        "area": "programación básica",
        "tipo": "básica",
        "creditos_estimados": 4
      },
      {
        "nombre": "Matemáticas Computacionales",
        "descripcion": "Aplicación de principios matemáticos para la resolución de problemas informáticos.",
        "area": "matemática aplicada",
        "tipo": "básica",
        "creditos_estimados": 4
      },
      {
        "nombre": "Fundamentos de Redes y Conectividad",
        "descripcion": "Principios de comunicación de datos, modelos de red y topologías.",
        "area": "redes y telecomunicaciones",
        "tipo": "profesional",
        "creditos_estimados": 3
      },
      {
        "nombre": "Arquitectura de Computadores",
        "descripcion": "Estudio de la estructura y funcionamiento del hardware de los sistemas de cómputo.",
        "area": "arquitectura de computadores",
        "tipo": "profesional",
        "creditos_estimados": 3
      }
    ],
    "2": [
      {
        "nombre": "Ser UISEK III",
        "descripcion": "Fomento del pensamiento crítico, ética profesional y desarrollo personal.",
        "area": "formación general",
        "tipo": "formación complementaria",
        "creditos_estimados": 2
      },
      {
        "nombre": "Estadística Descriptiva e Inferencial",
        "descripcion": "Análisis y modelado de datos mediante técnicas estadísticas aplicadas.",
        "area": "estadística aplicada",
        "tipo": "básica",
        "creditos_estimados": 3
      },
      {
        "nombre": "Estructuras de Datos",
        "descripcion": "Diseño, manipulación y optimización de estructuras de datos en software.",
        "area": "programación avanzada",
        "tipo": "profesional",
        "creditos_estimados": 4
      },
      {
        "nombre": "Ingeniería de Software",
        "descripcion": "Introducción al desarrollo de software basado en procesos y metodologías estructuradas.",
        "area": "ingeniería de software",
        "tipo": "profesional",
        "creditos_estimados": 4
      },
      {
        "nombre": "Programación Orientada a Objetos",
        "descripcion": "Aplicación de conceptos de orientación a objetos en el desarrollo de software modular.",
        "area": "programación avanzada",
        "tipo": "profesional",
        "creditos_estimados": 4
      },
      {
        "nombre": "Sistemas Operativos",
        "descripcion": "Estudio de los componentes, gestión de procesos y administración de recursos del sistema operativo.",
        "area": "sistemas operativos",
        "tipo": "profesional",
        "creditos_estimados": 3
      }
    ],
    "3": [
      {
        "nombre": "Metodología de la Investigación Científica",
        "descripcion": "Fundamentos de la investigación científica y su aplicación en proyectos informáticos.",
        "area": "investigación aplicada",
        "tipo": "formación metodológica",
        "creditos_estimados": 3
      },
      {
        "nombre": "Teoría de la Computación",
        "descripcion": "Análisis de los fundamentos teóricos de la informática: autómatas, gramáticas y lenguajes formales.",
        "area": "teoría computacional",
        "tipo": "básica",
        "creditos_estimados": 3
      },
      {
        "nombre": "Bases de Datos",
        "descripcion": "Diseño, modelado y gestión de bases de datos relacionales utilizando SQL.",
        "area": "bases de datos",
        "tipo": "profesional",
        "creditos_estimados": 4
      },
      {
        "nombre": "Internetworking",
        "descripcion": "Diseño e implementación de redes interconectadas y protocolos de comunicación.",
        "area": "redes y telecomunicaciones",
        "tipo": "profesional",
        "creditos_estimados": 3
      },
      {
        "nombre": "Metodologías de Desarrollo de Software",
        "descripcion": "Comparación entre metodologías tradicionales y ágiles para el desarrollo de software.",
        "area": "ingeniería de software",
        "tipo": "profesional",
        "creditos_estimados": 3
      },
      {
        "nombre": "Programación Avanzada",
        "descripcion": "Implementación de técnicas avanzadas de programación y optimización de algoritmos.",
        "area": "programación avanzada",
        "tipo": "profesional",
        "creditos_estimados": 4
      }
    ],
    "4": [
      {
        "nombre": "Aseguramiento de la Calidad del Software",
        "descripcion": "Evaluación, pruebas y validación de la calidad de productos de software.",
        "area": "calidad de software",
        "tipo": "profesional",
        "creditos_estimados": 4
      },
      {
        "nombre": "Computación Distribuida",
        "descripcion": "Diseño y programación de sistemas distribuidos y aplicaciones en red.",
        "area": "computación avanzada",
        "tipo": "profesional",
        "creditos_estimados": 4
      },
      {
        "nombre": "Desarrollo de Aplicaciones Web",
        "descripcion": "Diseño e implementación de aplicaciones web con tecnologías frontend y backend.",
        "area": "desarrollo web",
        "tipo": "profesional",
        "creditos_estimados": 4
      },
      {
        "nombre": "Inteligencia Artificial",
        "descripcion": "Aplicación de técnicas de aprendizaje automático y razonamiento lógico en sistemas inteligentes.",
        "area": "inteligencia artificial",
        "tipo": "profesional avanzada",
        "creditos_estimados": 4
      },
      {
        "nombre": "Vinculación con la Sociedad",
        "descripcion": "Aplicación de conocimientos informáticos en proyectos de impacto social.",
        "area": "vinculación social",
        "tipo": "formación complementaria",
        "creditos_estimados": 2
      }
    ],
    "5": [
      {
        "nombre": "Bases de Datos Distribuidas",
        "descripcion": "Diseño e implementación de sistemas de bases de datos distribuidas.",
        "area": "bases de datos",
        "tipo": "profesional avanzada",
        "creditos_estimados": 4
      },
      {
        "nombre": "Computación Gráfica",
        "descripcion": "Modelado y renderizado de gráficos 2D y 3D aplicados a entornos interactivos.",
        "area": "computación gráfica",
        "tipo": "profesional avanzada",
        "creditos_estimados": 3
      },
      {
        "nombre": "Desarrollo de Aplicaciones Móviles",
        "descripcion": "Diseño y construcción de aplicaciones móviles multiplataforma.",
        "area": "desarrollo móvil",
        "tipo": "profesional avanzada",
        "creditos_estimados": 3
      },
      {
        "nombre": "Emprendimiento e Innovación",
        "descripcion": "Fomento de competencias para la creación de productos y servicios tecnológicos.",
        "area": "emprendimiento tecnológico",
        "tipo": "formación complementaria",
        "creditos_estimados": 3
      },
      {
        "nombre": "Usabilidad de Software",
        "descripcion": "Diseño de interfaces y experiencia de usuario en sistemas interactivos.",
        "area": "experiencia de usuario",
        "tipo": "profesional",
        "creditos_estimados": 3
      }
    ],
    "6": [
      {
        "nombre": "Ingeniería de Data Science",
        "descripcion": "Procesamiento, análisis y modelado de datos para generar información estratégica.",
        "area": "análisis de datos",
        "tipo": "profesional avanzada",
        "creditos_estimados": 4
      },
      {
        "nombre": "Desarrollo de Entornos Virtuales",
        "descripcion": "Diseño e implementación de aplicaciones inmersivas en realidad virtual y aumentada.",
        "area": "tecnologías emergentes",
        "tipo": "profesional avanzada",
        "creditos_estimados": 3
      },
      {
        "nombre": "Gestión de Proyectos",
        "descripcion": "Planificación, ejecución y seguimiento de proyectos informáticos bajo metodologías ágiles.",
        "area": "gestión de proyectos",
        "tipo": "profesional",
        "creditos_estimados": 3
      },
      {
        "nombre": "Interacción Persona Computador",
        "descripcion": "Evaluación de la interacción entre usuarios y sistemas informáticos.",
        "area": "experiencia de usuario",
        "tipo": "profesional",
        "creditos_estimados": 3
      },
      {
        "nombre": "Normativa Legal de TI",
        "descripcion": "Aspectos éticos y legales de la tecnología y la información digital.",
        "area": "legislación informática",
        "tipo": "formación complementaria",
        "creditos_estimados": 2
      },
      {
        "nombre": "Prácticas Preprofesionales I",
        "descripcion": "Primera experiencia profesional en empresas del sector tecnológico.",
        "area": "prácticas preprofesionales",
        "tipo": "integración profesional",
        "creditos_estimados": 2
      }
    ],
    "7": [
      {
        "nombre": "Trabajo de Titulación I",
        "descripcion": "Desarrollo inicial del proyecto de titulación bajo dirección académica.",
        "area": "investigación aplicada",
        "tipo": "integración curricular",
        "creditos_estimados": 3
      },
      {
        "nombre": "Fundamentos de Ciberseguridad",
        "descripcion": "Principios de seguridad informática y defensa ante amenazas digitales.",
        "area": "seguridad informática",
        "tipo": "profesional",
        "creditos_estimados": 3
      },
      {
        "nombre": "Marketing y Distribución de Productos Digitales",
        "descripcion": "Estrategias de posicionamiento y comercialización de soluciones digitales.",
        "area": "marketing digital",
        "tipo": "formación complementaria",
        "creditos_estimados": 3
      },
      {
        "nombre": "Minería de Datos",
        "descripcion": "Extracción de conocimiento útil a partir de grandes volúmenes de datos.",
        "area": "análisis de datos",
        "tipo": "profesional avanzada",
        "creditos_estimados": 3
      },
      {
        "nombre": "Prácticas Preprofesionales II",
        "descripcion": "Aplicación avanzada de competencias técnicas en el entorno profesional.",
        "area": "prácticas preprofesionales",
        "tipo": "integración profesional",
        "creditos_estimados": 2
      },
      {
        "nombre": "Sistemas de Información con Tecnologías Emergentes",
        "descripcion": "Diseño de sistemas informáticos basados en tecnologías innovadoras como IoT y cloud.",
        "area": "tecnologías emergentes",
        "tipo": "profesional avanzada",
        "creditos_estimados": 3
      }
    ],
    "8": [
      {
        "nombre": "Trabajo de Titulación II",
        "descripcion": "Desarrollo y defensa del proyecto de titulación en el área de especialización.",
        "area": "investigación aplicada",
        "tipo": "integración curricular",
        "creditos_estimados": 3
      },
      {
        "nombre": "Administración de Empresas de TI",
        "descripcion": "Gestión de recursos, procesos y servicios tecnológicos en organizaciones.",
        "area": "gestión tecnológica",
        "tipo": "profesional",
        "creditos_estimados": 3
      },
      {
        "nombre": "Auditoría Informática",
        "descripcion": "Evaluación de sistemas informáticos, controles y cumplimiento normativo.",
        "area": "seguridad y auditoría informática",
        "tipo": "profesional",
        "creditos_estimados": 3
      },
      {
        "nombre": "Gobernanza de TI",
        "descripcion": "Diseño de políticas, buenas prácticas y alineación de TI con los objetivos empresariales.",
        "area": "gobernanza tecnológica",
        "tipo": "profesional avanzada",
        "creditos_estimados": 3
      },
      {
        "nombre": "Inteligencia de Negocios",
        "descripcion": "Uso de herramientas de análisis y visualización para la toma de decisiones estratégicas.",
        "area": "inteligencia empresarial",
        "tipo": "profesional avanzada",
        "creditos_estimados": 3
      }
    ]
  }
}
