{
  "universidad": "Universidad Espíritu Santo (UEES)",
  "carrera": "Ingeniería Industrial",
  "modalidad": "Presencial",
  "duracion_semestres": 8,
  "titulo": "Ingeniero/a Industrial",
  "malla_curricular": {
    "1": [
      {
        "nombre": "Álgebra Lineal",
        "descripcion": "Estudio de vectores, matrices y sistemas lineales aplicados a problemas de ingeniería industrial.",
        "area": "matemática y estadística",
        "tipo": "básica",
        "creditos_estimados": 5
      },
      {
        "nombre": "Matemáticas I",
        "descripcion": "Fundamentos del cálculo diferencial e integral aplicados a fenómenos físicos y productivos.",
        "area": "matemática y estadística",
        "tipo": "básica",
        "creditos_estimados": 5
      },
      {
        "nombre": "Física I",
        "descripcion": "Principios de la mecánica aplicados al estudio de materiales y sistemas industriales.",
        "area": "ciencias básicas",
        "tipo": "básica",
        "creditos_estimados": 4
      },
      {
        "nombre": "Fundamentos de Programación",
        "descripcion": "Introducción a la lógica de programación y su aplicación en automatización y análisis de procesos.",
        "area": "computación",
        "tipo": "básica",
        "creditos_estimados": 3
      },
      {
        "nombre": "Química",
        "descripcion": "Estudio de los principios químicos aplicados a materiales y procesos industriales.",
        "area": "ciencias básicas",
        "tipo": "básica",
        "creditos_estimados": 4
      },
      {
        "nombre": "Ética",
        "descripcion": "Análisis de la ética profesional y la responsabilidad social del ingeniero industrial.",
        "area": "formación general",
        "tipo": "básica",
        "creditos_estimados": 2
      }
    ],
    "2": [
      {
        "nombre": "Matemáticas II",
        "descripcion": "Cálculo integral y ecuaciones diferenciales aplicadas a problemas de ingeniería.",
        "area": "matemática y estadística",
        "tipo": "básica",
        "creditos_estimados": 5
      },
      {
        "nombre": "Física II",
        "descripcion": "Estudio del electromagnetismo y la energía aplicados a sistemas eléctricos y mecánicos.",
        "area": "ciencias básicas",
        "tipo": "básica",
        "creditos_estimados": 4
      },
      {
        "nombre": "Probabilidad y Estadística",
        "descripcion": "Fundamentos probabilísticos aplicados al análisis de datos y control de procesos.",
        "area": "matemática y estadística",
        "tipo": "básica",
        "creditos_estimados": 4
      },
      {
        "nombre": "Tecnología de los Materiales",
        "descripcion": "Propiedades y selección de materiales utilizados en procesos industriales.",
        "area": "ciencias básicas",
        "tipo": "profesional",
        "creditos_estimados": 3
      },
      {
        "nombre": "Desarrollo Humano",
        "descripcion": "Fortalecimiento de habilidades personales, liderazgo y trabajo en equipo.",
        "area": "formación general",
        "tipo": "básica",
        "creditos_estimados": 2
      },
      {
        "nombre": "Dibujo Digital",
        "descripcion": "Técnicas de diseño asistido por computadora aplicadas a la ingeniería industrial.",
        "area": "computación",
        "tipo": "profesional",
        "creditos_estimados": 3
      }
    ],
    "3": [
      {
        "nombre": "Matemáticas III",
        "descripcion": "Aplicación de ecuaciones diferenciales y métodos numéricos en modelado de procesos productivos.",
        "area": "matemática y estadística",
        "tipo": "básica",
        "creditos_estimados": 5
      },
      {
        "nombre": "Estudio del Trabajo y Productividad",
        "descripcion": "Análisis de métodos y tiempos para la optimización de la productividad laboral.",
        "area": "ingeniería industrial",
        "tipo": "profesional",
        "creditos_estimados": 4
      },
      {
        "nombre": "Procesos de Manufactura",
        "descripcion": "Fundamentos y técnicas de los procesos de transformación de materiales.",
        "area": "ingeniería industrial",
        "tipo": "profesional",
        "creditos_estimados": 4
      },
      {
        "nombre": "Costos Industriales",
        "descripcion": "Determinación y análisis de costos en procesos productivos.",
        "area": "gestión de proyectos",
        "tipo": "profesional",
        "creditos_estimados": 3
      },
      {
        "nombre": "Comunicación e Imagen Profesional",
        "descripcion": "Desarrollo de competencias comunicativas para el entorno profesional y corporativo.",
        "area": "formación general",
        "tipo": "básica",
        "creditos_estimados": 2
      }
    ],
    "4": [
      {
        "nombre": "Investigación de Operaciones",
        "descripcion": "Optimización de recursos mediante modelos matemáticos y técnicas cuantitativas.",
        "area": "matemática y estadística",
        "tipo": "profesional",
        "creditos_estimados": 4
      },
      {
        "nombre": "Gestión de Costos",
        "descripcion": "Planeación y control de costos industriales para la toma de decisiones estratégicas.",
        "area": "gestión de proyectos",
        "tipo": "profesional",
        "creditos_estimados": 3
      },
      {
        "nombre": "Control de Producción I",
        "descripcion": "Planificación y control de procesos productivos y logísticos.",
        "area": "ingeniería industrial",
        "tipo": "profesional",
        "creditos_estimados": 4
      },
      {
        "nombre": "Liderazgo, Emprendimiento e Innovación",
        "descripcion": "Desarrollo de habilidades empresariales y gestión de proyectos innovadores.",
        "area": "formación general",
        "tipo": "profesional",
        "creditos_estimados": 3
      },
      {
        "nombre": "Diseño Experimental",
        "descripcion": "Técnicas de diseño y análisis de experimentos aplicados al control de procesos.",
        "area": "matemática y estadística",
        "tipo": "profesional",
        "creditos_estimados": 3
      }
    ],
    "5": [
      {
        "nombre": "Gestión de Mantenimiento Industrial",
        "descripcion": "Planificación y ejecución de estrategias de mantenimiento preventivo y predictivo.",
        "area": "ingeniería industrial",
        "tipo": "profesional",
        "creditos_estimados": 3
      },
      {
        "nombre": "Control Estadístico de Calidad",
        "descripcion": "Aplicación de herramientas estadísticas para garantizar la calidad en procesos productivos.",
        "area": "ingeniería industrial",
        "tipo": "profesional",
        "creditos_estimados": 4
      },
      {
        "nombre": "Tecnología de la Información Industrial",
        "descripcion": "Aplicación de sistemas CAD, CAM y CAE en procesos industriales.",
        "area": "computación",
        "tipo": "profesional",
        "creditos_estimados": 3
      },
      {
        "nombre": "Ingeniería Económica",
        "descripcion": "Evaluación económica y financiera de proyectos de inversión industrial.",
        "area": "gestión de proyectos",
        "tipo": "profesional",
        "creditos_estimados": 4
      },
      {
        "nombre": "Seguridad, Salud y Ambiente",
        "descripcion": "Gestión de seguridad ocupacional y sostenibilidad ambiental en entornos industriales.",
        "area": "seguridad industrial",
        "tipo": "profesional",
        "creditos_estimados": 3
      }
    ],
    "6": [
      {
        "nombre": "Diseño de Planta",
        "descripcion": "Diseño y distribución de instalaciones industriales considerando eficiencia y seguridad.",
        "area": "ingeniería industrial",
        "tipo": "profesional",
        "creditos_estimados": 4
      },
      {
        "nombre": "Logística y Transporte",
        "descripcion": "Gestión eficiente del transporte, almacenamiento y distribución de materiales y productos.",
        "area": "ingeniería industrial",
        "tipo": "profesional",
        "creditos_estimados": 4
      },
      {
        "nombre": "Control de Producción II",
        "descripcion": "Optimización de la planificación y control avanzado de operaciones industriales.",
        "area": "ingeniería industrial",
        "tipo": "profesional",
        "creditos_estimados": 4
      },
      {
        "nombre": "Desarrollo Sostenible",
        "descripcion": "Estrategias de sostenibilidad y economía circular aplicadas al entorno industrial.",
        "area": "medio ambiente",
        "tipo": "profesional",
        "creditos_estimados": 3
      },
      {
        "nombre": "Gestión por Procesos",
        "descripcion": "Diseño, documentación y mejora de procesos organizacionales.",
        "area": "gestión de proyectos",
        "tipo": "profesional",
        "creditos_estimados": 3
      }
    ],
    "7": [
      {
        "nombre": "Gestión de la Cadena de Suministro",
        "descripcion": "Planificación y gestión integral de la cadena de valor y suministro.",
        "area": "ingeniería industrial",
        "tipo": "profesional",
        "creditos_estimados": 4
      },
      {
        "nombre": "Simulación de Procesos",
        "descripcion": "Modelado y simulación de procesos productivos para la toma de decisiones.",
        "area": "computación",
        "tipo": "profesional",
        "creditos_estimados": 4
      },
      {
        "nombre": "Tecnologías Disruptivas",
        "descripcion": "Estudio de tecnologías emergentes como IA, IoT y automatización industrial.",
        "area": "tecnología e innovación",
        "tipo": "profesional",
        "creditos_estimados": 3
      },
      {
        "nombre": "Sistemas Integrados de Gestión",
        "descripcion": "Implementación de sistemas de gestión de calidad, medio ambiente y seguridad.",
        "area": "gestión de proyectos",
        "tipo": "profesional",
        "creditos_estimados": 4
      },
      {
        "nombre": "Prácticas Laborales",
        "descripcion": "Aplicación práctica de los conocimientos adquiridos en entornos industriales reales.",
        "area": "otras áreas",
        "tipo": "laboratorio",
        "creditos_estimados": 3
      }
    ],
    "8": [
      {
        "nombre": "Diseño y Desarrollo de Productos",
        "descripcion": "Proceso de diseño e innovación de nuevos productos industriales.",
        "area": "ingeniería industrial",
        "tipo": "profesional",
        "creditos_estimados": 3
      },
      {
        "nombre": "Proyecto de Titulación I",
        "descripcion": "Formulación y planificación del proyecto de investigación o innovación industrial.",
        "area": "investigación",
        "tipo": "investigación",
        "creditos_estimados": 2
      },
      {
        "nombre": "Proyecto de Titulación II",
        "descripcion": "Ejecución del proyecto final de titulación con aplicación de conocimientos técnicos.",
        "area": "investigación",
        "tipo": "investigación",
        "creditos_estimados": 5
      },
      {
        "nombre": "Prácticas de Servicio Comunitario",
        "descripcion": "Participación en proyectos sociales o comunitarios aplicados al desarrollo sostenible.",
        "area": "formación general",
        "tipo": "laboratorio",
        "creditos_estimados": 2
      }
    ]
  }
}
