{
  "universidad": "Universidad Espíritu Santo (UEES)",
  "carrera": "Ingeniería en Computación",
  "modalidad": "Presencial",
  "duracion_semestres": 8,
  "titulo": "Ingeniero/a en Computación",
  "malla_curricular": {
    "1": [
      {
        "nombre": "Matemáticas I",
        "descripcion": "Fundamentos del cálculo diferencial aplicados a problemas computacionales y físicos.",
        "area": "matemática y estadística",
        "tipo": "básica",
        "creditos_estimados": 5
      },
      {
        "nombre": "Física I",
        "descripcion": "Principios de mecánica clásica aplicados a la computación física y modelado de sistemas.",
        "area": "ciencias básicas",
        "tipo": "básica",
        "creditos_estimados": 4
      },
      {
        "nombre": "Fundamentos de Programación",
        "descripcion": "Introducción a los algoritmos, estructuras de control y fundamentos de la programación estructurada.",
        "area": "computación",
        "tipo": "básica",
        "creditos_estimados": 4
      },
      {
        "nombre": "Álgebra Lineal",
        "descripcion": "Aplicación de matrices y transformaciones lineales en gráficos, simulaciones y aprendizaje automático.",
        "area": "matemática y estadística",
        "tipo": "básica",
        "creditos_estimados": 4
      },
      {
        "nombre": "Ética",
        "descripcion": "Principios éticos y de responsabilidad profesional en el ámbito de la ingeniería y la tecnología.",
        "area": "formación general",
        "tipo": "básica",
        "creditos_estimados": 2
      }
    ],
    "2": [
      {
        "nombre": "Matemáticas II",
        "descripcion": "Cálculo integral y ecuaciones diferenciales aplicadas a simulaciones y análisis de datos.",
        "area": "matemática y estadística",
        "tipo": "básica",
        "creditos_estimados": 5
      },
      {
        "nombre": "Física II",
        "descripcion": "Electromagnetismo y fundamentos de ondas aplicados a hardware y comunicaciones.",
        "area": "ciencias básicas",
        "tipo": "básica",
        "creditos_estimados": 4
      },
      {
        "nombre": "Estructura de Datos",
        "descripcion": "Diseño y análisis de estructuras de datos para la optimización del almacenamiento y procesamiento.",
        "area": "computación",
        "tipo": "profesional",
        "creditos_estimados": 4
      },
      {
        "nombre": "Desarrollo Humano",
        "descripcion": "Fortalecimiento de habilidades sociales, liderazgo y trabajo en equipo en entornos tecnológicos.",
        "area": "formación general",
        "tipo": "básica",
        "creditos_estimados": 2
      },
      {
        "nombre": "Computación y Sociedad",
        "descripcion": "Análisis del impacto de las tecnologías digitales en la sociedad moderna.",
        "area": "formación general",
        "tipo": "básica",
        "creditos_estimados": 3
      }
    ],
    "3": [
      {
        "nombre": "Matemáticas III",
        "descripcion": "Aplicaciones del cálculo multivariable en modelado computacional y gráficos por computadora.",
        "area": "matemática y estadística",
        "tipo": "básica",
        "creditos_estimados": 4
      },
      {
        "nombre": "Probabilidad y Estadística",
        "descripcion": "Conceptos estadísticos aplicados a la inteligencia artificial y minería de datos.",
        "area": "matemática y estadística",
        "tipo": "básica",
        "creditos_estimados": 4
      },
      {
        "nombre": "Lógica Digital",
        "descripcion": "Diseño de circuitos digitales y fundamentos de hardware computacional.",
        "area": "ingeniería electrónica",
        "tipo": "profesional",
        "creditos_estimados": 4
      },
      {
        "nombre": "Programación Orientada a Objetos",
        "descripcion": "Diseño modular de software utilizando principios de encapsulación y herencia.",
        "area": "computación",
        "tipo": "profesional",
        "creditos_estimados": 4
      },
      {
        "nombre": "Comunicación e Imagen Profesional",
        "descripcion": "Habilidades comunicativas para entornos corporativos y tecnológicos.",
        "area": "formación general",
        "tipo": "básica",
        "creditos_estimados": 2
      }
    ],
    "4": [
      {
        "nombre": "Matemáticas Discretas",
        "descripcion": "Estudio de estructuras discretas aplicadas a algoritmos, grafos y criptografía.",
        "area": "matemática y estadística",
        "tipo": "básica",
        "creditos_estimados": 4
      },
      {
        "nombre": "Organización y Arquitectura de Computadoras",
        "descripcion": "Estructura y funcionamiento interno de los sistemas computacionales.",
        "area": "computación",
        "tipo": "profesional",
        "creditos_estimados": 4
      },
      {
        "nombre": "Base de Datos I",
        "descripcion": "Fundamentos del modelado y gestión de bases de datos relacionales.",
        "area": "computación",
        "tipo": "profesional",
        "creditos_estimados": 4
      },
      {
        "nombre": "Liderazgo, Emprendimiento e Innovación",
        "descripcion": "Desarrollo de competencias empresariales aplicadas al ámbito tecnológico.",
        "area": "formación general",
        "tipo": "básica",
        "creditos_estimados": 2
      },
      {
        "nombre": "Tecnologías Disruptivas",
        "descripcion": "Estudio de tecnologías emergentes como IA, IoT, blockchain y su impacto industrial.",
        "area": "tecnología e innovación",
        "tipo": "profesional",
        "creditos_estimados": 3
      }
    ],
    "5": [
      {
        "nombre": "Sistemas Operativos",
        "descripcion": "Conceptos, diseño y administración de sistemas operativos modernos.",
        "area": "computación",
        "tipo": "profesional",
        "creditos_estimados": 4
      },
      {
        "nombre": "Redes y Comunicaciones",
        "descripcion": "Principios y protocolos de redes de computadoras y transmisión de datos.",
        "area": "telecomunicaciones",
        "tipo": "profesional",
        "creditos_estimados": 4
      },
      {
        "nombre": "Base de Datos II",
        "descripcion": "Optimización y administración avanzada de bases de datos relacionales y distribuidas.",
        "area": "computación",
        "tipo": "profesional",
        "creditos_estimados": 4
      },
      {
        "nombre": "Ingeniería de Software I",
        "descripcion": "Ciclo de vida del software, análisis de requerimientos y diseño estructurado.",
        "area": "computación",
        "tipo": "profesional",
        "creditos_estimados": 4
      },
      {
        "nombre": "Desarrollo Sostenible",
        "descripcion": "Aplicación de la tecnología en la sostenibilidad y desarrollo económico responsable.",
        "area": "medio ambiente",
        "tipo": "básica",
        "creditos_estimados": 2
      }
    ],
    "6": [
      {
        "nombre": "Análisis de Algoritmos",
        "descripcion": "Diseño y análisis de eficiencia computacional de algoritmos.",
        "area": "computación",
        "tipo": "profesional",
        "creditos_estimados": 4
      },
      {
        "nombre": "Ingeniería de Software II",
        "descripcion": "Metodologías ágiles y gestión de proyectos de desarrollo de software.",
        "area": "computación",
        "tipo": "profesional",
        "creditos_estimados": 4
      },
      {
        "nombre": "Desarrollo y Aplicaciones Web",
        "descripcion": "Diseño y desarrollo de aplicaciones web modernas y escalables.",
        "area": "computación",
        "tipo": "profesional",
        "creditos_estimados": 4
      },
      {
        "nombre": "Lenguajes de Programación",
        "descripcion": "Análisis comparativo de paradigmas y lenguajes de programación.",
        "area": "computación",
        "tipo": "profesional",
        "creditos_estimados": 3
      },
      {
        "nombre": "Prácticas de Servicio Comunitario",
        "descripcion": "Aplicación del conocimiento tecnológico en proyectos con impacto social.",
        "area": "formación general",
        "tipo": "laboratorio",
        "creditos_estimados": 2
      }
    ],
    "7": [
      {
        "nombre": "Sistemas Inteligentes",
        "descripcion": "Diseño y aplicación de técnicas de inteligencia artificial y aprendizaje automático.",
        "area": "inteligencia artificial",
        "tipo": "profesional",
        "creditos_estimados": 4
      },
      {
        "nombre": "Procesamiento Masivo de Datos",
        "descripcion": "Técnicas de big data y análisis de grandes volúmenes de información.",
        "area": "computación",
        "tipo": "profesional",
        "creditos_estimados": 4
      },
      {
        "nombre": "Fundamentos de Computación Forense",
        "descripcion": "Principios y técnicas de investigación digital y ciberseguridad.",
        "area": "seguridad informática",
        "tipo": "profesional",
        "creditos_estimados": 3
      },
      {
        "nombre": "Ethical Hacking",
        "descripcion": "Pruebas de penetración y metodologías de defensa cibernética.",
        "area": "seguridad informática",
        "tipo": "profesional",
        "creditos_estimados": 3
      },
      {
        "nombre": "Prácticas Laborales",
        "descripcion": "Aplicación práctica en entornos laborales relacionados con el desarrollo y la infraestructura tecnológica.",
        "area": "otras áreas",
        "tipo": "laboratorio",
        "creditos_estimados": 3
      }
    ],
    "8": [
      {
        "nombre": "Sistemas Distribuidos",
        "descripcion": "Diseño y administración de sistemas distribuidos y computación en la nube.",
        "area": "computación",
        "tipo": "profesional",
        "creditos_estimados": 4
      },
      {
        "nombre": "Interacción Hombre-Máquina",
        "descripcion": "Diseño de interfaces centradas en el usuario y usabilidad de sistemas.",
        "area": "computación",
        "tipo": "profesional",
        "creditos_estimados": 3
      },
      {
        "nombre": "Proyecto de Titulación I",
        "descripcion": "Elaboración del anteproyecto de investigación o innovación tecnológica.",
        "area": "investigación",
        "tipo": "investigación",
        "creditos_estimados": 2
      },
      {
        "nombre": "Proyecto de Titulación II",
        "descripcion": "Desarrollo del trabajo de titulación aplicando conocimientos técnicos y científicos.",
        "area": "investigación",
        "tipo": "investigación",
        "creditos_estimados": 4
      }
    ]
  }
}
