{
  "universidad": "Universidad Espíritu Santo (UEES)",
  "carrera": "Ingeniería Ambiental",
  "modalidad": "Presencial",
  "duracion_semestres": 8,
  "titulo": "Ingeniero/a Ambiental",
  "malla_curricular": {
    "1": [
      {
        "nombre": "Matemáticas I",
        "descripcion": "Fundamentos del cálculo diferencial e integral aplicados a fenómenos naturales y ambientales.",
        "area": "matemática y estadística",
        "tipo": "básica",
        "creditos_estimados": 5
      },
      {
        "nombre": "Física I",
        "descripcion": "Principios de mecánica y energía aplicados a sistemas naturales y tecnológicos.",
        "area": "ciencias básicas",
        "tipo": "básica",
        "creditos_estimados": 4
      },
      {
        "nombre": "Química General",
        "descripcion": "Conceptos fundamentales de la química, estructura de la materia y reacciones relevantes para la ingeniería ambiental.",
        "area": "ciencias básicas",
        "tipo": "básica",
        "creditos_estimados": 4
      },
      {
        "nombre": "Fundamentos de Programación",
        "descripcion": "Introducción a la lógica de programación y su aplicación en la gestión y análisis de datos ambientales.",
        "area": "computación",
        "tipo": "básica",
        "creditos_estimados": 3
      },
      {
        "nombre": "Ética",
        "descripcion": "Estudio de los principios éticos y de responsabilidad social en la gestión ambiental.",
        "area": "formación general",
        "tipo": "básica",
        "creditos_estimados": 2
      }
    ],
    "2": [
      {
        "nombre": "Matemáticas II",
        "descripcion": "Cálculo integral y ecuaciones diferenciales aplicadas a procesos ambientales.",
        "area": "matemática y estadística",
        "tipo": "básica",
        "creditos_estimados": 5
      },
      {
        "nombre": "Física II",
        "descripcion": "Fenómenos de electricidad y magnetismo aplicados a la medición e instrumentación ambiental.",
        "area": "ciencias básicas",
        "tipo": "básica",
        "creditos_estimados": 4
      },
      {
        "nombre": "Química Analítica",
        "descripcion": "Métodos de análisis químico para la determinación de contaminantes en aire, agua y suelo.",
        "area": "ciencias básicas",
        "tipo": "profesional",
        "creditos_estimados": 4
      },
      {
        "nombre": "Biología General",
        "descripcion": "Principios de biología celular, genética y ecología en el contexto ambiental.",
        "area": "ciencias biológicas",
        "tipo": "básica",
        "creditos_estimados": 3
      },
      {
        "nombre": "Desarrollo Humano",
        "descripcion": "Fortalecimiento de habilidades interpersonales y conciencia social para el trabajo ambiental colaborativo.",
        "area": "formación general",
        "tipo": "básica",
        "creditos_estimados": 2
      }
    ],
    "3": [
      {
        "nombre": "Matemáticas III",
        "descripcion": "Métodos numéricos y análisis multivariable aplicados a modelos de predicción ambiental.",
        "area": "matemática y estadística",
        "tipo": "básica",
        "creditos_estimados": 4
      },
      {
        "nombre": "Geología",
        "descripcion": "Estudio de los procesos geológicos que influyen en la estructura y composición del suelo.",
        "area": "geociencias",
        "tipo": "profesional",
        "creditos_estimados": 3
      },
      {
        "nombre": "Microbiología Aplicada",
        "descripcion": "Aplicación de microorganismos en el tratamiento de residuos y la biorremediación.",
        "area": "ciencias biológicas",
        "tipo": "profesional",
        "creditos_estimados": 4
      },
      {
        "nombre": "Probabilidad y Estadística",
        "descripcion": "Análisis estadístico de datos ambientales para la toma de decisiones y modelado de riesgos.",
        "area": "matemática y estadística",
        "tipo": "básica",
        "creditos_estimados": 4
      },
      {
        "nombre": "Comunicación e Imagen Profesional",
        "descripcion": "Desarrollo de habilidades comunicativas para la divulgación y gestión ambiental.",
        "area": "formación general",
        "tipo": "básica",
        "creditos_estimados": 2
      }
    ],
    "4": [
      {
        "nombre": "Ecología Aplicada",
        "descripcion": "Relaciones entre organismos y su entorno enfocadas en la conservación de ecosistemas.",
        "area": "ciencias biológicas",
        "tipo": "profesional",
        "creditos_estimados": 4
      },
      {
        "nombre": "Balance de Materia y Energía",
        "descripcion": "Análisis y cuantificación de flujos de masa y energía en procesos ambientales y de ingeniería.",
        "area": "ingeniería ambiental",
        "tipo": "básica",
        "creditos_estimados": 4
      },
      {
        "nombre": "Manejo y Gestión del Agua",
        "descripcion": "Gestión integral de recursos hídricos, calidad del agua y sistemas de tratamiento.",
        "area": "ingeniería ambiental",
        "tipo": "profesional",
        "creditos_estimados": 4
      },
      {
        "nombre": "Liderazgo, Emprendimiento e Innovación",
        "descripcion": "Desarrollo de liderazgo y pensamiento innovador en el ámbito de la sostenibilidad.",
        "area": "formación general",
        "tipo": "básica",
        "creditos_estimados": 2
      },
      {
        "nombre": "Tecnologías Disruptivas",
        "descripcion": "Aplicación de tecnologías emergentes en monitoreo, modelado y gestión ambiental.",
        "area": "tecnología e innovación",
        "tipo": "profesional",
        "creditos_estimados": 3
      }
    ],
    "5": [
      {
        "nombre": "Diseño y Técnicas de Muestreo",
        "descripcion": "Metodologías de muestreo para la obtención de datos ambientales confiables.",
        "area": "ingeniería ambiental",
        "tipo": "profesional",
        "creditos_estimados": 3
      },
      {
        "nombre": "Estadística Multivariable",
        "descripcion": "Análisis estadístico avanzado aplicado a datos ambientales complejos.",
        "area": "matemática y estadística",
        "tipo": "profesional",
        "creditos_estimados": 4
      },
      {
        "nombre": "Sistemas de Información Geográfica",
        "descripcion": "Uso de herramientas SIG para el análisis espacial y modelado de variables ambientales.",
        "area": "computación",
        "tipo": "profesional",
        "creditos_estimados": 4
      },
      {
        "nombre": "Desarrollo Sostenible",
        "descripcion": "Estudio de los pilares del desarrollo sostenible y su integración en políticas públicas.",
        "area": "medio ambiente",
        "tipo": "profesional",
        "creditos_estimados": 3
      },
      {
        "nombre": "Electiva I",
        "descripcion": "Asignatura optativa orientada a fortalecer un área de especialización ambiental.",
        "area": "optativa",
        "tipo": "optativa",
        "creditos_estimados": 3
      }
    ],
    "6": [
      {
        "nombre": "Gestión de la Calidad del Aire",
        "descripcion": "Medición y control de emisiones atmosféricas y gestión de contaminantes aéreos.",
        "area": "ingeniería ambiental",
        "tipo": "profesional",
        "creditos_estimados": 4
      },
      {
        "nombre": "Legislación y Política Ambiental",
        "descripcion": "Normativa ambiental nacional e internacional aplicada a la gestión sostenible.",
        "area": "gestión ambiental",
        "tipo": "profesional",
        "creditos_estimados": 3
      },
      {
        "nombre": "Manejo y Conservación de Suelos",
        "descripcion": "Técnicas de preservación y recuperación de suelos degradados.",
        "area": "geociencias",
        "tipo": "profesional",
        "creditos_estimados": 3
      },
      {
        "nombre": "Electiva II",
        "descripcion": "Asignatura electiva de profundización en temas ambientales o de ingeniería aplicada.",
        "area": "optativa",
        "tipo": "optativa",
        "creditos_estimados": 3
      },
      {
        "nombre": "Prácticas de Servicio Comunitario",
        "descripcion": "Aplicación de conocimientos en proyectos sociales relacionados con el medio ambiente.",
        "area": "formación general",
        "tipo": "laboratorio",
        "creditos_estimados": 2
      }
    ],
    "7": [
      {
        "nombre": "Evaluación de Riesgo e Impacto Ambiental",
        "descripcion": "Metodologías para la evaluación, mitigación y monitoreo de impactos ambientales.",
        "area": "gestión ambiental",
        "tipo": "profesional",
        "creditos_estimados": 4
      },
      {
        "nombre": "Toxicología Ambiental",
        "descripcion": "Estudio de los efectos de contaminantes químicos sobre organismos y ecosistemas.",
        "area": "ciencias biológicas",
        "tipo": "profesional",
        "creditos_estimados": 4
      },
      {
        "nombre": "Gestión de Desechos y Residuos",
        "descripcion": "Planificación y aplicación de estrategias para el manejo y reciclaje de residuos sólidos y líquidos.",
        "area": "ingeniería ambiental",
        "tipo": "profesional",
        "creditos_estimados": 4
      },
      {
        "nombre": "Electiva III",
        "descripcion": "Materia optativa orientada a complementar la formación técnica o de investigación.",
        "area": "optativa",
        "tipo": "optativa",
        "creditos_estimados": 3
      },
      {
        "nombre": "Prácticas Laborales",
        "descripcion": "Experiencia profesional en instituciones o empresas del sector ambiental.",
        "area": "otras áreas",
        "tipo": "laboratorio",
        "creditos_estimados": 3
      }
    ],
    "8": [
      {
        "nombre": "Auditoría Ambiental",
        "descripcion": "Procedimientos de auditoría aplicados a sistemas de gestión ambiental.",
        "area": "gestión ambiental",
        "tipo": "profesional",
        "creditos_estimados": 3
      },
      {
        "nombre": "Ordenamiento Territorial",
        "descripcion": "Planificación territorial con enfoque en sostenibilidad ambiental y social.",
        "area": "gestión ambiental",
        "tipo": "profesional",
        "creditos_estimados": 4
      },
      {
        "nombre": "Restauración Ecológica",
        "descripcion": "Diseño e implementación de estrategias de recuperación de ecosistemas degradados.",
        "area": "ciencias biológicas",
        "tipo": "profesional",
        "creditos_estimados": 4
      },
      {
        "nombre": "Proyecto de Titulación I",
        "descripcion": "Formulación del anteproyecto de investigación o desarrollo tecnológico ambiental.",
        "area": "investigación",
        "tipo": "investigación",
        "creditos_estimados": 2
      },
      {
        "nombre": "Proyecto de Titulación II",
        "descripcion": "Ejecución del trabajo de titulación aplicando conocimientos científicos y técnicos.",
        "area": "investigación",
        "tipo": "investigación",
        "creditos_estimados": 4
      }
    ]
  }
}
