{
  "universidad": "Universidad Tecnológica Israel (UISRAEL)",
  "carrera": "Ingeniería en Sistemas de Información",
  "modalidad": "Semipresencial",
  "duracion_semestres": 9,
  "titulo": "Ingeniero/a en Sistemas de Información",
  "malla_curricular": {
    "1": [
      {
        "nombre": "Lectura Crítica",
        "descripcion": "Desarrollo de competencias analíticas y comprensión lectora de textos técnicos y académicos.",
        "area": "formación general",
        "tipo": "básica",
        "creditos_estimados": 3
      },
      {
        "nombre": "Matemática",
        "descripcion": "Fundamentos de álgebra y trigonometría aplicados a la ingeniería de sistemas.",
        "area": "matemática y estadística",
        "tipo": "básica",
        "creditos_estimados": 4
      },
      {
        "nombre": "Metodología de la Investigación",
        "descripcion": "Introducción a los métodos científicos para el desarrollo de proyectos de investigación.",
        "area": "formación general",
        "tipo": "básica",
        "creditos_estimados": 3
      },
      {
        "nombre": "Aplicaciones de las TIC",
        "descripcion": "Uso de herramientas informáticas en el aprendizaje y el entorno profesional.",
        "area": "tecnología y computación",
        "tipo": "básica",
        "creditos_estimados": 3
      },
      {
        "nombre": "Entorno Global, Ética y Sociedad",
        "descripcion": "Análisis del impacto de la tecnología en la sociedad desde una perspectiva ética y global.",
        "area": "formación humanística",
        "tipo": "básica",
        "creditos_estimados": 2
      }
    ],
    "2": [
      {
        "nombre": "Redacción Académica y Cultura",
        "descripcion": "Desarrollo de competencias de escritura formal y argumentativa en el contexto académico.",
        "area": "formación general",
        "tipo": "básica",
        "creditos_estimados": 3
      },
      {
        "nombre": "Estadística",
        "descripcion": "Fundamentos de estadística descriptiva e inferencial aplicados al análisis de datos.",
        "area": "matemática y estadística",
        "tipo": "básica",
        "creditos_estimados": 3
      },
      {
        "nombre": "Emprendimiento e Innovación",
        "descripcion": "Promoción del pensamiento emprendedor y la creación de soluciones tecnológicas innovadoras.",
        "area": "formación general",
        "tipo": "formación complementaria",
        "creditos_estimados": 2
      },
      {
        "nombre": "Fundamentos de Contabilidad",
        "descripcion": "Principios contables aplicados a la gestión tecnológica y empresarial.",
        "area": "gestión empresarial",
        "tipo": "básica",
        "creditos_estimados": 2
      },
      {
        "nombre": "Fundamentos de Economía",
        "descripcion": "Introducción a la economía y su relación con los entornos tecnológicos y productivos.",
        "area": "gestión empresarial",
        "tipo": "básica",
        "creditos_estimados": 2
      }
    ],
    "3": [
      {
        "nombre": "Redes de Datos I",
        "descripcion": "Conceptos básicos de redes de datos, comunicación y topologías de red.",
        "area": "redes y telecomunicaciones",
        "tipo": "profesional",
        "creditos_estimados": 3
      },
      {
        "nombre": "Matemática Superior I",
        "descripcion": "Cálculo diferencial e integral aplicado a la modelación de sistemas informáticos.",
        "area": "matemática y estadística",
        "tipo": "básica",
        "creditos_estimados": 4
      },
      {
        "nombre": "Fundamentos de Programación",
        "descripcion": "Principios de programación estructurada y algoritmos básicos.",
        "area": "programación",
        "tipo": "profesional",
        "creditos_estimados": 4
      },
      {
        "nombre": "Sistemas Operativos",
        "descripcion": "Estudio de la estructura, funciones y administración de los sistemas operativos.",
        "area": "sistemas y computación",
        "tipo": "profesional",
        "creditos_estimados": 3
      },
      {
        "nombre": "Física",
        "descripcion": "Conceptos básicos de mecánica, electricidad y magnetismo aplicados a sistemas electrónicos.",
        "area": "ciencias básicas",
        "tipo": "básica",
        "creditos_estimados": 2
      }
    ],
    "4": [
      {
        "nombre": "Sistemas de Información",
        "descripcion": "Análisis y diseño de sistemas de información orientados a procesos empresariales.",
        "area": "ingeniería de software",
        "tipo": "profesional",
        "creditos_estimados": 4
      },
      {
        "nombre": "Matemática Superior II",
        "descripcion": "Ecuaciones diferenciales y series aplicadas al modelado computacional.",
        "area": "matemática y estadística",
        "tipo": "básica",
        "creditos_estimados": 3
      },
      {
        "nombre": "Programación I",
        "descripcion": "Diseño modular de software aplicando principios de programación estructurada.",
        "area": "programación",
        "tipo": "profesional",
        "creditos_estimados": 3
      },
      {
        "nombre": "Electrónica e IoT",
        "descripcion": "Fundamentos de electrónica aplicada y desarrollo de soluciones IoT.",
        "area": "hardware y conectividad",
        "tipo": "profesional",
        "creditos_estimados": 3
      },
      {
        "nombre": "Diseño de Interfaces de Usuario",
        "descripcion": "Diseño centrado en el usuario, usabilidad y experiencia de interacción (UX/UI).",
        "area": "diseño de software",
        "tipo": "profesional",
        "creditos_estimados": 2
      }
    ],
    "5": [
      {
        "nombre": "Diseño de Procesos Distribuidos",
        "descripcion": "Diseño de arquitecturas distribuidas para sistemas escalables.",
        "area": "sistemas distribuidos",
        "tipo": "profesional",
        "creditos_estimados": 3
      },
      {
        "nombre": "Base de Datos I",
        "descripcion": "Modelado, normalización y gestión de bases de datos relacionales.",
        "area": "bases de datos",
        "tipo": "profesional",
        "creditos_estimados": 4
      },
      {
        "nombre": "Programación II",
        "descripcion": "Desarrollo de software aplicando el paradigma orientado a objetos.",
        "area": "programación",
        "tipo": "profesional",
        "creditos_estimados": 4
      },
      {
        "nombre": "Ingeniería de Software I",
        "descripcion": "Modelado de requerimientos, diseño estructurado y metodologías de desarrollo.",
        "area": "ingeniería de software",
        "tipo": "profesional",
        "creditos_estimados": 3
      },
      {
        "nombre": "Gestión Empresarial y Tecnología",
        "descripcion": "Gestión de procesos organizacionales apoyados en tecnologías de la información.",
        "area": "gestión tecnológica",
        "tipo": "profesional",
        "creditos_estimados": 2
      }
    ],
    "6": [
      {
        "nombre": "Redes de Datos II",
        "descripcion": "Diseño, configuración y administración de redes avanzadas.",
        "area": "redes y telecomunicaciones",
        "tipo": "profesional",
        "creditos_estimados": 3
      },
      {
        "nombre": "Base de Datos II",
        "descripcion": "Optimización, consultas avanzadas y bases de datos distribuidas.",
        "area": "bases de datos",
        "tipo": "profesional",
        "creditos_estimados": 4
      },
      {
        "nombre": "Desarrollo de Software I",
        "descripcion": "Implementación de soluciones empresariales con herramientas de desarrollo modernas.",
        "area": "ingeniería de software",
        "tipo": "profesional",
        "creditos_estimados": 4
      },
      {
        "nombre": "Ingeniería de Software II",
        "descripcion": "Aplicación de metodologías ágiles y pruebas de software.",
        "area": "ingeniería de software",
        "tipo": "profesional",
        "creditos_estimados": 3
      },
      {
        "nombre": "Administración de Proyectos de Tecnología",
        "descripcion": "Gestión integral de proyectos informáticos, tiempos, costos y recursos.",
        "area": "gestión de proyectos",
        "tipo": "profesional",
        "creditos_estimados": 2
      }
    ],
    "7": [
      {
        "nombre": "Seguridad de la Información",
        "descripcion": "Protección de datos y sistemas mediante estrategias de ciberseguridad.",
        "area": "seguridad informática",
        "tipo": "profesional",
        "creditos_estimados": 3
      },
      {
        "nombre": "Minería de Datos",
        "descripcion": "Procesamiento y análisis de grandes volúmenes de datos para la toma de decisiones.",
        "area": "analítica de datos",
        "tipo": "profesional",
        "creditos_estimados": 4
      },
      {
        "nombre": "Desarrollo de Software II",
        "descripcion": "Diseño e implementación de aplicaciones avanzadas web o multiplataforma.",
        "area": "ingeniería de software",
        "tipo": "profesional",
        "creditos_estimados": 4
      },
      {
        "nombre": "Microservicios",
        "descripcion": "Diseño de arquitecturas modulares y desacopladas para entornos distribuidos.",
        "area": "arquitectura de software",
        "tipo": "profesional",
        "creditos_estimados": 3
      },
      {
        "nombre": "Empresas de Base Tecnológica Sostenibles",
        "descripcion": "Modelos de negocio tecnológicos sostenibles e innovadores.",
        "area": "gestión empresarial",
        "tipo": "formación complementaria",
        "creditos_estimados": 2
      }
    ],
    "8": [
      {
        "nombre": "Auditoría Informática",
        "descripcion": "Revisión, control y aseguramiento de la calidad en sistemas informáticos.",
        "area": "seguridad y auditoría",
        "tipo": "profesional",
        "creditos_estimados": 3
      },
      {
        "nombre": "Inteligencia de Negocios",
        "descripcion": "Diseño de soluciones de BI para la toma de decisiones empresariales.",
        "area": "analítica de datos",
        "tipo": "profesional",
        "creditos_estimados": 3
      },
      {
        "nombre": "Desarrollo para Aplicaciones Móviles",
        "descripcion": "Diseño y programación de aplicaciones móviles multiplataforma.",
        "area": "desarrollo móvil",
        "tipo": "profesional",
        "creditos_estimados": 3
      },
      {
        "nombre": "Inteligencia Artificial",
        "descripcion": "Aplicación de algoritmos de IA y machine learning en soluciones informáticas.",
        "area": "inteligencia artificial",
        "tipo": "profesional",
        "creditos_estimados": 3
      },
      {
        "nombre": "Calidad de Software (QA)",
        "descripcion": "Implementación de procesos de aseguramiento y control de calidad en desarrollo.",
        "area": "ingeniería de software",
        "tipo": "profesional",
        "creditos_estimados": 2
      }
    ],
    "9": [
      {
        "nombre": "Sistematización de Contenidos Profesionales",
        "descripcion": "Documentación y análisis reflexivo de experiencias profesionales.",
        "area": "formación general",
        "tipo": "básica",
        "creditos_estimados": 2
      },
      {
        "nombre": "Tendencias Innovadoras de la Profesión",
        "descripcion": "Estudio de las tecnologías emergentes y su impacto en el campo profesional.",
        "area": "innovación tecnológica",
        "tipo": "profesional",
        "creditos_estimados": 3
      },
      {
        "nombre": "Transformación de Procesos",
        "descripcion": "Optimización de procesos mediante herramientas tecnológicas y automatización.",
        "area": "gestión tecnológica",
        "tipo": "profesional",
        "creditos_estimados": 3
      },
      {
        "nombre": "Trabajo de Titulación",
        "descripcion": "Desarrollo del proyecto final integrador para obtener el título de ingeniero.",
        "area": "investigación aplicada",
        "tipo": "investigación",
        "creditos_estimados": 4
      }
    ]
  }
}
