{
  "universidad": "Universidad Tecnológica Israel (UISRAEL)",
  "carrera": "Ingeniería en Informática",
  "modalidad": "En línea",
  "duracion_semestres": 8,
  "titulo": "Ingeniero/a en Informática",
  "malla_curricular": {
    "1": [
      {
        "nombre": "Lectura Crítica",
        "descripcion": "Desarrollo de habilidades analíticas y de comprensión lectora en textos académicos y técnicos.",
        "area": "formación general",
        "tipo": "básica",
        "creditos_estimados": 3
      },
      {
        "nombre": "Matemática",
        "descripcion": "Fundamentos de álgebra y trigonometría aplicados a la ingeniería y la informática.",
        "area": "matemática y estadística",
        "tipo": "básica",
        "creditos_estimados": 4
      },
      {
        "nombre": "Metodología de la Investigación",
        "descripcion": "Técnicas y métodos científicos aplicados a la elaboración de proyectos de investigación.",
        "area": "formación general",
        "tipo": "básica",
        "creditos_estimados": 3
      },
      {
        "nombre": "Aplicaciones de las TIC",
        "descripcion": "Uso de tecnologías de la información en entornos académicos y profesionales.",
        "area": "tecnología y computación",
        "tipo": "formación complementaria",
        "creditos_estimados": 3
      },
      {
        "nombre": "Entorno Global, Ética y Sociedad",
        "descripcion": "Reflexión sobre el impacto social y ético de la tecnología y la informática.",
        "area": "formación humanística",
        "tipo": "básica",
        "creditos_estimados": 2
      }
    ],
    "2": [
      {
        "nombre": "Redacción Académica y Cultura",
        "descripcion": "Desarrollo de habilidades de escritura académica con coherencia y rigor formal.",
        "area": "formación general",
        "tipo": "básica",
        "creditos_estimados": 3
      },
      {
        "nombre": "Estadística",
        "descripcion": "Conceptos de estadística descriptiva e inferencial aplicados a la informática.",
        "area": "matemática y estadística",
        "tipo": "básica",
        "creditos_estimados": 3
      },
      {
        "nombre": "Emprendimiento e Innovación",
        "descripcion": "Fomento de la creatividad y desarrollo de proyectos tecnológicos innovadores.",
        "area": "formación general",
        "tipo": "formación complementaria",
        "creditos_estimados": 2
      },
      {
        "nombre": "Fundamentos de Contabilidad",
        "descripcion": "Principios contables aplicados a la gestión tecnológica y empresarial.",
        "area": "gestión empresarial",
        "tipo": "básica",
        "creditos_estimados": 2
      },
      {
        "nombre": "Fundamentos de Economía",
        "descripcion": "Introducción a los principios económicos y su relación con la tecnología.",
        "area": "gestión empresarial",
        "tipo": "básica",
        "creditos_estimados": 2
      }
    ],
    "3": [
      {
        "nombre": "Redes de Datos I",
        "descripcion": "Principios básicos de comunicación de datos y configuración de redes.",
        "area": "redes y telecomunicaciones",
        "tipo": "profesional",
        "creditos_estimados": 3
      },
      {
        "nombre": "Cálculo",
        "descripcion": "Aplicación del cálculo diferencial e integral en problemas computacionales.",
        "area": "matemática y estadística",
        "tipo": "básica",
        "creditos_estimados": 4
      },
      {
        "nombre": "Fundamentos de Programación",
        "descripcion": "Diseño de algoritmos y estructuras básicas para la programación de software.",
        "area": "programación",
        "tipo": "básica",
        "creditos_estimados": 4
      },
      {
        "nombre": "Sistemas Operativos",
        "descripcion": "Conceptos de arquitectura y administración de sistemas operativos.",
        "area": "sistemas y computación",
        "tipo": "profesional",
        "creditos_estimados": 3
      },
      {
        "nombre": "Matemática Aplicada a Informática",
        "descripcion": "Modelos matemáticos utilizados en el análisis y resolución de problemas informáticos.",
        "area": "matemática y estadística",
        "tipo": "profesional",
        "creditos_estimados": 2
      }
    ],
    "4": [
      {
        "nombre": "Diseño de Procesos Distribuidos",
        "descripcion": "Modelado de arquitecturas distribuidas para aplicaciones en red.",
        "area": "sistemas distribuidos",
        "tipo": "profesional",
        "creditos_estimados": 3
      },
      {
        "nombre": "Bases de Datos I",
        "descripcion": "Diseño lógico y físico de bases de datos relacionales.",
        "area": "bases de datos",
        "tipo": "profesional",
        "creditos_estimados": 4
      },
      {
        "nombre": "Programación I",
        "descripcion": "Diseño y desarrollo de programas con estructuras de control y modularidad.",
        "area": "programación",
        "tipo": "profesional",
        "creditos_estimados": 3
      },
      {
        "nombre": "Electrónica e IoT",
        "descripcion": "Fundamentos de electrónica aplicada y desarrollo de soluciones IoT.",
        "area": "tecnología y hardware",
        "tipo": "profesional",
        "creditos_estimados": 3
      },
      {
        "nombre": "Diseño de Interfaces de Usuario",
        "descripcion": "Diseño de interfaces centradas en la experiencia del usuario (UX/UI).",
        "area": "diseño y experiencia de usuario",
        "tipo": "profesional",
        "creditos_estimados": 2
      }
    ],
    "5": [
      {
        "nombre": "Redes de Datos II",
        "descripcion": "Diseño e implementación de redes avanzadas y servicios de comunicación.",
        "area": "redes y telecomunicaciones",
        "tipo": "profesional",
        "creditos_estimados": 3
      },
      {
        "nombre": "Bases de Datos II",
        "descripcion": "Gestión avanzada de bases de datos y uso de SQL para entornos empresariales.",
        "area": "bases de datos",
        "tipo": "profesional",
        "creditos_estimados": 4
      },
      {
        "nombre": "Programación II",
        "descripcion": "Aplicación de paradigmas orientados a objetos y buenas prácticas de desarrollo.",
        "area": "programación",
        "tipo": "profesional",
        "creditos_estimados": 4
      },
      {
        "nombre": "Ingeniería de Software I",
        "descripcion": "Ciclo de vida del software, análisis y modelado de requisitos.",
        "area": "ingeniería de software",
        "tipo": "profesional",
        "creditos_estimados": 4
      },
      {
        "nombre": "Gestión Empresarial y Tecnología",
        "descripcion": "Gestión organizacional con apoyo de herramientas tecnológicas.",
        "area": "gestión tecnológica",
        "tipo": "profesional",
        "creditos_estimados": 2
      }
    ],
    "6": [
      {
        "nombre": "Seguridad de la Información",
        "descripcion": "Principios, estándares y prácticas para la protección de datos y sistemas.",
        "area": "seguridad informática",
        "tipo": "profesional",
        "creditos_estimados": 3
      },
      {
        "nombre": "Minería de Datos",
        "descripcion": "Procesos y algoritmos para la extracción de conocimiento de grandes volúmenes de datos.",
        "area": "analítica de datos",
        "tipo": "profesional",
        "creditos_estimados": 4
      },
      {
        "nombre": "Desarrollo de Software I",
        "descripcion": "Desarrollo de aplicaciones empresariales siguiendo metodologías ágiles.",
        "area": "ingeniería de software",
        "tipo": "profesional",
        "creditos_estimados": 4
      },
      {
        "nombre": "Ingeniería de Software II",
        "descripcion": "Diseño arquitectónico y pruebas de software de mediana y gran escala.",
        "area": "ingeniería de software",
        "tipo": "profesional",
        "creditos_estimados": 4
      },
      {
        "nombre": "Administración de Proyectos de Tecnología",
        "descripcion": "Gestión de proyectos informáticos desde su planificación hasta su ejecución.",
        "area": "gestión de proyectos",
        "tipo": "profesional",
        "creditos_estimados": 2
      }
    ],
    "7": [
      {
        "nombre": "Auditoría Informática",
        "descripcion": "Evaluación de controles, riesgos y seguridad de sistemas informáticos.",
        "area": "seguridad informática",
        "tipo": "profesional",
        "creditos_estimados": 3
      },
      {
        "nombre": "Inteligencia de Negocios",
        "descripcion": "Análisis y diseño de soluciones de BI para la toma de decisiones empresariales.",
        "area": "analítica de datos",
        "tipo": "profesional",
        "creditos_estimados": 3
      },
      {
        "nombre": "Desarrollo de Software II",
        "descripcion": "Implementación avanzada de aplicaciones web y de escritorio.",
        "area": "ingeniería de software",
        "tipo": "profesional",
        "creditos_estimados": 4
      },
      {
        "nombre": "Desarrollo para Aplicaciones Móviles",
        "descripcion": "Creación de aplicaciones móviles multiplataforma.",
        "area": "desarrollo móvil",
        "tipo": "profesional",
        "creditos_estimados": 3
      },
      {
        "nombre": "Inteligencia Artificial",
        "descripcion": "Aplicación de algoritmos y modelos de IA al desarrollo de software inteligente.",
        "area": "inteligencia artificial",
        "tipo": "profesional",
        "creditos_estimados": 3
      }
    ],
    "8": [
      {
        "nombre": "Sistematización de Contenidos Profesionales",
        "descripcion": "Análisis reflexivo de las experiencias de aprendizaje profesional.",
        "area": "formación general",
        "tipo": "básica",
        "creditos_estimados": 2
      },
      {
        "nombre": "Tendencias Innovadoras de la Profesión",
        "descripcion": "Estudio de las tendencias emergentes en informática y desarrollo tecnológico.",
        "area": "innovación tecnológica",
        "tipo": "profesional",
        "creditos_estimados": 3
      },
      {
        "nombre": "Transformación de Procesos",
        "descripcion": "Optimización de procesos organizacionales mediante el uso de TI.",
        "area": "gestión tecnológica",
        "tipo": "profesional",
        "creditos_estimados": 3
      },
      {
        "nombre": "Trabajo de Titulación",
        "descripcion": "Desarrollo del proyecto final integrador de la carrera.",
        "area": "investigación aplicada",
        "tipo": "investigación",
        "creditos_estimados": 4
      }
    ]
  }
}
