{
  "universidad": "Universidad Tecnológica Israel (UISRAEL)",
  "carrera": "Ingeniería en Electrónica y Automatización",
  "modalidad": "Semipresencial",
  "duracion_semestres": 8,
  "titulo": "Ingeniero/a en Electrónica y Automatización",
  "malla_curricular": {
    "1": [
      {
        "nombre": "Lectura Crítica",
        "descripcion": "Desarrollo de habilidades de comprensión lectora y análisis de textos académicos y técnicos.",
        "area": "formación general",
        "tipo": "básica",
        "creditos_estimados": 3
      },
      {
        "nombre": "Matemática",
        "descripcion": "Fundamentos de álgebra y trigonometría aplicados a problemas de ingeniería.",
        "area": "matemática y estadística",
        "tipo": "básica",
        "creditos_estimados": 4
      },
      {
        "nombre": "Metodología de la Investigación",
        "descripcion": "Técnicas y métodos científicos para el desarrollo de proyectos académicos.",
        "area": "formación general",
        "tipo": "básica",
        "creditos_estimados": 3
      },
      {
        "nombre": "Aplicaciones de las TIC",
        "descripcion": "Uso de herramientas tecnológicas en el ámbito académico y profesional.",
        "area": "tecnología y computación",
        "tipo": "formación complementaria",
        "creditos_estimados": 2
      },
      {
        "nombre": "Entorno Global, Ética y Sociedad",
        "descripcion": "Análisis del rol del ingeniero en contextos sociales, éticos y globales.",
        "area": "formación humanística",
        "tipo": "básica",
        "creditos_estimados": 2
      }
    ],
    "2": [
      {
        "nombre": "Redacción Académica y Cultura",
        "descripcion": "Producción de textos académicos con corrección formal y argumentativa.",
        "area": "formación general",
        "tipo": "básica",
        "creditos_estimados": 3
      },
      {
        "nombre": "Matemática Superior I",
        "descripcion": "Cálculo diferencial e integral aplicado a fenómenos físicos e ingenieriles.",
        "area": "matemática y estadística",
        "tipo": "básica",
        "creditos_estimados": 4
      },
      {
        "nombre": "Emprendimiento e Innovación",
        "descripcion": "Principios de creatividad, innovación y desarrollo de proyectos empresariales.",
        "area": "formación general",
        "tipo": "formación complementaria",
        "creditos_estimados": 2
      },
      {
        "nombre": "Fundamentos de Contabilidad",
        "descripcion": "Introducción a los principios contables aplicados a la gestión empresarial.",
        "area": "gestión empresarial",
        "tipo": "básica",
        "creditos_estimados": 2
      },
      {
        "nombre": "Fundamentos de Economía",
        "descripcion": "Conceptos básicos de microeconomía y macroeconomía aplicados a la industria.",
        "area": "gestión empresarial",
        "tipo": "básica",
        "creditos_estimados": 2
      }
    ],
    "3": [
      {
        "nombre": "Redes de Datos I",
        "descripcion": "Fundamentos de comunicación de datos y topologías de redes.",
        "area": "telecomunicaciones",
        "tipo": "profesional",
        "creditos_estimados": 3
      },
      {
        "nombre": "Matemática Superior II",
        "descripcion": "Cálculo vectorial y ecuaciones diferenciales aplicadas a sistemas físicos.",
        "area": "matemática y estadística",
        "tipo": "básica",
        "creditos_estimados": 4
      },
      {
        "nombre": "Fundamentos de Circuitos",
        "descripcion": "Análisis de circuitos eléctricos y sus aplicaciones básicas.",
        "area": "electrónica",
        "tipo": "profesional",
        "creditos_estimados": 3
      },
      {
        "nombre": "Física I",
        "descripcion": "Mecánica clásica aplicada a sistemas eléctricos y electrónicos.",
        "area": "ciencias básicas",
        "tipo": "básica",
        "creditos_estimados": 3
      },
      {
        "nombre": "Estadística y Procesos Estocásticos",
        "descripcion": "Aplicación de probabilidad y estadística al análisis de señales y sistemas.",
        "area": "matemática y estadística",
        "tipo": "profesional",
        "creditos_estimados": 3
      }
    ],
    "4": [
      {
        "nombre": "Redes de Datos II",
        "descripcion": "Protocolos de comunicación y configuración de redes LAN/WAN.",
        "area": "telecomunicaciones",
        "tipo": "profesional",
        "creditos_estimados": 3
      },
      {
        "nombre": "Electrónica I",
        "descripcion": "Componentes electrónicos básicos y análisis de circuitos semiconductores.",
        "area": "electrónica",
        "tipo": "profesional",
        "creditos_estimados": 3
      },
      {
        "nombre": "Circuitos Eléctricos",
        "descripcion": "Principios de circuitos en corriente alterna y directa.",
        "area": "electricidad",
        "tipo": "básica",
        "creditos_estimados": 3
      },
      {
        "nombre": "Física II",
        "descripcion": "Conceptos de electricidad, magnetismo y ondas aplicadas a la ingeniería.",
        "area": "ciencias básicas",
        "tipo": "básica",
        "creditos_estimados": 3
      },
      {
        "nombre": "Sistemas Electromecánicos",
        "descripcion": "Estudio de sistemas que combinan componentes eléctricos y mecánicos.",
        "area": "automatización",
        "tipo": "profesional",
        "creditos_estimados": 3
      }
    ],
    "5": [
      {
        "nombre": "Programación",
        "descripcion": "Principios de programación estructurada aplicados a sistemas de control.",
        "area": "computación y software",
        "tipo": "básica",
        "creditos_estimados": 3
      },
      {
        "nombre": "Electrónica II",
        "descripcion": "Diseño y análisis de circuitos electrónicos avanzados.",
        "area": "electrónica",
        "tipo": "profesional",
        "creditos_estimados": 3
      },
      {
        "nombre": "Sistemas Digitales",
        "descripcion": "Lógica digital y diseño de sistemas combinacionales y secuenciales.",
        "area": "electrónica digital",
        "tipo": "profesional",
        "creditos_estimados": 4
      },
      {
        "nombre": "Robótica",
        "descripcion": "Fundamentos de robótica y control de movimiento mediante actuadores y sensores.",
        "area": "automatización y robótica",
        "tipo": "profesional",
        "creditos_estimados": 4
      },
      {
        "nombre": "Sistemas de Automatización y Control Industrial",
        "descripcion": "Diseño e implementación de sistemas de automatización en procesos industriales.",
        "area": "control y automatización",
        "tipo": "profesional",
        "creditos_estimados": 4
      }
    ],
    "6": [
      {
        "nombre": "Desarrollo de Aplicaciones Móviles",
        "descripcion": "Creación de aplicaciones móviles con integración a sistemas electrónicos.",
        "area": "computación y software",
        "tipo": "profesional",
        "creditos_estimados": 3
      },
      {
        "nombre": "Electrónica de Potencia",
        "descripcion": "Conversión y control de energía eléctrica mediante dispositivos electrónicos.",
        "area": "electrónica",
        "tipo": "profesional",
        "creditos_estimados": 4
      },
      {
        "nombre": "Microcontroladores",
        "descripcion": "Programación y aplicación de microcontroladores en sistemas embebidos.",
        "area": "electrónica digital",
        "tipo": "profesional",
        "creditos_estimados": 4
      },
      {
        "nombre": "Domótica e Inmótica",
        "descripcion": "Automatización de edificios y sistemas inteligentes para el confort y la seguridad.",
        "area": "automatización",
        "tipo": "profesional",
        "creditos_estimados": 3
      },
      {
        "nombre": "Mantenimiento e Instalaciones Industriales",
        "descripcion": "Gestión del mantenimiento preventivo y predictivo en entornos industriales.",
        "area": "ingeniería industrial",
        "tipo": "profesional",
        "creditos_estimados": 3
      }
    ],
    "7": [
      {
        "nombre": "Procesamiento Digital de Señales",
        "descripcion": "Análisis y filtrado de señales en sistemas digitales.",
        "area": "electrónica",
        "tipo": "profesional",
        "creditos_estimados": 3
      },
      {
        "nombre": "Seguridad Industrial y Protección Ambiental",
        "descripcion": "Normativas de seguridad y sostenibilidad en entornos industriales.",
        "area": "seguridad y ambiente",
        "tipo": "profesional",
        "creditos_estimados": 2
      },
      {
        "nombre": "Proyectos de Integración de Electrónica y Automatización",
        "descripcion": "Desarrollo de proyectos integradores de control, instrumentación y electrónica.",
        "area": "automatización y control",
        "tipo": "profesional",
        "creditos_estimados": 4
      },
      {
        "nombre": "Automatización e Internet de las Cosas (IoT)",
        "descripcion": "Aplicación de tecnologías IoT en la automatización industrial y doméstica.",
        "area": "tecnología e innovación",
        "tipo": "profesional",
        "creditos_estimados": 4
      },
      {
        "nombre": "Redes Industriales y Sistemas SCADA",
        "descripcion": "Diseño e implementación de redes industriales y sistemas SCADA para monitoreo.",
        "area": "automatización industrial",
        "tipo": "profesional",
        "creditos_estimados": 4
      }
    ],
    "8": [
      {
        "nombre": "Tendencias Innovadoras de la Profesión",
        "descripcion": "Estudio de las tecnologías emergentes en electrónica y automatización.",
        "area": "innovación tecnológica",
        "tipo": "profesional",
        "creditos_estimados": 3
      },
      {
        "nombre": "Sistematización de Contenidos Profesionales",
        "descripcion": "Análisis y documentación de experiencias profesionales en el campo técnico.",
        "area": "formación general",
        "tipo": "básica",
        "creditos_estimados": 2
      },
      {
        "nombre": "Transformación de Procesos",
        "descripcion": "Optimización de procesos productivos mediante automatización y control.",
        "area": "automatización industrial",
        "tipo": "profesional",
        "creditos_estimados": 3
      },
      {
        "nombre": "Trabajo de Titulación",
        "descripcion": "Desarrollo del proyecto final integrador de carrera.",
        "area": "investigación",
        "tipo": "investigación",
        "creditos_estimados": 4
      }
    ]
  }
}
