{
  "universidad": "Universidad Tecnológica Israel (UISRAEL)",
  "carrera": "Ingeniería en Telecomunicaciones",
  "modalidad": "En línea",
  "duracion_semestres": 9,
  "titulo": "Ingeniero/a en Telecomunicaciones",
  "malla_curricular": {
    "1": [
      {
        "nombre": "Lectura Crítica",
        "descripcion": "Desarrollo de habilidades analíticas y comprensión lectora en textos técnicos y académicos.",
        "area": "formación general",
        "tipo": "básica",
        "creditos_estimados": 3
      },
      {
        "nombre": "Matemática",
        "descripcion": "Fundamentos de álgebra, trigonometría y cálculo aplicados a la ingeniería.",
        "area": "matemática y estadística",
        "tipo": "básica",
        "creditos_estimados": 4
      },
      {
        "nombre": "Metodología de la Investigación",
        "descripcion": "Métodos científicos aplicados a la elaboración de proyectos de investigación.",
        "area": "formación general",
        "tipo": "básica",
        "creditos_estimados": 3
      },
      {
        "nombre": "Aplicaciones de las TIC",
        "descripcion": "Uso de herramientas digitales en el ámbito académico y profesional.",
        "area": "tecnología y computación",
        "tipo": "formación complementaria",
        "creditos_estimados": 3
      },
      {
        "nombre": "Entorno Global, Ética y Sociedad",
        "descripcion": "Reflexión sobre la ética y el impacto social de las tecnologías de comunicación.",
        "area": "formación humanística",
        "tipo": "básica",
        "creditos_estimados": 2
      }
    ],
    "2": [
      {
        "nombre": "Redacción Académica y Cultura",
        "descripcion": "Desarrollo de competencias de escritura técnica y académica.",
        "area": "formación general",
        "tipo": "básica",
        "creditos_estimados": 3
      },
      {
        "nombre": "Estadística",
        "descripcion": "Aplicación de métodos estadísticos al análisis de datos en telecomunicaciones.",
        "area": "matemática y estadística",
        "tipo": "básica",
        "creditos_estimados": 3
      },
      {
        "nombre": "Emprendimiento e Innovación",
        "descripcion": "Desarrollo de proyectos innovadores con enfoque tecnológico y social.",
        "area": "formación general",
        "tipo": "formación complementaria",
        "creditos_estimados": 2
      },
      {
        "nombre": "Fundamentos de Contabilidad",
        "descripcion": "Conceptos contables básicos aplicados a la gestión empresarial tecnológica.",
        "area": "gestión empresarial",
        "tipo": "básica",
        "creditos_estimados": 2
      },
      {
        "nombre": "Fundamentos de Economía",
        "descripcion": "Introducción a la economía y su relación con la industria de telecomunicaciones.",
        "area": "gestión empresarial",
        "tipo": "básica",
        "creditos_estimados": 2
      }
    ],
    "3": [
      {
        "nombre": "Redes de Datos I",
        "descripcion": "Principios de redes de datos y comunicación digital.",
        "area": "telecomunicaciones",
        "tipo": "profesional",
        "creditos_estimados": 3
      },
      {
        "nombre": "Matemática Superior I",
        "descripcion": "Cálculo diferencial e integral aplicado a sistemas de comunicación.",
        "area": "matemática y estadística",
        "tipo": "básica",
        "creditos_estimados": 4
      },
      {
        "nombre": "Fundamentos de Programación",
        "descripcion": "Desarrollo de algoritmos y estructuras de control aplicadas a la ingeniería.",
        "area": "programación",
        "tipo": "básica",
        "creditos_estimados": 3
      },
      {
        "nombre": "Sistemas Operativos",
        "descripcion": "Arquitectura, funciones y gestión de sistemas operativos en entornos de red.",
        "area": "sistemas y computación",
        "tipo": "profesional",
        "creditos_estimados": 3
      },
      {
        "nombre": "Física I",
        "descripcion": "Fundamentos de mecánica y electricidad aplicados a circuitos y ondas.",
        "area": "ciencias básicas",
        "tipo": "básica",
        "creditos_estimados": 3
      }
    ],
    "4": [
      {
        "nombre": "Redes de Datos II",
        "descripcion": "Diseño y administración de redes LAN y WAN.",
        "area": "telecomunicaciones",
        "tipo": "profesional",
        "creditos_estimados": 3
      },
      {
        "nombre": "Matemática Superior II",
        "descripcion": "Ecuaciones diferenciales y transformadas aplicadas a señales eléctricas.",
        "area": "matemática y estadística",
        "tipo": "básica",
        "creditos_estimados": 3
      },
      {
        "nombre": "Programación",
        "descripcion": "Desarrollo de software de propósito general para aplicaciones de red.",
        "area": "programación",
        "tipo": "profesional",
        "creditos_estimados": 3
      },
      {
        "nombre": "Fundamentos de Circuitos",
        "descripcion": "Análisis de circuitos eléctricos en corriente continua y alterna.",
        "area": "electrónica",
        "tipo": "profesional",
        "creditos_estimados": 3
      },
      {
        "nombre": "Física II",
        "descripcion": "Fenómenos ondulatorios, electromagnetismo y propagación de señales.",
        "area": "ciencias básicas",
        "tipo": "básica",
        "creditos_estimados": 2
      }
    ],
    "5": [
      {
        "nombre": "Redes de Datos III",
        "descripcion": "Implementación de redes avanzadas y protocolos de comunicación.",
        "area": "telecomunicaciones",
        "tipo": "profesional",
        "creditos_estimados": 3
      },
      {
        "nombre": "Procesos Estocásticos",
        "descripcion": "Análisis probabilístico aplicado al tráfico de datos y señales.",
        "area": "matemática y estadística",
        "tipo": "profesional",
        "creditos_estimados": 3
      },
      {
        "nombre": "Microcontroladores",
        "descripcion": "Programación y uso de microcontroladores en sistemas de telecomunicación.",
        "area": "electrónica y control",
        "tipo": "profesional",
        "creditos_estimados": 3
      },
      {
        "nombre": "Electrónica I",
        "descripcion": "Componentes, leyes y análisis de circuitos electrónicos básicos.",
        "area": "electrónica",
        "tipo": "profesional",
        "creditos_estimados": 3
      },
      {
        "nombre": "Circuitos Eléctricos",
        "descripcion": "Teoría y práctica de circuitos eléctricos en corriente alterna.",
        "area": "electricidad",
        "tipo": "básica",
        "creditos_estimados": 2
      }
    ],
    "6": [
      {
        "nombre": "Redes de Datos IV",
        "descripcion": "Diseño de redes convergentes y tecnologías de comunicación óptica.",
        "area": "telecomunicaciones",
        "tipo": "profesional",
        "creditos_estimados": 3
      },
      {
        "nombre": "Procesamiento Digital de Señales",
        "descripcion": "Análisis y filtrado de señales digitales en sistemas de comunicación.",
        "area": "electrónica y señal",
        "tipo": "profesional",
        "creditos_estimados": 4
      },
      {
        "nombre": "Propagación y Antenas",
        "descripcion": "Teoría y diseño de antenas para sistemas de radiocomunicación.",
        "area": "telecomunicaciones",
        "tipo": "profesional",
        "creditos_estimados": 4
      },
      {
        "nombre": "Electrónica II",
        "descripcion": "Amplificadores, osciladores y dispositivos semiconductores aplicados a telecomunicaciones.",
        "area": "electrónica",
        "tipo": "profesional",
        "creditos_estimados": 3
      },
      {
        "nombre": "Sistemas Digitales",
        "descripcion": "Diseño lógico y arquitectura digital aplicada a sistemas embebidos.",
        "area": "electrónica digital",
        "tipo": "profesional",
        "creditos_estimados": 3
      }
    ],
    "7": [
      {
        "nombre": "Servicio de Telefonía Fija y Móvil Avanzado",
        "descripcion": "Infraestructura y protocolos de telefonía fija, móvil y VoIP.",
        "area": "telecomunicaciones",
        "tipo": "profesional",
        "creditos_estimados": 4
      },
      {
        "nombre": "Sistemas de Automatización y Control",
        "descripcion": "Principios de control automático aplicados a sistemas de telecomunicación.",
        "area": "automatización",
        "tipo": "profesional",
        "creditos_estimados": 3
      },
      {
        "nombre": "Sistemas TX/RX Inalámbricos",
        "descripcion": "Diseño y funcionamiento de transmisores y receptores inalámbricos.",
        "area": "telecomunicaciones",
        "tipo": "profesional",
        "creditos_estimados": 4
      },
      {
        "nombre": "Comunicaciones I",
        "descripcion": "Análisis de sistemas analógicos y digitales de transmisión de datos.",
        "area": "comunicaciones",
        "tipo": "profesional",
        "creditos_estimados": 3
      },
      {
        "nombre": "Mantenimiento e Instalaciones Industriales",
        "descripcion": "Gestión del mantenimiento de equipos y redes industriales.",
        "area": "ingeniería industrial",
        "tipo": "profesional",
        "creditos_estimados": 2
      }
    ],
    "8": [
      {
        "nombre": "Integración de las Comunicaciones Satelitales",
        "descripcion": "Diseño y gestión de sistemas de comunicación vía satélite.",
        "area": "telecomunicaciones espaciales",
        "tipo": "profesional",
        "creditos_estimados": 4
      },
      {
        "nombre": "Televisión Digital",
        "descripcion": "Principios de transmisión, codificación y recepción en televisión digital.",
        "area": "multimedia y comunicación",
        "tipo": "profesional",
        "creditos_estimados": 2
      },
      {
        "nombre": "Sistemas de Transmisión de Datos Digitales",
        "descripcion": "Técnicas de modulación, multiplexación y codificación de señales digitales.",
        "area": "comunicaciones digitales",
        "tipo": "profesional",
        "creditos_estimados": 3
      },
      {
        "nombre": "Comunicaciones II",
        "descripcion": "Análisis avanzado de redes de comunicación y protocolos modernos.",
        "area": "telecomunicaciones",
        "tipo": "profesional",
        "creditos_estimados": 3
      },
      {
        "nombre": "Proyectos de Integración de Electrónica y Telecomunicaciones",
        "descripcion": "Diseño e implementación de proyectos integradores en comunicación y electrónica.",
        "area": "automatización y control",
        "tipo": "investigación aplicada",
        "creditos_estimados": 3
      }
    ],
    "9": [
      {
        "nombre": "Tendencias Innovadoras de la Profesión",
        "descripcion": "Estudio de las innovaciones tecnológicas actuales en telecomunicaciones.",
        "area": "innovación tecnológica",
        "tipo": "profesional",
        "creditos_estimados": 3
      },
      {
        "nombre": "Sistematización de Contenidos Profesionales",
        "descripcion": "Reflexión y documentación de experiencias de aprendizaje profesional.",
        "area": "formación general",
        "tipo": "básica",
        "creditos_estimados": 2
      },
      {
        "nombre": "Transformación de Procesos",
        "descripcion": "Optimización de procesos y operaciones mediante tecnologías de comunicación.",
        "area": "gestión tecnológica",
        "tipo": "profesional",
        "creditos_estimados": 3
      },
      {
        "nombre": "Trabajo de Titulación",
        "descripcion": "Desarrollo del proyecto final integrador de la carrera.",
        "area": "investigación",
        "tipo": "investigación",
        "creditos_estimados": 4
      }
    ]
  }
}
