{
  "universidad": "Universidad Tecnológica Equinoccial (UTE)",
  "carrera": "Ingeniería Automotriz",
  "modalidad": "Presencial",
  "duracion_semestres": 8,
  "titulo": "Ingeniero/a Automotriz",
  "malla_curricular": {
    "1": [
      {
        "nombre": "Física General",
        "descripcion": "Fundamentos de la mecánica clásica, energía y movimiento aplicados al estudio de vehículos.",
        "area": "ciencias básicas",
        "tipo": "básica",
        "creditos_estimados": 5
      },
      {
        "nombre": "Cálculo Diferencial",
        "descripcion": "Estudio de derivadas y sus aplicaciones en problemas de ingeniería y diseño automotriz.",
        "area": "matemática",
        "tipo": "básica",
        "creditos_estimados": 5
      },
      {
        "nombre": "Álgebra Lineal y Geometría Analítica",
        "descripcion": "Aplicación de vectores, matrices y geometría en el análisis de estructuras y sistemas mecánicos.",
        "area": "matemática",
        "tipo": "básica",
        "creditos_estimados": 4
      },
      {
        "nombre": "Química General e Inorgánica",
        "descripcion": "Propiedades de los materiales, reacciones químicas y su aplicación en ingeniería automotriz.",
        "area": "ciencias básicas",
        "tipo": "básica",
        "creditos_estimados": 4
      },
      {
        "nombre": "Expresión Oral y Escrita",
        "descripcion": "Desarrollo de habilidades de comunicación técnica, oral y escrita en entornos profesionales.",
        "area": "formación general",
        "tipo": "básica",
        "creditos_estimados": 3
      }
    ],
    "2": [
      {
        "nombre": "Termodinámica",
        "descripcion": "Principios de la termodinámica aplicados al funcionamiento de motores y sistemas térmicos.",
        "area": "energía y termodinámica",
        "tipo": "profesional",
        "creditos_estimados": 5
      },
      {
        "nombre": "Cálculo Integral",
        "descripcion": "Uso de integrales definidas e indefinidas en el análisis de procesos de ingeniería.",
        "area": "matemática aplicada",
        "tipo": "básica",
        "creditos_estimados": 5
      },
      {
        "nombre": "Cálculo Vectorial",
        "descripcion": "Análisis de campos vectoriales aplicados a fluidos y electromagnetismo.",
        "area": "matemática avanzada",
        "tipo": "básica",
        "creditos_estimados": 4
      },
      {
        "nombre": "Ciencia de los Materiales",
        "descripcion": "Estudio de las propiedades mecánicas y térmicas de los materiales utilizados en vehículos.",
        "area": "materiales y manufactura",
        "tipo": "profesional",
        "creditos_estimados": 4
      },
      {
        "nombre": "Fundamentos de Programación",
        "descripcion": "Introducción a la programación orientada a objetos aplicada a problemas de ingeniería.",
        "area": "computación aplicada",
        "tipo": "profesional",
        "creditos_estimados": 3
      }
    ],
    "3": [
      {
        "nombre": "Transferencia de Calor",
        "descripcion": "Estudio de los mecanismos de conducción, convección y radiación del calor en sistemas automotrices.",
        "area": "energía y termodinámica",
        "tipo": "profesional",
        "creditos_estimados": 5
      },
      {
        "nombre": "Ecuaciones Diferenciales",
        "descripcion": "Modelado matemático de sistemas dinámicos de ingeniería mediante ecuaciones diferenciales.",
        "area": "matemática aplicada",
        "tipo": "básica",
        "creditos_estimados": 5
      },
      {
        "nombre": "Probabilidad y Estadística",
        "descripcion": "Aplicación de herramientas estadísticas en la evaluación de procesos mecánicos y de calidad.",
        "area": "matemática aplicada",
        "tipo": "básica",
        "creditos_estimados": 4
      },
      {
        "nombre": "Mecanismos",
        "descripcion": "Estudio del movimiento relativo entre componentes mecánicos en sistemas automotrices.",
        "area": "mecánica",
        "tipo": "profesional",
        "creditos_estimados": 4
      },
      {
        "nombre": "Dibujo y Modelado de Elementos Mecánicos",
        "descripcion": "Técnicas de dibujo asistido por computadora (CAD) aplicadas al diseño mecánico.",
        "area": "diseño y modelado",
        "tipo": "profesional",
        "creditos_estimados": 4
      }
    ],
    "4": [
      {
        "nombre": "Motores de Combustión Interna",
        "descripcion": "Principios de operación, análisis termodinámico y diagnóstico de motores de combustión interna.",
        "area": "motores y sistemas de energía",
        "tipo": "profesional",
        "creditos_estimados": 5
      },
      {
        "nombre": "Mecánica de Fluidos",
        "descripcion": "Comportamiento de fluidos y su aplicación en sistemas hidráulicos y aerodinámicos.",
        "area": "mecánica de fluidos",
        "tipo": "profesional",
        "creditos_estimados": 5
      },
      {
        "nombre": "Electricidad Automotriz",
        "descripcion": "Fundamentos de electricidad y sistemas eléctricos automotrices.",
        "area": "electrónica automotriz",
        "tipo": "profesional",
        "creditos_estimados": 4
      },
      {
        "nombre": "Estática y Dinámica",
        "descripcion": "Análisis del equilibrio y movimiento de cuerpos rígidos en sistemas mecánicos.",
        "area": "mecánica",
        "tipo": "profesional",
        "creditos_estimados": 4
      },
      {
        "nombre": "Seguridad y Salud Ocupacional",
        "descripcion": "Normas y prácticas de seguridad aplicadas al entorno automotriz e industrial.",
        "area": "prevención de riesgos",
        "tipo": "formación complementaria",
        "creditos_estimados": 3
      }
    ],
    "5": [
      {
        "nombre": "Fundamentos de Combustión",
        "descripcion": "Análisis de procesos de combustión y generación de energía en sistemas automotrices.",
        "area": "energía y termodinámica",
        "tipo": "profesional",
        "creditos_estimados": 4
      },
      {
        "nombre": "Hidráulica y Neumática",
        "descripcion": "Estudio y diseño de sistemas hidráulicos y neumáticos aplicados al control vehicular.",
        "area": "sistemas hidráulicos",
        "tipo": "profesional",
        "creditos_estimados": 5
      },
      {
        "nombre": "Electrónica",
        "descripcion": "Principios de electrónica analógica y digital aplicados a la ingeniería automotriz.",
        "area": "electrónica",
        "tipo": "profesional",
        "creditos_estimados": 4
      },
      {
        "nombre": "Máquinas Herramientas",
        "descripcion": "Operación y mantenimiento de equipos de manufactura y mecanizado.",
        "area": "manufactura",
        "tipo": "profesional",
        "creditos_estimados": 4
      },
      {
        "nombre": "Diseño de Elementos de Máquinas",
        "descripcion": "Diseño y análisis de componentes mecánicos utilizados en sistemas automotrices.",
        "area": "diseño mecánico",
        "tipo": "profesional",
        "creditos_estimados": 4
      }
    ],
    "6": [
      {
        "nombre": "Sistemas de Inyección de Combustible",
        "descripcion": "Funcionamiento, diagnóstico y mantenimiento de sistemas de inyección modernos.",
        "area": "motores y combustibles",
        "tipo": "profesional",
        "creditos_estimados": 4
      },
      {
        "nombre": "Sistemas de Transmisión de Potencia",
        "descripcion": "Análisis de sistemas de transmisión mecánica, automática y diferencial.",
        "area": "mecánica automotriz",
        "tipo": "profesional",
        "creditos_estimados": 4
      },
      {
        "nombre": "Autotrónica",
        "descripcion": "Integración de sistemas electrónicos y de control en vehículos modernos.",
        "area": "electrónica automotriz",
        "tipo": "profesional",
        "creditos_estimados": 4
      },
      {
        "nombre": "Sistemas de Mantenimiento Automotriz",
        "descripcion": "Gestión, planificación y ejecución del mantenimiento preventivo y correctivo de vehículos.",
        "area": "mantenimiento automotriz",
        "tipo": "profesional",
        "creditos_estimados": 4
      },
      {
        "nombre": "Sistemas Automotrices I",
        "descripcion": "Estudio integral de los sistemas de dirección, frenos y suspensión.",
        "area": "sistemas automotrices",
        "tipo": "profesional",
        "creditos_estimados": 4
      }
    ],
    "7": [
      {
        "nombre": "Maquinaria Pesada",
        "descripcion": "Análisis y mantenimiento de maquinaria pesada y sistemas de potencia industrial.",
        "area": "ingeniería automotriz",
        "tipo": "profesional",
        "creditos_estimados": 4
      },
      {
        "nombre": "Sistemas Automotrices II",
        "descripcion": "Diagnóstico avanzado y control electrónico de sistemas automotrices.",
        "area": "sistemas automotrices",
        "tipo": "profesional",
        "creditos_estimados": 4
      },
      {
        "nombre": "Problemas Contemporáneos",
        "descripcion": "Estudio de temas éticos, tecnológicos y sociales en el contexto global actual.",
        "area": "formación humanística",
        "tipo": "formación general",
        "creditos_estimados": 3
      },
      {
        "nombre": "Innovación y Emprendimiento",
        "descripcion": "Desarrollo de habilidades para la creación e innovación en el sector automotriz.",
        "area": "gestión e innovación",
        "tipo": "formación complementaria",
        "creditos_estimados": 3
      },
      {
        "nombre": "Preparación de Motores",
        "descripcion": "Técnicas avanzadas de ajuste y mejora del rendimiento de motores.",
        "area": "motores y energía",
        "tipo": "profesional",
        "creditos_estimados": 4
      }
    ],
    "8": [
      {
        "nombre": "Ingeniería de Vehículos",
        "descripcion": "Diseño, análisis y desarrollo de vehículos automotores.",
        "area": "ingeniería automotriz",
        "tipo": "profesional",
        "creditos_estimados": 5
      },
      {
        "nombre": "Gestión Ambiental",
        "descripcion": "Principios de sostenibilidad y gestión ambiental aplicados al sector automotriz.",
        "area": "medio ambiente",
        "tipo": "formación complementaria",
        "creditos_estimados": 3
      },
      {
        "nombre": "Diseño y Gestión de Proyectos",
        "descripcion": "Metodologías para la planificación y ejecución de proyectos de ingeniería.",
        "area": "gestión de proyectos",
        "tipo": "profesional",
        "creditos_estimados": 4
      },
      {
        "nombre": "Vehículos Híbridos y Eléctricos",
        "descripcion": "Principios de operación, mantenimiento y diagnóstico de vehículos eléctricos e híbridos.",
        "area": "energías alternativas",
        "tipo": "profesional",
        "creditos_estimados": 4
      },
      {
        "nombre": "Seminario de Integración Curricular",
        "descripcion": "Proyecto integrador final que articula los conocimientos adquiridos a lo largo de la carrera.",
        "area": "investigación aplicada",
        "tipo": "integración curricular",
        "creditos_estimados": 5
      }
    ]
  }
}
