{
  "universidad": "Universidad Tecnológica Equinoccial (UTE)",
  "carrera": "Ingeniería en Alimentos",
  "modalidad": "Presencial",
  "duracion_semestres": 8,
  "titulo": "Ingeniero/a en Alimentos",
  "malla_curricular": {
    "1": [
      {
        "nombre": "Física General",
        "descripcion": "Principios fundamentales de la física aplicados a los procesos de ingeniería alimentaria.",
        "area": "ciencias básicas",
        "tipo": "básica",
        "creditos_estimados": 4
      },
      {
        "nombre": "Química General e Inorgánica",
        "descripcion": "Fundamentos químicos sobre la estructura de la materia, reacciones y propiedades de los elementos.",
        "area": "ciencias químicas",
        "tipo": "básica",
        "creditos_estimados": 4
      },
      {
        "nombre": "Álgebra Lineal y Geometría Analítica",
        "descripcion": "Aplicación de herramientas matemáticas en la resolución de problemas de ingeniería.",
        "area": "matemática",
        "tipo": "básica",
        "creditos_estimados": 4
      },
      {
        "nombre": "Cálculo Diferencial",
        "descripcion": "Conceptos de derivación y su aplicación en procesos físicos y químicos.",
        "area": "matemática aplicada",
        "tipo": "básica",
        "creditos_estimados": 4
      },
      {
        "nombre": "Expresión Oral y Escrita",
        "descripcion": "Desarrollo de habilidades comunicativas en contextos académicos y profesionales.",
        "area": "formación general",
        "tipo": "formación complementaria",
        "creditos_estimados": 3
      }
    ],
    "2": [
      {
        "nombre": "Termodinámica",
        "descripcion": "Principios de la termodinámica aplicados a procesos de conservación y transformación de alimentos.",
        "area": "energía y termodinámica",
        "tipo": "profesional",
        "creditos_estimados": 4
      },
      {
        "nombre": "Química Orgánica",
        "descripcion": "Estudio de los compuestos del carbono y su relevancia en la industria alimentaria.",
        "area": "ciencias químicas",
        "tipo": "básica",
        "creditos_estimados": 4
      },
      {
        "nombre": "Cálculo Vectorial",
        "descripcion": "Análisis de campos vectoriales aplicados a la transferencia de calor y masa.",
        "area": "matemática avanzada",
        "tipo": "básica",
        "creditos_estimados": 4
      },
      {
        "nombre": "Cálculo Integral",
        "descripcion": "Integrales definidas e indefinidas y su aplicación en balances de energía.",
        "area": "matemática aplicada",
        "tipo": "básica",
        "creditos_estimados": 4
      },
      {
        "nombre": "Introducción a la Programación",
        "descripcion": "Fundamentos de programación y lógica computacional aplicados al análisis de procesos industriales.",
        "area": "computación aplicada",
        "tipo": "profesional",
        "creditos_estimados": 3
      }
    ],
    "3": [
      {
        "nombre": "Balance de Masa y Energía",
        "descripcion": "Aplicación de balances fundamentales en sistemas y procesos alimentarios.",
        "area": "ingeniería de procesos",
        "tipo": "profesional",
        "creditos_estimados": 4
      },
      {
        "nombre": "Química y Bioquímica de Alimentos",
        "descripcion": "Composición química de los alimentos y reacciones bioquímicas durante el procesamiento.",
        "area": "ciencias de los alimentos",
        "tipo": "profesional",
        "creditos_estimados": 4
      },
      {
        "nombre": "Microbiología General",
        "descripcion": "Principios microbiológicos básicos aplicados a la seguridad y calidad de los alimentos.",
        "area": "microbiología",
        "tipo": "profesional",
        "creditos_estimados": 4
      },
      {
        "nombre": "Probabilidad y Estadística",
        "descripcion": "Métodos estadísticos aplicados al control de calidad y experimentación en alimentos.",
        "area": "matemática aplicada",
        "tipo": "básica",
        "creditos_estimados": 3
      },
      {
        "nombre": "Ecuaciones Diferenciales",
        "descripcion": "Modelos matemáticos para representar y resolver fenómenos físicos y biológicos.",
        "area": "matemática aplicada",
        "tipo": "básica",
        "creditos_estimados": 4
      }
    ],
    "4": [
      {
        "nombre": "Operaciones Unitarias",
        "descripcion": "Principios de transferencia de masa, calor y momentum aplicados en la industria alimentaria.",
        "area": "ingeniería de procesos",
        "tipo": "profesional",
        "creditos_estimados": 4
      },
      {
        "nombre": "Análisis de Alimentos",
        "descripcion": "Métodos analíticos para determinar la composición y calidad de los alimentos.",
        "area": "ciencias de los alimentos",
        "tipo": "profesional",
        "creditos_estimados": 4
      },
      {
        "nombre": "Microbiología de Alimentos",
        "descripcion": "Estudio de los microorganismos presentes en alimentos y su control en la producción.",
        "area": "microbiología",
        "tipo": "profesional",
        "creditos_estimados": 4
      },
      {
        "nombre": "Normalización y Aseguramiento de la Calidad",
        "descripcion": "Sistemas de gestión de calidad, normas y certificaciones aplicadas al sector alimentario.",
        "area": "gestión de calidad",
        "tipo": "profesional",
        "creditos_estimados": 3
      },
      {
        "nombre": "Seguridad y Salud Ocupacional",
        "descripcion": "Normas y medidas de prevención de riesgos laborales en la industria alimentaria.",
        "area": "seguridad industrial",
        "tipo": "formación complementaria",
        "creditos_estimados": 3
      }
    ],
    "5": [
      {
        "nombre": "Diseño y Organización de Plantas Industriales",
        "descripcion": "Diseño y planificación de plantas de procesamiento de alimentos.",
        "area": "ingeniería industrial",
        "tipo": "profesional",
        "creditos_estimados": 4
      },
      {
        "nombre": "Nutrición Humana",
        "descripcion": "Principios de nutrición y su relación con la formulación de productos alimenticios.",
        "area": "nutrición y salud",
        "tipo": "profesional",
        "creditos_estimados": 3
      },
      {
        "nombre": "Biotecnología Alimentaria",
        "descripcion": "Aplicación de procesos biotecnológicos en la transformación y conservación de alimentos.",
        "area": "biotecnología",
        "tipo": "profesional",
        "creditos_estimados": 3
      },
      {
        "nombre": "Costos Industriales",
        "descripcion": "Análisis de costos y rentabilidad en la producción de alimentos.",
        "area": "gestión empresarial",
        "tipo": "profesional",
        "creditos_estimados": 3
      },
      {
        "nombre": "Procesamiento de Alimentos de Origen Vegetal",
        "descripcion": "Tecnologías de conservación y transformación de alimentos de origen vegetal.",
        "area": "procesamiento de alimentos",
        "tipo": "profesional",
        "creditos_estimados": 4
      }
    ],
    "6": [
      {
        "nombre": "Ingeniería de Métodos",
        "descripcion": "Optimización de procesos y operaciones en plantas de alimentos.",
        "area": "ingeniería industrial",
        "tipo": "profesional",
        "creditos_estimados": 3
      },
      {
        "nombre": "Diseño Experimental",
        "descripcion": "Diseño y análisis de experimentos para mejorar procesos de producción y calidad.",
        "area": "estadística aplicada",
        "tipo": "profesional",
        "creditos_estimados": 3
      },
      {
        "nombre": "Procesamiento de Alimentos de Origen Animal",
        "descripcion": "Procesos industriales de conservación y transformación de alimentos de origen animal.",
        "area": "procesamiento de alimentos",
        "tipo": "profesional",
        "creditos_estimados": 4
      },
      {
        "nombre": "Envases y Embalajes",
        "descripcion": "Diseño y selección de materiales para empaque y conservación de alimentos.",
        "area": "ingeniería de materiales",
        "tipo": "profesional",
        "creditos_estimados": 3
      },
      {
        "nombre": "Procesamiento de Otros Productos Alimenticios",
        "descripcion": "Procesamiento de bebidas, dulces y productos no convencionales.",
        "area": "procesamiento de alimentos",
        "tipo": "profesional",
        "creditos_estimados": 4
      }
    ],
    "7": [
      {
        "nombre": "Innovación y Emprendimiento",
        "descripcion": "Desarrollo de proyectos innovadores en el sector agroalimentario.",
        "area": "gestión empresarial",
        "tipo": "formación complementaria",
        "creditos_estimados": 3
      },
      {
        "nombre": "Procesamiento de Oleaginosas",
        "descripcion": "Extracción y procesamiento de aceites y grasas comestibles.",
        "area": "procesamiento de alimentos",
        "tipo": "profesional",
        "creditos_estimados": 4
      },
      {
        "nombre": "Ingeniería de la Producción",
        "descripcion": "Planificación y control de la producción en la industria alimentaria.",
        "area": "ingeniería industrial",
        "tipo": "profesional",
        "creditos_estimados": 4
      },
      {
        "nombre": "Problemas Contemporáneos",
        "descripcion": "Análisis de los retos actuales en sostenibilidad, tecnología y alimentación global.",
        "area": "formación humanística",
        "tipo": "formación general",
        "creditos_estimados": 3
      },
      {
        "nombre": "Logística y Cadena de Suministro",
        "descripcion": "Gestión del flujo de materiales y distribución de productos alimentarios.",
        "area": "gestión logística",
        "tipo": "profesional",
        "creditos_estimados": 4
      }
    ],
    "8": [
      {
        "nombre": "Diseño y Gestión de Proyectos",
        "descripcion": "Planificación, desarrollo y evaluación de proyectos industriales alimentarios.",
        "area": "gestión de proyectos",
        "tipo": "profesional",
        "creditos_estimados": 4
      },
      {
        "nombre": "Gestión Ambiental",
        "descripcion": "Principios de sostenibilidad y manejo ambiental en la industria alimentaria.",
        "area": "medio ambiente",
        "tipo": "formación complementaria",
        "creditos_estimados": 3
      },
      {
        "nombre": "Seguridad Alimentaria",
        "descripcion": "Análisis y gestión de riesgos en la cadena alimentaria para garantizar inocuidad.",
        "area": "calidad y seguridad",
        "tipo": "profesional",
        "creditos_estimados": 4
      },
      {
        "nombre": "Seminario de Integración Curricular",
        "descripcion": "Proyecto integrador orientado a la aplicación práctica de los conocimientos adquiridos.",
        "area": "investigación aplicada",
        "tipo": "integración curricular",
        "creditos_estimados": 5
      },
      {
        "nombre": "Desarrollo de Nuevos Productos",
        "descripcion": "Investigación, formulación y evaluación de nuevos productos alimentarios.",
        "area": "innovación alimentaria",
        "tipo": "profesional",
        "creditos_estimados": 4
      }
    ]
  }
}
