{
  "universidad": "Universidad Tecnológica Equinoccial (UTE)",
  "carrera": "Ingeniería Civil",
  "modalidad": "Presencial",
  "duracion_semestres": 8,
  "titulo": "Ingeniero/a Civil",
  "malla_curricular": {
    "1": [
      {
        "nombre": "Análisis Formal",
        "descripcion": "Introducción al razonamiento lógico, matemático y estructural aplicado a la ingeniería.",
        "area": "matemática y razonamiento",
        "tipo": "básica",
        "creditos_estimados": 4
      },
      {
        "nombre": "Análisis Empírico",
        "descripcion": "Métodos experimentales y observacionales en procesos físicos y estructurales.",
        "area": "métodos científicos",
        "tipo": "básica",
        "creditos_estimados": 4
      },
      {
        "nombre": "Sistemas Complejos",
        "descripcion": "Introducción a la modelación y comprensión de sistemas físicos e interconectados en ingeniería.",
        "area": "sistemas y modelado",
        "tipo": "básica",
        "creditos_estimados": 4
      },
      {
        "nombre": "Comunicación Multimodal",
        "descripcion": "Desarrollo de competencias comunicativas visuales, escritas y orales en entornos técnicos.",
        "area": "formación general",
        "tipo": "formación complementaria",
        "creditos_estimados": 3
      },
      {
        "nombre": "Dibujo Técnico y Geometría Descriptiva",
        "descripcion": "Principios del dibujo técnico aplicado a planos de construcción y estructuras.",
        "area": "representación gráfica",
        "tipo": "profesional",
        "creditos_estimados": 4
      }
    ],
    "2": [
      {
        "nombre": "Análisis Matemático",
        "descripcion": "Fundamentos del cálculo diferencial e integral aplicados a ingeniería.",
        "area": "matemática",
        "tipo": "básica",
        "creditos_estimados": 5
      },
      {
        "nombre": "Geometría Analítica y Trigonometría",
        "descripcion": "Estudio de las relaciones geométricas y trigonométricas aplicadas a problemas estructurales.",
        "area": "matemática",
        "tipo": "básica",
        "creditos_estimados": 4
      },
      {
        "nombre": "Álgebra Lineal",
        "descripcion": "Matrices, determinantes y sistemas lineales aplicados al modelado de estructuras.",
        "area": "matemática aplicada",
        "tipo": "básica",
        "creditos_estimados": 4
      },
      {
        "nombre": "Química",
        "descripcion": "Estudio de reacciones y materiales químicos relevantes para la construcción.",
        "area": "ciencias básicas",
        "tipo": "básica",
        "creditos_estimados": 3
      },
      {
        "nombre": "Tecnologías de la Construcción",
        "descripcion": "Materiales, herramientas y procesos modernos utilizados en la industria de la construcción.",
        "area": "tecnología y materiales",
        "tipo": "profesional",
        "creditos_estimados": 3
      }
    ],
    "3": [
      {
        "nombre": "Cálculo de Varias Variables",
        "descripcion": "Funciones multivariables aplicadas al análisis estructural y topográfico.",
        "area": "matemática avanzada",
        "tipo": "básica",
        "creditos_estimados": 4
      },
      {
        "nombre": "Programación y Algoritmos",
        "descripcion": "Fundamentos de programación aplicados a modelado y simulación de procesos.",
        "area": "computación aplicada",
        "tipo": "profesional",
        "creditos_estimados": 4
      },
      {
        "nombre": "Física",
        "descripcion": "Mecánica clásica aplicada a los sistemas estructurales y materiales de construcción.",
        "area": "ciencias básicas",
        "tipo": "básica",
        "creditos_estimados": 4
      },
      {
        "nombre": "Bioquímica para Ingenieros",
        "descripcion": "Procesos químicos y biológicos aplicados al tratamiento de aguas y suelos.",
        "area": "química aplicada",
        "tipo": "profesional",
        "creditos_estimados": 3
      },
      {
        "nombre": "Topografía y Sistemas Viales",
        "descripcion": "Técnicas topográficas y diseño geométrico de vías.",
        "area": "topografía y transporte",
        "tipo": "profesional",
        "creditos_estimados": 3
      },
      {
        "nombre": "Prototipado",
        "descripcion": "Creación de modelos y prototipos constructivos mediante herramientas digitales.",
        "area": "diseño y modelado",
        "tipo": "profesional",
        "creditos_estimados": 2
      }
    ],
    "4": [
      {
        "nombre": "Ecuaciones Diferenciales",
        "descripcion": "Modelos de cambio y sistemas dinámicos aplicados a estructuras y fluidos.",
        "area": "matemática aplicada",
        "tipo": "básica",
        "creditos_estimados": 4
      },
      {
        "nombre": "Métodos Numéricos",
        "descripcion": "Métodos computacionales para la resolución de problemas de ingeniería civil.",
        "area": "computación aplicada",
        "tipo": "profesional",
        "creditos_estimados": 3
      },
      {
        "nombre": "Química de Materiales",
        "descripcion": "Estudio de propiedades químicas de los materiales de construcción y su durabilidad.",
        "area": "materiales y tecnología",
        "tipo": "profesional",
        "creditos_estimados": 3
      },
      {
        "nombre": "Estadística y Probabilidad",
        "descripcion": "Aplicaciones estadísticas en control de calidad y diseño estructural.",
        "area": "matemática aplicada",
        "tipo": "básica",
        "creditos_estimados": 3
      },
      {
        "nombre": "Mecánica para Ingenieros",
        "descripcion": "Estudio de fuerzas, momentos y equilibrio aplicado al diseño estructural.",
        "area": "mecánica",
        "tipo": "profesional",
        "creditos_estimados": 4
      }
    ],
    "5": [
      {
        "nombre": "Teoría de Sistemas y Control",
        "descripcion": "Principios de retroalimentación y control en sistemas estructurales y ambientales.",
        "area": "sistemas",
        "tipo": "profesional",
        "creditos_estimados": 3
      },
      {
        "nombre": "Termodinámica y Transferencia de Calor",
        "descripcion": "Procesos energéticos y térmicos aplicados a la construcción y climatización.",
        "area": "energía y termodinámica",
        "tipo": "profesional",
        "creditos_estimados": 3
      },
      {
        "nombre": "Mecánica de Sólidos",
        "descripcion": "Análisis de tensiones, deformaciones y resistencia de materiales.",
        "area": "estructuras",
        "tipo": "profesional",
        "creditos_estimados": 4
      },
      {
        "nombre": "Mecánica de Suelos",
        "descripcion": "Propiedades físicas y mecánicas de suelos aplicadas al diseño de cimentaciones.",
        "area": "geotecnia",
        "tipo": "profesional",
        "creditos_estimados": 4
      },
      {
        "nombre": "Mecánica de Fluidos",
        "descripcion": "Dinámica de fluidos aplicada a sistemas hidráulicos y obras civiles.",
        "area": "hidráulica",
        "tipo": "profesional",
        "creditos_estimados": 4
      }
    ],
    "6": [
      {
        "nombre": "Análisis de Sistemas Estructurales",
        "descripcion": "Modelado y análisis de estructuras estáticas y dinámicas.",
        "area": "estructuras",
        "tipo": "profesional",
        "creditos_estimados": 4
      },
      {
        "nombre": "Diseño Estructural I",
        "descripcion": "Diseño de elementos estructurales básicos bajo carga axial y flexión.",
        "area": "estructuras",
        "tipo": "profesional",
        "creditos_estimados": 4
      },
      {
        "nombre": "Captación y Conducción de Agua",
        "descripcion": "Sistemas de abastecimiento y transporte de agua potable.",
        "area": "hidráulica",
        "tipo": "profesional",
        "creditos_estimados": 4
      },
      {
        "nombre": "Itinerario Asignatura 1",
        "descripcion": "Asignatura optativa de profundización en un área específica de la ingeniería civil.",
        "area": "optativa profesional",
        "tipo": "electiva",
        "creditos_estimados": 3
      },
      {
        "nombre": "Diseño para el Ambiente y Evaluación de Impactos Ambientales",
        "descripcion": "Evaluación de proyectos desde la perspectiva ambiental y sostenible.",
        "area": "gestión ambiental",
        "tipo": "profesional",
        "creditos_estimados": 3
      }
    ],
    "7": [
      {
        "nombre": "Diseño Estructural II",
        "descripcion": "Diseño avanzado de estructuras de acero, hormigón y materiales compuestos.",
        "area": "estructuras",
        "tipo": "profesional",
        "creditos_estimados": 4
      },
      {
        "nombre": "Abastecimiento de Agua",
        "descripcion": "Diseño y análisis de sistemas de distribución de agua y redes hidráulicas.",
        "area": "hidráulica",
        "tipo": "profesional",
        "creditos_estimados": 4
      },
      {
        "nombre": "Itinerario Asignatura 2",
        "descripcion": "Segunda asignatura de especialización dentro del itinerario profesional.",
        "area": "optativa profesional",
        "tipo": "electiva",
        "creditos_estimados": 3
      },
      {
        "nombre": "Gestión de Proyectos Sostenibles",
        "descripcion": "Planificación y ejecución de proyectos de ingeniería con enfoque sostenible.",
        "area": "gestión de proyectos",
        "tipo": "profesional",
        "creditos_estimados": 3
      },
      {
        "nombre": "Mecánica Computacional",
        "descripcion": "Simulación computacional de sistemas estructurales y de fluidos.",
        "area": "computación aplicada",
        "tipo": "profesional",
        "creditos_estimados": 3
      }
    ],
    "8": [
      {
        "nombre": "Taller de Proyectos Estructurales",
        "descripcion": "Desarrollo de proyectos integrales de diseño estructural.",
        "area": "estructuras",
        "tipo": "profesional",
        "creditos_estimados": 4
      },
      {
        "nombre": "Taller de Integración Curricular",
        "descripcion": "Proyecto final de integración de conocimientos teóricos y prácticos.",
        "area": "investigación aplicada",
        "tipo": "integración curricular",
        "creditos_estimados": 5
      },
      {
        "nombre": "Taller de Proyecto de Itinerario",
        "descripcion": "Desarrollo de proyecto especializado según el itinerario elegido.",
        "area": "optativa profesional",
        "tipo": "electiva",
        "creditos_estimados": 3
      },
      {
        "nombre": "Diseño Sismorresistente",
        "descripcion": "Principios de diseño estructural frente a cargas sísmicas.",
        "area": "estructuras",
        "tipo": "profesional",
        "creditos_estimados": 3
      },
      {
        "nombre": "Seminarios del Estado del Arte en la Profesión",
        "descripcion": "Análisis de avances recientes en investigación e innovación en ingeniería civil.",
        "area": "investigación aplicada",
        "tipo": "formación complementaria",
        "creditos_estimados": 2
      }
    ]
  }
}
