{
  "universidad": "Universidad Tecnológica Equinoccial (UTE)",
  "carrera": "Ingeniería Industrial",
  "modalidad": "Presencial",
  "duracion_semestres": 8,
  "titulo": "Ingeniero/a Industrial",
  "malla_curricular": {
    "1": [
      {
        "nombre": "Química General e Inorgánica",
        "descripcion": "Fundamentos de la química aplicada a materiales y procesos industriales.",
        "area": "ciencias básicas",
        "tipo": "básica",
        "creditos_estimados": 4
      },
      {
        "nombre": "Física General",
        "descripcion": "Principios de la física clásica y su aplicación a sistemas industriales.",
        "area": "ciencias básicas",
        "tipo": "básica",
        "creditos_estimados": 4
      },
      {
        "nombre": "Expresión Oral y Escrita",
        "descripcion": "Desarrollo de habilidades comunicativas y redacción técnica en entornos de ingeniería.",
        "area": "formación general",
        "tipo": "formación complementaria",
        "creditos_estimados": 3
      },
      {
        "nombre": "Álgebra Lineal y Geometría Analítica",
        "descripcion": "Aplicación de álgebra matricial y geometría al modelado de sistemas físicos y productivos.",
        "area": "matemática",
        "tipo": "básica",
        "creditos_estimados": 4
      },
      {
        "nombre": "Cálculo Diferencial",
        "descripcion": "Análisis de funciones y derivadas aplicadas al diseño y control de procesos industriales.",
        "area": "matemática aplicada",
        "tipo": "básica",
        "creditos_estimados": 4
      }
    ],
    "2": [
      {
        "nombre": "Química Orgánica",
        "descripcion": "Composición y reactividad de compuestos orgánicos usados en la industria.",
        "area": "ciencias químicas",
        "tipo": "básica",
        "creditos_estimados": 4
      },
      {
        "nombre": "Termodinámica",
        "descripcion": "Estudio de los principios termodinámicos aplicados a sistemas energéticos industriales.",
        "area": "energía y termodinámica",
        "tipo": "profesional",
        "creditos_estimados": 4
      },
      {
        "nombre": "Cálculo Vectorial",
        "descripcion": "Modelado de campos vectoriales aplicados a fluidos y energía.",
        "area": "matemática avanzada",
        "tipo": "básica",
        "creditos_estimados": 4
      },
      {
        "nombre": "Cálculo Integral",
        "descripcion": "Aplicaciones de integrales en balances de materia y energía en sistemas productivos.",
        "area": "matemática aplicada",
        "tipo": "básica",
        "creditos_estimados": 4
      },
      {
        "nombre": "Programación",
        "descripcion": "Introducción a la programación estructurada aplicada al control y automatización de procesos.",
        "area": "computación aplicada",
        "tipo": "profesional",
        "creditos_estimados": 3
      }
    ],
    "3": [
      {
        "nombre": "Tecnología de Materiales",
        "descripcion": "Propiedades y aplicaciones de materiales industriales en procesos productivos.",
        "area": "materiales y manufactura",
        "tipo": "profesional",
        "creditos_estimados": 3
      },
      {
        "nombre": "Balance de Masa y Energía",
        "descripcion": "Análisis cuantitativo de materia y energía en procesos industriales.",
        "area": "ingeniería de procesos",
        "tipo": "profesional",
        "creditos_estimados": 4
      },
      {
        "nombre": "Electricidad y Electrónica Industrial",
        "descripcion": "Conceptos eléctricos y electrónicos aplicados a automatización y control industrial.",
        "area": "electrónica aplicada",
        "tipo": "profesional",
        "creditos_estimados": 4
      },
      {
        "nombre": "Probabilidad y Estadística",
        "descripcion": "Herramientas estadísticas aplicadas al control y mejora de procesos industriales.",
        "area": "matemática aplicada",
        "tipo": "básica",
        "creditos_estimados": 4
      },
      {
        "nombre": "Ecuaciones Diferenciales",
        "descripcion": "Modelos matemáticos de sistemas dinámicos industriales.",
        "area": "matemática aplicada",
        "tipo": "básica",
        "creditos_estimados": 4
      }
    ],
    "4": [
      {
        "nombre": "Máquinas Herramientas",
        "descripcion": "Operación y mantenimiento de equipos de manufactura y mecanizado.",
        "area": "manufactura y procesos",
        "tipo": "profesional",
        "creditos_estimados": 3
      },
      {
        "nombre": "Operaciones Industriales",
        "descripcion": "Principios y técnicas para la optimización de procesos productivos.",
        "area": "ingeniería industrial",
        "tipo": "profesional",
        "creditos_estimados": 4
      },
      {
        "nombre": "Control Automático",
        "descripcion": "Modelado y control de sistemas automáticos en procesos industriales.",
        "area": "automatización y control",
        "tipo": "profesional",
        "creditos_estimados": 4
      },
      {
        "nombre": "Normalización y Aseguramiento de la Calidad",
        "descripcion": "Implementación de normas y estándares de calidad en entornos industriales.",
        "area": "gestión de calidad",
        "tipo": "profesional",
        "creditos_estimados": 4
      },
      {
        "nombre": "Seguridad e Higiene del Trabajo",
        "descripcion": "Normas de seguridad y prevención de riesgos laborales en industrias.",
        "area": "seguridad industrial",
        "tipo": "formación complementaria",
        "creditos_estimados": 3
      }
    ],
    "5": [
      {
        "nombre": "Mantenimiento Industrial",
        "descripcion": "Estrategias de mantenimiento preventivo y correctivo en maquinaria industrial.",
        "area": "ingeniería de mantenimiento",
        "tipo": "profesional",
        "creditos_estimados": 4
      },
      {
        "nombre": "Investigación Operativa",
        "descripcion": "Optimización de recursos mediante modelos matemáticos de decisión.",
        "area": "optimización y análisis de sistemas",
        "tipo": "profesional",
        "creditos_estimados": 4
      },
      {
        "nombre": "Diseño Industrial",
        "descripcion": "Principios de diseño de productos y sistemas industriales.",
        "area": "diseño industrial",
        "tipo": "profesional",
        "creditos_estimados": 3
      },
      {
        "nombre": "Ergonomía",
        "descripcion": "Diseño de entornos de trabajo que priorizan la seguridad y eficiencia humana.",
        "area": "ergonomía y seguridad",
        "tipo": "profesional",
        "creditos_estimados": 3
      },
      {
        "nombre": "Sistemas de Gestión de Calidad",
        "descripcion": "Diseño e implementación de sistemas de gestión basados en normas ISO.",
        "area": "gestión de calidad",
        "tipo": "profesional",
        "creditos_estimados": 3
      }
    ],
    "6": [
      {
        "nombre": "Costos Industriales",
        "descripcion": "Análisis de costos de producción, materiales y operaciones en procesos industriales.",
        "area": "gestión financiera",
        "tipo": "profesional",
        "creditos_estimados": 3
      },
      {
        "nombre": "Logística y Cadena de Suministro",
        "descripcion": "Gestión eficiente del flujo de materiales, información y productos.",
        "area": "logística y operaciones",
        "tipo": "profesional",
        "creditos_estimados": 4
      },
      {
        "nombre": "Ingeniería de la Producción",
        "descripcion": "Diseño y control de procesos productivos eficientes y sostenibles.",
        "area": "ingeniería industrial",
        "tipo": "profesional",
        "creditos_estimados": 4
      },
      {
        "nombre": "Ingeniería de Métodos",
        "descripcion": "Análisis y mejora de métodos de trabajo y procesos industriales.",
        "area": "ingeniería de procesos",
        "tipo": "profesional",
        "creditos_estimados": 4
      },
      {
        "nombre": "Gestión por Procesos",
        "descripcion": "Gestión empresarial basada en procesos y mejora continua.",
        "area": "gestión empresarial",
        "tipo": "profesional",
        "creditos_estimados": 3
      }
    ],
    "7": [
      {
        "nombre": "Problemas Contemporáneos",
        "descripcion": "Estudio de temas globales de impacto tecnológico, social y ambiental.",
        "area": "formación humanística",
        "tipo": "formación general",
        "creditos_estimados": 3
      },
      {
        "nombre": "Manufactura y Sistemas de Información",
        "descripcion": "Uso de tecnologías de información para la gestión de manufactura.",
        "area": "tecnología industrial",
        "tipo": "profesional",
        "creditos_estimados": 4
      },
      {
        "nombre": "Diseño y Organización de Plantas Industriales",
        "descripcion": "Planificación y diseño de instalaciones industriales eficientes.",
        "area": "ingeniería de planta",
        "tipo": "profesional",
        "creditos_estimados": 4
      },
      {
        "nombre": "Gestión del Servicio",
        "descripcion": "Principios de gestión de operaciones orientadas al servicio y satisfacción del cliente.",
        "area": "gestión empresarial",
        "tipo": "profesional",
        "creditos_estimados": 3
      },
      {
        "nombre": "Innovación y Emprendimiento",
        "descripcion": "Creación de proyectos innovadores y desarrollo de iniciativas empresariales.",
        "area": "emprendimiento",
        "tipo": "formación complementaria",
        "creditos_estimados": 3
      }
    ],
    "8": [
      {
        "nombre": "Gestión de Operaciones",
        "descripcion": "Dirección, control y optimización de procesos productivos y logísticos.",
        "area": "operaciones industriales",
        "tipo": "profesional",
        "creditos_estimados": 4
      },
      {
        "nombre": "Gestión Ambiental",
        "descripcion": "Principios de sostenibilidad y normativa ambiental en el sector industrial.",
        "area": "medio ambiente",
        "tipo": "formación complementaria",
        "creditos_estimados": 3
      },
      {
        "nombre": "Diseño y Gestión de Proyectos",
        "descripcion": "Planificación, ejecución y evaluación de proyectos industriales.",
        "area": "gestión de proyectos",
        "tipo": "profesional",
        "creditos_estimados": 4
      },
      {
        "nombre": "Simulación Industrial",
        "descripcion": "Modelado computacional de procesos industriales para optimización y análisis.",
        "area": "ingeniería computacional",
        "tipo": "profesional",
        "creditos_estimados": 4
      },
      {
        "nombre": "Seminario de Integración Curricular",
        "descripcion": "Proyecto integrador de aplicación de conocimientos teóricos y prácticos.",
        "area": "investigación aplicada",
        "tipo": "integración curricular",
        "creditos_estimados": 5
      }
    ]
  }
}
