{
  "universidad": "Universidad Tecnológica Equinoccial (UTE)",
  "carrera": "Ingeniería Mecatrónica",
  "modalidad": "Presencial",
  "duracion_semestres": 8,
  "titulo": "Ingeniero/a en Mecatrónica",
  "malla_curricular": {
    "1": [
      {
        "nombre": "Álgebra Lineal y Geometría Analítica",
        "descripcion": "Fundamentos de álgebra matricial y geometría analítica aplicados a la ingeniería.",
        "area": "matemática",
        "tipo": "básica",
        "creditos_estimados": 4
      },
      {
        "nombre": "Cálculo Diferencial",
        "descripcion": "Estudio de derivadas y su aplicación en el análisis de sistemas físicos y de control.",
        "area": "matemática aplicada",
        "tipo": "básica",
        "creditos_estimados": 4
      },
      {
        "nombre": "Física General",
        "descripcion": "Conceptos básicos de mecánica, cinemática y dinámica aplicados a sistemas mecatrónicos.",
        "area": "ciencias básicas",
        "tipo": "básica",
        "creditos_estimados": 4
      },
      {
        "nombre": "Química General e Inorgánica",
        "descripcion": "Propiedades químicas de materiales y su relación con la ingeniería mecánica y electrónica.",
        "area": "ciencias básicas",
        "tipo": "básica",
        "creditos_estimados": 4
      },
      {
        "nombre": "Expresión Oral y Escrita",
        "descripcion": "Comunicación técnica oral y escrita en entornos académicos e industriales.",
        "area": "formación general",
        "tipo": "formación complementaria",
        "creditos_estimados": 3
      }
    ],
    "2": [
      {
        "nombre": "Cálculo Vectorial",
        "descripcion": "Análisis vectorial aplicado a campos electromagnéticos y mecánicos.",
        "area": "matemática avanzada",
        "tipo": "básica",
        "creditos_estimados": 4
      },
      {
        "nombre": "Cálculo Integral",
        "descripcion": "Integrales definidas e indefinidas aplicadas al modelado de sistemas físicos.",
        "area": "matemática aplicada",
        "tipo": "básica",
        "creditos_estimados": 4
      },
      {
        "nombre": "Física Superior",
        "descripcion": "Ondas, electricidad y magnetismo aplicados a la instrumentación mecatrónica.",
        "area": "física aplicada",
        "tipo": "básica",
        "creditos_estimados": 4
      },
      {
        "nombre": "Fundamentos de Ciencia de Materiales",
        "descripcion": "Estudio de propiedades mecánicas y térmicas de los materiales usados en ingeniería.",
        "area": "materiales y manufactura",
        "tipo": "profesional",
        "creditos_estimados": 3
      },
      {
        "nombre": "Fundamentos de Programación",
        "descripcion": "Lógica de programación estructurada aplicada al control de procesos.",
        "area": "computación aplicada",
        "tipo": "profesional",
        "creditos_estimados": 3
      }
    ],
    "3": [
      {
        "nombre": "Ecuaciones Diferenciales",
        "descripcion": "Modelado de sistemas dinámicos mediante ecuaciones diferenciales.",
        "area": "matemática aplicada",
        "tipo": "básica",
        "creditos_estimados": 4
      },
      {
        "nombre": "Probabilidad y Estadística",
        "descripcion": "Análisis estadístico de datos experimentales y modelado de incertidumbre.",
        "area": "matemática aplicada",
        "tipo": "básica",
        "creditos_estimados": 3
      },
      {
        "nombre": "Circuitos Eléctricos I",
        "descripcion": "Principios de corriente continua y alterna aplicados a sistemas electrónicos.",
        "area": "electrónica básica",
        "tipo": "profesional",
        "creditos_estimados": 4
      },
      {
        "nombre": "Diseño y Modelado de Elementos Mecánicos",
        "descripcion": "Diseño de componentes mecánicos mediante herramientas CAD y modelado estructural.",
        "area": "mecánica aplicada",
        "tipo": "profesional",
        "creditos_estimados": 4
      },
      {
        "nombre": "Programación I",
        "descripcion": "Desarrollo de algoritmos orientados a objetos aplicados a ingeniería.",
        "area": "computación aplicada",
        "tipo": "profesional",
        "creditos_estimados": 3
      }
    ],
    "4": [
      {
        "nombre": "Matemática Avanzada",
        "descripcion": "Transformadas y análisis numérico aplicados al modelado de sistemas.",
        "area": "matemática avanzada",
        "tipo": "básica",
        "creditos_estimados": 4
      },
      {
        "nombre": "Circuitos Eléctricos II",
        "descripcion": "Análisis de circuitos con respuesta transitoria y en régimen sinusoidal.",
        "area": "electrónica aplicada",
        "tipo": "profesional",
        "creditos_estimados": 3
      },
      {
        "nombre": "Seguridad y Salud Ocupacional",
        "descripcion": "Gestión de riesgos laborales en entornos de manufactura y automatización.",
        "area": "seguridad industrial",
        "tipo": "formación complementaria",
        "creditos_estimados": 3
      },
      {
        "nombre": "Mecánica de Materiales",
        "descripcion": "Estudio de esfuerzos, deformaciones y resistencia de materiales.",
        "area": "mecánica estructural",
        "tipo": "profesional",
        "creditos_estimados": 4
      },
      {
        "nombre": "Programación II",
        "descripcion": "Desarrollo de software avanzado para aplicaciones de control y automatización.",
        "area": "computación aplicada",
        "tipo": "profesional",
        "creditos_estimados": 3
      }
    ],
    "5": [
      {
        "nombre": "Métodos Numéricos",
        "descripcion": "Técnicas numéricas para resolver problemas de ingeniería mediante software.",
        "area": "matemática aplicada",
        "tipo": "básica",
        "creditos_estimados": 3
      },
      {
        "nombre": "Modelado de Sistemas Dinámicos",
        "descripcion": "Simulación de sistemas mecatrónicos y controlados en tiempo continuo y discreto.",
        "area": "control y simulación",
        "tipo": "profesional",
        "creditos_estimados": 4
      },
      {
        "nombre": "Electrónica Analógica",
        "descripcion": "Diseño y análisis de circuitos amplificadores, filtros y conversores.",
        "area": "electrónica",
        "tipo": "profesional",
        "creditos_estimados": 4
      },
      {
        "nombre": "Mecánica",
        "descripcion": "Estudio del movimiento y las fuerzas aplicadas a cuerpos rígidos y sistemas mecánicos.",
        "area": "mecánica aplicada",
        "tipo": "profesional",
        "creditos_estimados": 3
      },
      {
        "nombre": "Electrónica Digital",
        "descripcion": "Diseño de circuitos lógicos y sistemas digitales con microcontroladores.",
        "area": "electrónica digital",
        "tipo": "profesional",
        "creditos_estimados": 4
      }
    ],
    "6": [
      {
        "nombre": "Metodologías de Diseño Mecatrónico",
        "descripcion": "Proceso de diseño de sistemas integrados mecánicos, electrónicos y de control.",
        "area": "diseño mecatrónico",
        "tipo": "profesional",
        "creditos_estimados": 4
      },
      {
        "nombre": "Ingeniería de Control",
        "descripcion": "Principios de control clásico y moderno aplicados a sistemas mecatrónicos.",
        "area": "control y automatización",
        "tipo": "profesional",
        "creditos_estimados": 4
      },
      {
        "nombre": "Control de Actuadores Eléctricos",
        "descripcion": "Control y operación de motores eléctricos en sistemas automáticos.",
        "area": "automatización industrial",
        "tipo": "profesional",
        "creditos_estimados": 4
      },
      {
        "nombre": "Hardware Embebido",
        "descripcion": "Diseño y programación de sistemas embebidos para control y monitoreo.",
        "area": "sistemas embebidos",
        "tipo": "profesional",
        "creditos_estimados": 3
      },
      {
        "nombre": "Instrumentación",
        "descripcion": "Medición, adquisición y procesamiento de señales en sistemas industriales.",
        "area": "instrumentación y sensórica",
        "tipo": "profesional",
        "creditos_estimados": 3
      }
    ],
    "7": [
      {
        "nombre": "Sistemas Embebidos de Control Automático",
        "descripcion": "Integración de hardware y software para el control en tiempo real.",
        "area": "sistemas embebidos",
        "tipo": "profesional",
        "creditos_estimados": 4
      },
      {
        "nombre": "Proyectos de Ingeniería Mecatrónica",
        "descripcion": "Desarrollo de proyectos integradores en automatización y robótica.",
        "area": "proyectos de ingeniería",
        "tipo": "profesional",
        "creditos_estimados": 4
      },
      {
        "nombre": "Control de Actuadores Neumáticos e Hidráulicos",
        "descripcion": "Diseño y control de sistemas de potencia fluida para automatización industrial.",
        "area": "hidráulica y neumática",
        "tipo": "profesional",
        "creditos_estimados": 4
      },
      {
        "nombre": "PLC y Redes Industriales",
        "descripcion": "Programación de PLCs y comunicación en redes industriales.",
        "area": "automatización y redes",
        "tipo": "profesional",
        "creditos_estimados": 3
      },
      {
        "nombre": "Innovación y Emprendimiento",
        "descripcion": "Desarrollo de proyectos innovadores y empresariales en el campo tecnológico.",
        "area": "gestión empresarial",
        "tipo": "formación complementaria",
        "creditos_estimados": 3
      }
    ],
    "8": [
      {
        "nombre": "Diseño y Gestión de Proyectos",
        "descripcion": "Metodologías de planificación, ejecución y evaluación de proyectos mecatrónicos.",
        "area": "gestión de proyectos",
        "tipo": "profesional",
        "creditos_estimados": 4
      },
      {
        "nombre": "Procesos de Manufactura",
        "descripcion": "Técnicas modernas de manufactura aplicadas a la ingeniería mecatrónica.",
        "area": "manufactura avanzada",
        "tipo": "profesional",
        "creditos_estimados": 4
      },
      {
        "nombre": "Gestión Ambiental",
        "descripcion": "Gestión sostenible y manejo ambiental en proyectos de ingeniería.",
        "area": "medio ambiente",
        "tipo": "formación complementaria",
        "creditos_estimados": 3
      },
      {
        "nombre": "Seminario de Integración Curricular",
        "descripcion": "Proyecto final integrador de los conocimientos adquiridos en la carrera.",
        "area": "investigación aplicada",
        "tipo": "integración curricular",
        "creditos_estimados": 5
      },
      {
        "nombre": "Robótica Industrial",
        "descripcion": "Diseño, programación y control de robots industriales aplicados a manufactura.",
        "area": "robótica y automatización",
        "tipo": "profesional",
        "creditos_estimados": 4
      }
    ]
  }
}
