{
  "universidad": "UCACUE",
  "carrera": "Ingeniería Civil",
  "modalidad": "Presencial",
  "duracion_ciclos": 8,
  "titulo": "Ingeniero/a Civil",
  "malla_curricular": {
    "1": [
      {
        "nombre": "Geometría y Trigonometría",
        "descripcion": "Asignatura aplicada al campo de la ingeniería civil.",
        "area": "otras áreas",
        "tipo": "profesional",
        "creditos_estimados": 4
      },
      {
        "nombre": "Álgebra Lineal",
        "descripcion": "Fundamentos matemáticos aplicados a la ingeniería.",
        "area": "matemática y estadística",
        "tipo": "básica",
        "creditos_estimados": 5
      },
      {
        "nombre": "Estática",
        "descripcion": "Asignatura aplicada al campo de la ingeniería civil.",
        "area": "otras áreas",
        "tipo": "profesional",
        "creditos_estimados": 4
      },
      {
        "nombre": "Química",
        "descripcion": "Principios químicos relevantes para materiales y procesos.",
        "area": "ciencias básicas",
        "tipo": "básica",
        "creditos_estimados": 4
      }
    ],
    "2": [
      {
        "nombre": "Cálculo Diferencial",
        "descripcion": "Fundamentos matemáticos aplicados a la ingeniería.",
        "area": "matemática y estadística",
        "tipo": "básica",
        "creditos_estimados": 5
      },
      {
        "nombre": "Dinámica",
        "descripcion": "Asignatura aplicada al campo de la ingeniería civil.",
        "area": "otras áreas",
        "tipo": "profesional",
        "creditos_estimados": 4
      },
      {
        "nombre": "Estadística",
        "descripcion": "Métodos numéricos y estadísticos aplicados a la ingeniería.",
        "area": "matemática y estadística",
        "tipo": "básica",
        "creditos_estimados": 5
      },
      {
        "nombre": "Programación orientada al cálculo científico",
        "descripcion": "Fundamentos matemáticos aplicados a la ingeniería.",
        "area": "matemática y estadística",
        "tipo": "básica",
        "creditos_estimados": 5
      }
    ],
    "3": [
      {
        "nombre": "Cálculo Integral",
        "descripcion": "Fundamentos matemáticos aplicados a la ingeniería.",
        "area": "matemática y estadística",
        "tipo": "básica",
        "creditos_estimados": 5
      },
      {
        "nombre": "Sistemas de Información Geográfica y Drones",
        "descripcion": "Asignatura aplicada al campo de la ingeniería civil.",
        "area": "otras áreas",
        "tipo": "profesional",
        "creditos_estimados": 4
      },
      {
        "nombre": "Métodos Numéricos y Analítica de Datos",
        "descripcion": "Métodos numéricos y estadísticos aplicados a la ingeniería.",
        "area": "matemática y estadística",
        "tipo": "básica",
        "creditos_estimados": 4
      },
      {
        "nombre": "Energías Renovables y Medio Ambiente",
        "descripcion": "Energías limpias y sostenibilidad en ingeniería civil.",
        "area": "energía/ambiental",
        "tipo": "profesional",
        "creditos_estimados": 4
      }
    ],
    "4": [
      {
        "nombre": "Topografía",
        "descripcion": "Levantamientos y estudios del terreno para obras civiles.",
        "area": "ingeniería civil",
        "tipo": "profesional",
        "creditos_estimados": 5
      },
      {
        "nombre": "Geología",
        "descripcion": "Levantamientos y estudios del terreno para obras civiles.",
        "area": "ciencias básicas",
        "tipo": "básica",
        "creditos_estimados": 4
      },
      {
        "nombre": "Materiales de Construcción",
        "descripcion": "Propiedades y selección de materiales para construcción.",
        "area": "otras áreas",
        "tipo": "profesional",
        "creditos_estimados": 4
      },
      {
        "nombre": "Hidrología",
        "descripcion": "Comportamiento del agua y fluidos en sistemas de ingeniería.",
        "area": "ciencias básicas",
        "tipo": "básica",
        "creditos_estimados": 5
      }
    ],
    "5": [
      {
        "nombre": "Teledetección",
        "descripcion": "Asignatura aplicada al campo de la ingeniería civil.",
        "area": "otras áreas",
        "tipo": "profesional",
        "creditos_estimados": 4
      },
      {
        "nombre": "Resistencia de Materiales",
        "descripcion": "Propiedades y selección de materiales para construcción.",
        "area": "ingeniería civil",
        "tipo": "profesional",
        "creditos_estimados": 5
      },
      {
        "nombre": "Diseño Geométrico de Carreteras",
        "descripcion": "Diseño y mantenimiento de vías y pavimentos.",
        "area": "ingeniería civil",
        "tipo": "profesional",
        "creditos_estimados": 5
      },
      {
        "nombre": "Mecánica de Fluidos",
        "descripcion": "Análisis de leyes físicas aplicadas a estructuras y fluidos.",
        "area": "ciencias básicas",
        "tipo": "básica",
        "creditos_estimados": 4
      }
    ],
    "6": [
      {
        "nombre": "Análisis Estructural",
        "descripcion": "Asignatura aplicada al campo de la ingeniería civil.",
        "area": "otras áreas",
        "tipo": "profesional",
        "creditos_estimados": 4
      },
      {
        "nombre": "Pavimentos",
        "descripcion": "Diseño y mantenimiento de vías y pavimentos.",
        "area": "ingeniería civil",
        "tipo": "profesional",
        "creditos_estimados": 5
      },
      {
        "nombre": "Geotecnia",
        "descripcion": "Análisis del suelo y cimentaciones.",
        "area": "ingeniería civil",
        "tipo": "profesional",
        "creditos_estimados": 5
      },
      {
        "nombre": "Hidráulica",
        "descripcion": "Comportamiento del agua y fluidos en sistemas de ingeniería.",
        "area": "ciencias básicas",
        "tipo": "básica",
        "creditos_estimados": 5
      }
    ],
    "7": [
      {
        "nombre": "Dinámica Estructural",
        "descripcion": "Asignatura aplicada al campo de la ingeniería civil.",
        "area": "otras áreas",
        "tipo": "profesional",
        "creditos_estimados": 4
      },
      {
        "nombre": "Abastecimiento de Agua",
        "descripcion": "Asignatura aplicada al campo de la ingeniería civil.",
        "area": "otras áreas",
        "tipo": "profesional",
        "creditos_estimados": 4
      },
      {
        "nombre": "Alcantarillado",
        "descripcion": "Asignatura aplicada al campo de la ingeniería civil.",
        "area": "otras áreas",
        "tipo": "profesional",
        "creditos_estimados": 4
      },
      {
        "nombre": "Hormigón Armado",
        "descripcion": "Diseño y análisis estructural de componentes de ingeniería civil.",
        "area": "ingeniería civil",
        "tipo": "profesional",
        "creditos_estimados": 5
      }
    ],
    "8": [
      {
        "nombre": "Estructuras de Acero",
        "descripcion": "Diseño y análisis estructural de componentes de ingeniería civil.",
        "area": "ingeniería civil",
        "tipo": "profesional",
        "creditos_estimados": 5
      },
      {
        "nombre": "Formulación y Gestión de Proyectos",
        "descripcion": "Gestión, planificación y control de obras civiles.",
        "area": "gestión de proyectos",
        "tipo": "profesional",
        "creditos_estimados": 4
      },
      {
        "nombre": "Análisis Sismorresistente",
        "descripcion": "Asignatura aplicada al campo de la ingeniería civil.",
        "area": "otras áreas",
        "tipo": "profesional",
        "creditos_estimados": 4
      },
      {
        "nombre": "Planificación, Ejecución y Fiscalización de Obras",
        "descripcion": "Gestión, planificación y control de obras civiles.",
        "area": "gestión de proyectos",
        "tipo": "profesional",
        "creditos_estimados": 4
      },
      {
        "nombre": "Contratación Pública",
        "descripcion": "Normativas y procesos legales en contratación pública.",
        "area": "gestión de proyectos",
        "tipo": "profesional",
        "creditos_estimados": 3
      }
    ]
  }
}