{
  "universidad": "UCACUE",
  "carrera": "Ingeniería Eléctrica",
  "modalidad": "Presencial",
  "duracion_ciclos": 8,
  "titulo": "Ingeniero/a Eléctrico",
  "malla_curricular": {
    "1": [
      {
        "nombre": "Geometría y Trigonometría",
        "descripcion": "Fundamentos matemáticos y numéricos aplicados a la ingeniería eléctrica.",
        "area": "matemática y estadística",
        "tipo": "básica",
        "creditos_estimados": 4
      },
      {
        "nombre": "Álgebra Lineal",
        "descripcion": "Fundamentos matemáticos y numéricos aplicados a la ingeniería eléctrica.",
        "area": "matemática y estadística",
        "tipo": "básica",
        "creditos_estimados": 5
      },
      {
        "nombre": "Estática",
        "descripcion": "Ciencias básicas para el análisis de sistemas eléctricos y materiales.",
        "area": "ciencias básicas",
        "tipo": "básica",
        "creditos_estimados": 4
      },
      {
        "nombre": "Química",
        "descripcion": "Ciencias básicas para el análisis de sistemas eléctricos y materiales.",
        "area": "ciencias básicas",
        "tipo": "básica",
        "creditos_estimados": 4
      },
      {
        "nombre": "Herramientas Informáticas con Inteligencia Artificial",
        "descripcion": "Software y herramientas digitales de apoyo al análisis eléctrico.",
        "area": "computación/herramientas",
        "tipo": "profesional",
        "creditos_estimados": 4
      },
      {
        "nombre": "Metodología de la Investigación",
        "descripcion": "Métodos y escritura científica para proyectos de investigación.",
        "area": "gestión/soft skills",
        "tipo": "investigación",
        "creditos_estimados": 4
      }
    ],
    "2": [
      {
        "nombre": "Cálculo Diferencial",
        "descripcion": "Fundamentos matemáticos y numéricos aplicados a la ingeniería eléctrica.",
        "area": "matemática y estadística",
        "tipo": "básica",
        "creditos_estimados": 5
      },
      {
        "nombre": "Dinámica",
        "descripcion": "Ciencias básicas para el análisis de sistemas eléctricos y materiales.",
        "area": "ciencias básicas",
        "tipo": "básica",
        "creditos_estimados": 4
      },
      {
        "nombre": "Estadística",
        "descripcion": "Fundamentos matemáticos y numéricos aplicados a la ingeniería eléctrica.",
        "area": "matemática y estadística",
        "tipo": "básica",
        "creditos_estimados": 5
      },
      {
        "nombre": "Programación orientada al cálculo científico",
        "descripcion": "Fundamentos matemáticos y numéricos aplicados a la ingeniería eléctrica.",
        "area": "matemática y estadística",
        "tipo": "básica",
        "creditos_estimados": 5
      },
      {
        "nombre": "Diseño asistido por computador",
        "descripcion": "Herramientas CAD para diseño y documentación técnica.",
        "area": "computación/herramientas",
        "tipo": "profesional",
        "creditos_estimados": 4
      },
      {
        "nombre": "Liderazgo Emprendimiento e Innovación",
        "descripcion": "Habilidades blandas para innovación y trabajo en equipo.",
        "area": "gestión/soft skills",
        "tipo": "profesional",
        "creditos_estimados": 4
      }
    ],
    "3": [
      {
        "nombre": "Cálculo Integral",
        "descripcion": "Fundamentos matemáticos y numéricos aplicados a la ingeniería eléctrica.",
        "area": "matemática y estadística",
        "tipo": "básica",
        "creditos_estimados": 5
      },
      {
        "nombre": "Sistemas de Información Geográfica y Drones",
        "descripcion": "Levantamiento y análisis espacial con SIG y drones.",
        "area": "computación/herramientas",
        "tipo": "profesional",
        "creditos_estimados": 4
      },
      {
        "nombre": "Métodos Numéricos y Analítica de Datos",
        "descripcion": "Fundamentos matemáticos y numéricos aplicados a la ingeniería eléctrica.",
        "area": "matemática y estadística",
        "tipo": "básica",
        "creditos_estimados": 5
      },
      {
        "nombre": "Energías Renovables y Medio Ambiente",
        "descripcion": "Gestión y uso eficiente de la energía y fuentes renovables.",
        "area": "energía/ambiental",
        "tipo": "profesional",
        "creditos_estimados": 4
      },
      {
        "nombre": "Seguridad Industrial y Salud Ocupacional",
        "descripcion": "Normas y prácticas de seguridad y salud ocupacional.",
        "area": "seguridad y salud",
        "tipo": "profesional",
        "creditos_estimados": 4
      },
      {
        "nombre": "Gestión y Optimización de Procesos",
        "descripcion": "Mejora de procesos y productividad en entornos técnicos.",
        "area": "gestión de proyectos/regulación",
        "tipo": "profesional",
        "creditos_estimados": 4
      }
    ],
    "4": [
      {
        "nombre": "Matemáticas Avanzadas",
        "descripcion": "Fundamentos matemáticos y numéricos aplicados a la ingeniería eléctrica.",
        "area": "matemática y estadística",
        "tipo": "básica",
        "creditos_estimados": 5
      },
      {
        "nombre": "Circuitos Eléctricos de Corriente Continua",
        "descripcion": "Análisis y diseño de circuitos eléctricos (CC/CA).",
        "area": "ingeniería eléctrica",
        "tipo": "profesional",
        "creditos_estimados": 5
      },
      {
        "nombre": "Instalaciones Civiles e Industriales",
        "descripcion": "Diseño y normativa de instalaciones eléctricas civiles e industriales.",
        "area": "ingeniería eléctrica",
        "tipo": "profesional",
        "creditos_estimados": 4
      },
      {
        "nombre": "Centrales de Generación",
        "descripcion": "Tipos y operación de centrales de generación eléctrica.",
        "area": "ingeniería eléctrica",
        "tipo": "profesional",
        "creditos_estimados": 4
      },
      {
        "nombre": "Electrónica Analógica y Digital",
        "descripcion": "Dispositivos y conversión de potencia para aplicaciones eléctricas.",
        "area": "ingeniería eléctrica",
        "tipo": "profesional",
        "creditos_estimados": 4
      },
      {
        "nombre": "Teoría Electromagnética",
        "descripcion": "Ciencias básicas para el análisis de sistemas eléctricos y materiales.",
        "area": "ciencias básicas",
        "tipo": "básica",
        "creditos_estimados": 5
      }
    ],
    "5": [
      {
        "nombre": "Circuitos Eléctricos en Corriente Alterna",
        "descripcion": "Análisis y diseño de circuitos eléctricos (CC/CA).",
        "area": "ingeniería eléctrica",
        "tipo": "profesional",
        "creditos_estimados": 5
      },
      {
        "nombre": "Edificios Inteligentes",
        "descripcion": "Sistemas domóticos y automatización en edificaciones.",
        "area": "otras áreas",
        "tipo": "profesional",
        "creditos_estimados": 4
      },
      {
        "nombre": "Diseño de Sistemas de Distribución de Energía",
        "descripcion": "Diseño de redes de distribución y dimensionamiento.",
        "area": "ingeniería eléctrica",
        "tipo": "profesional",
        "creditos_estimados": 5
      },
      {
        "nombre": "Electrónica de Potencia",
        "descripcion": "Dispositivos y conversión de potencia para aplicaciones eléctricas.",
        "area": "ingeniería eléctrica",
        "tipo": "profesional",
        "creditos_estimados": 5
      },
      {
        "nombre": "Redes y Comunicaciones Industriales",
        "descripcion": "Comunicaciones industriales para automatización y control.",
        "area": "otras áreas",
        "tipo": "profesional",
        "creditos_estimados": 4
      }
    ],
    "6": [
      {
        "nombre": "Calidad y Eficiencia de la Energía",
        "descripcion": "Gestión y uso eficiente de la energía y fuentes renovables.",
        "area": "energía/ambiental",
        "tipo": "profesional",
        "creditos_estimados": 4
      },
      {
        "nombre": "Máquinas Eléctricas",
        "descripcion": "Principios y modelado de máquinas eléctricas rotativas y estáticas.",
        "area": "ingeniería eléctrica",
        "tipo": "profesional",
        "creditos_estimados": 5
      },
      {
        "nombre": "Transmisión Eléctrica",
        "descripcion": "Sistemas de transmisión de energía y líneas eléctricas.",
        "area": "ingeniería eléctrica",
        "tipo": "profesional",
        "creditos_estimados": 5
      },
      {
        "nombre": "Alto Voltaje",
        "descripcion": "Fenómenos y ensayos en alta tensión y aislamiento.",
        "area": "ingeniería eléctrica",
        "tipo": "profesional",
        "creditos_estimados": 5
      },
      {
        "nombre": "Redes Eléctricas Inteligentes",
        "descripcion": "Smart Grids: automatización, medición y comunicación.",
        "area": "ingeniería eléctrica",
        "tipo": "profesional",
        "creditos_estimados": 4
      }
    ],
    "7": [
      {
        "nombre": "Operación y Mantenimiento de Subestaciones",
        "descripcion": "Operación y mantenimiento de subestaciones eléctricas.",
        "area": "ingeniería eléctrica",
        "tipo": "profesional",
        "creditos_estimados": 5
      },
      {
        "nombre": "Sistemas Eléctricos de Potencia",
        "descripcion": "Modelado, flujo de carga y estabilidad de sistemas de potencia.",
        "area": "ingeniería eléctrica",
        "tipo": "profesional",
        "creditos_estimados": 5
      },
      {
        "nombre": "Movilidad Sustentable y Vehículos Eléctricos",
        "descripcion": "Movilidad eléctrica y su integración a la red.",
        "area": "energía/ambiental",
        "tipo": "profesional",
        "creditos_estimados": 4
      },
      {
        "nombre": "Gestión y Marco Regulatorio del Sector Eléctrico",
        "descripcion": "Regulación del sector eléctrico y marco normativo.",
        "area": "gestión de proyectos/regulación",
        "tipo": "profesional",
        "creditos_estimados": 4
      },
      {
        "nombre": "Proyecto de Investigación y Redacción Científica",
        "descripcion": "Métodos y escritura científica para proyectos de investigación.",
        "area": "otras áreas",
        "tipo": "investigación",
        "creditos_estimados": 3
      }
    ],
    "8": [
      {
        "nombre": "Herramientas Computacionales Aplicadas a Especialidades Eléctricas de Potencia",
        "descripcion": "Software y herramientas digitales de apoyo al análisis eléctrico.",
        "area": "ingeniería eléctrica",
        "tipo": "profesional",
        "creditos_estimados": 4
      },
      {
        "nombre": "Protecciones Eléctricas",
        "descripcion": "Contenido aplicado al campo de la ingeniería eléctrica.",
        "area": "ingeniería eléctrica",
        "tipo": "profesional",
        "creditos_estimados": 5
      },
      {
        "nombre": "Administración y Finanzas para Ingenieros",
        "descripcion": "Gestión financiera aplicada a proyectos de ingeniería.",
        "area": "gestión/soft skills",
        "tipo": "profesional",
        "creditos_estimados": 4
      },
      {
        "nombre": "Formulación y Gestión de Proyectos",
        "descripcion": "Formulación, gestión y evaluación de proyectos técnicos.",
        "area": "gestión de proyectos/regulación",
        "tipo": "profesional",
        "creditos_estimados": 4
      },
      {
        "nombre": "Contratación Pública",
        "descripcion": "Procesos y normativa de contratación pública en ingeniería.",
        "area": "gestión/soft skills",
        "tipo": "profesional",
        "creditos_estimados": 4
      }
    ]
  }
}