{
  "universidad": "UCACUE",
  "carrera": "Ingeniería en Energías Renovables",
  "modalidad": "Presencial",
  "duracion_ciclos": 8,
  "titulo": "Ingeniero/a en Energías Renovables",
  "malla_curricular": {
    "1": [
      {
        "nombre": "Geometría y Trigonometría",
        "descripcion": "Contenido aplicado al campo específico de la asignatura.",
        "area": "otras áreas",
        "tipo": "profesional",
        "creditos_estimados": 4
      },
      {
        "nombre": "Fundamentos Matemáticos (Álgebra)",
        "descripcion": "Fundamentos matemáticos y estadísticos aplicados.",
        "area": "matemática y estadística",
        "tipo": "básica",
        "creditos_estimados": 4
      },
      {
        "nombre": "Química",
        "descripcion": "Conceptos de ciencias básicas relevantes para ingeniería.",
        "area": "ciencias básicas",
        "tipo": "básica",
        "creditos_estimados": 5
      },
      {
        "nombre": "Estática",
        "descripcion": "Contenido aplicado al campo específico de la asignatura.",
        "area": "otras áreas",
        "tipo": "profesional",
        "creditos_estimados": 4
      },
      {
        "nombre": "Herramientas Informáticas con Inteligencia Artificial",
        "descripcion": "IA y análisis avanzado de datos para la toma de decisiones.",
        "area": "computación",
        "tipo": "profesional",
        "creditos_estimados": 4
      }
    ],
    "2": [
      {
        "nombre": "Cálculo Diferencial",
        "descripcion": "Fundamentos matemáticos y estadísticos aplicados.",
        "area": "matemática y estadística",
        "tipo": "básica",
        "creditos_estimados": 5
      },
      {
        "nombre": "Programación Orientada al Cálculo Científico",
        "descripcion": "Fundamentos matemáticos y estadísticos aplicados.",
        "area": "computación",
        "tipo": "básica",
        "creditos_estimados": 5
      },
      {
        "nombre": "Dinámica",
        "descripcion": "Contenido aplicado al campo específico de la asignatura.",
        "area": "otras áreas",
        "tipo": "profesional",
        "creditos_estimados": 4
      },
      {
        "nombre": "Sistemas de Información Geográfica y Drones",
        "descripcion": "Contenido aplicado al campo específico de la asignatura.",
        "area": "otras áreas",
        "tipo": "profesional",
        "creditos_estimados": 4
      },
      {
        "nombre": "Meteorología e Hidrología",
        "descripcion": "Contenido aplicado al campo específico de la asignatura.",
        "area": "otras áreas",
        "tipo": "profesional",
        "creditos_estimados": 4
      }
    ],
    "3": [
      {
        "nombre": "Cálculo Integral",
        "descripcion": "Fundamentos matemáticos y estadísticos aplicados.",
        "area": "matemática y estadística",
        "tipo": "básica",
        "creditos_estimados": 5
      },
      {
        "nombre": "Estadística",
        "descripcion": "Fundamentos matemáticos y estadísticos aplicados.",
        "area": "matemática y estadística",
        "tipo": "básica",
        "creditos_estimados": 5
      },
      {
        "nombre": "Mecánica de Fluidos",
        "descripcion": "Conceptos de ciencias básicas relevantes para ingeniería.",
        "area": "ciencias básicas",
        "tipo": "básica",
        "creditos_estimados": 4
      },
      {
        "nombre": "Energías Renovables y Medio Ambiente",
        "descripcion": "Sistemas energéticos y tecnologías de energías renovables.",
        "area": "energía/eléctrica",
        "tipo": "profesional",
        "creditos_estimados": 5
      },
      {
        "nombre": "Energía Hidroeléctrica",
        "descripcion": "Sistemas energéticos y tecnologías de energías renovables.",
        "area": "energía/eléctrica",
        "tipo": "profesional",
        "creditos_estimados": 5
      }
    ],
    "4": [
      {
        "nombre": "Métodos Numéricos y Analítica de Datos",
        "descripcion": "Fundamentos matemáticos y estadísticos aplicados.",
        "area": "matemática y estadística",
        "tipo": "básica",
        "creditos_estimados": 4
      },
      {
        "nombre": "Termodinámica",
        "descripcion": "Conceptos de ciencias básicas relevantes para ingeniería.",
        "area": "ciencias básicas",
        "tipo": "básica",
        "creditos_estimados": 4
      },
      {
        "nombre": "Transferencia de Calor y Energía",
        "descripcion": "Sistemas energéticos y tecnologías de energías renovables.",
        "area": "energía/eléctrica",
        "tipo": "profesional",
        "creditos_estimados": 5
      },
      {
        "nombre": "Energía Solar",
        "descripcion": "Sistemas energéticos y tecnologías de energías renovables.",
        "area": "energía/eléctrica",
        "tipo": "profesional",
        "creditos_estimados": 5
      },
      {
        "nombre": "Legislación Energética y Ambiental",
        "descripcion": "Evaluación y gestión ambiental aplicada a ingeniería.",
        "area": "formación general",
        "tipo": "básica",
        "creditos_estimados": 4
      }
    ],
    "5": [
      {
        "nombre": "Sistemas de Almacenamiento de Energía",
        "descripcion": "Sistemas energéticos y tecnologías de energías renovables.",
        "area": "energía/eléctrica",
        "tipo": "profesional",
        "creditos_estimados": 5
      },
      {
        "nombre": "Energía Eólica",
        "descripcion": "Sistemas energéticos y tecnologías de energías renovables.",
        "area": "energía/eléctrica",
        "tipo": "profesional",
        "creditos_estimados": 5
      },
      {
        "nombre": "Energía de la Biomasa y el Biogás",
        "descripcion": "Sistemas energéticos y tecnologías de energías renovables.",
        "area": "energía/eléctrica",
        "tipo": "profesional",
        "creditos_estimados": 5
      },
      {
        "nombre": "Cambio Climático y Desarrollo Sostenible",
        "descripcion": "Contenido aplicado al campo específico de la asignatura.",
        "area": "otras áreas",
        "tipo": "profesional",
        "creditos_estimados": 4
      },
      {
        "nombre": "Gestión de Riesgos Ambientales",
        "descripcion": "Gestión organizacional, de TI y dirección de proyectos.",
        "area": "gestión y negocios",
        "tipo": "profesional",
        "creditos_estimados": 4
      }
    ],
    "6": [
      {
        "nombre": "Eficiencia Energética en Edificaciones",
        "descripcion": "Contenido aplicado al campo específico de la asignatura.",
        "area": "formación general",
        "tipo": "básica",
        "creditos_estimados": 4
      },
      {
        "nombre": "Instrumentación y Simulación de Sistemas Energéticos",
        "descripcion": "Contenido aplicado al campo específico de la asignatura.",
        "area": "energía/eléctrica",
        "tipo": "profesional",
        "creditos_estimados": 4
      },
      {
        "nombre": "Sistemas de Gestión Energética",
        "descripcion": "Gestión organizacional, de TI y dirección de proyectos.",
        "area": "formación general",
        "tipo": "básica",
        "creditos_estimados": 4
      },
      {
        "nombre": "Auditoría Energética",
        "descripcion": "Gestión organizacional, de TI y dirección de proyectos.",
        "area": "formación general",
        "tipo": "básica",
        "creditos_estimados": 4
      },
      {
        "nombre": "Evaluación de Impactos Ambientales",
        "descripcion": "Evaluación y gestión ambiental aplicada a ingeniería.",
        "area": "energía/ambiental",
        "tipo": "profesional",
        "creditos_estimados": 4
      }
    ],
    "7": [
      {
        "nombre": "Formulación y Gestión de Proyectos",
        "descripcion": "Gestión organizacional, de TI y dirección de proyectos.",
        "area": "gestión y negocios",
        "tipo": "profesional",
        "creditos_estimados": 4
      },
      {
        "nombre": "Planificación Energética",
        "descripcion": "Contenido aplicado al campo específico de la asignatura.",
        "area": "formación general",
        "tipo": "básica",
        "creditos_estimados": 4
      },
      {
        "nombre": "Proyectos Energéticos",
        "descripcion": "Gestión organizacional, de TI y dirección de proyectos.",
        "area": "gestión y negocios",
        "tipo": "profesional",
        "creditos_estimados": 4
      },
      {
        "nombre": "Contratación Pública",
        "descripcion": "Contenido aplicado al campo específico de la asignatura.",
        "area": "otras áreas",
        "tipo": "profesional",
        "creditos_estimados": 4
      },
      {
        "nombre": "Marketing y Modelos de Negocio",
        "descripcion": "Contenido aplicado al campo específico de la asignatura.",
        "area": "otras áreas",
        "tipo": "profesional",
        "creditos_estimados": 4
      }
    ],
    "8": [
      {
        "nombre": "Integración al Sistema Eléctrico",
        "descripcion": "Contenido aplicado al campo específico de la asignatura.",
        "area": "otras áreas",
        "tipo": "profesional",
        "creditos_estimados": 4
      },
      {
        "nombre": "Diseño de Sistemas de Distribución de Energía",
        "descripcion": "Sistemas energéticos y tecnologías de energías renovables.",
        "area": "energía/eléctrica",
        "tipo": "profesional",
        "creditos_estimados": 5
      },
      {
        "nombre": "Seguridad Industrial y Salud Ocupacional",
        "descripcion": "Contenido aplicado al campo específico de la asignatura.",
        "area": "otras áreas",
        "tipo": "profesional",
        "creditos_estimados": 4
      },
      {
        "nombre": "Requisitos de Titulación",
        "descripcion": "Investigación aplicada y síntesis de competencias.",
        "area": "otras áreas",
        "tipo": "profesional",
        "creditos_estimados": 3
      },
      {
        "nombre": "Proyecto de Investigación y Redacción Científica",
        "descripcion": "Investigación aplicada y síntesis de competencias.",
        "area": "otras áreas",
        "tipo": "investigación",
        "creditos_estimados": 3
      }
    ]
  }
}