{
  "universidad": "UCACUE",
  "carrera": "Ingeniería en Tecnologías de la Información",
  "modalidad": "Presencial",
  "duracion_ciclos": 8,
  "titulo": "Ingeniero/a en Tecnologías de la Información",
  "malla_curricular": {
    "1": [
      {
        "nombre": "Fundamentos Matemáticos",
        "descripcion": "Contenido aplicado al campo específico de la asignatura.",
        "area": "otras áreas",
        "tipo": "profesional",
        "creditos_estimados": 4
      },
      {
        "nombre": "Algoritmos y Fundamentos de Programación",
        "descripcion": "Desarrollo de software y pensamiento algorítmico.",
        "area": "computación",
        "tipo": "profesional",
        "creditos_estimados": 4
      },
      {
        "nombre": "Introducción a las TIC",
        "descripcion": "Contenido aplicado al campo específico de la asignatura.",
        "area": "otras áreas",
        "tipo": "profesional",
        "creditos_estimados": 4
      },
      {
        "nombre": "Contextos y Cultura",
        "descripcion": "Contenido aplicado al campo específico de la asignatura.",
        "area": "formación general",
        "tipo": "básica",
        "creditos_estimados": 4
      },
      {
        "nombre": "Formación Investigativa",
        "descripcion": "Contenido aplicado al campo específico de la asignatura.",
        "area": "otras áreas",
        "tipo": "profesional",
        "creditos_estimados": 4
      },
      {
        "nombre": "Desarrollo del Pensamiento y Lenguaje",
        "descripcion": "Contenido aplicado al campo específico de la asignatura.",
        "area": "formación general",
        "tipo": "básica",
        "creditos_estimados": 4
      }
    ],
    "2": [
      {
        "nombre": "Cálculo Diferencial",
        "descripcion": "Fundamentos matemáticos y estadísticos aplicados.",
        "area": "matemática y estadística",
        "tipo": "básica",
        "creditos_estimados": 5
      },
      {
        "nombre": "Programación Orientada a Objetos",
        "descripcion": "Desarrollo de software y pensamiento algorítmico.",
        "area": "computación",
        "tipo": "profesional",
        "creditos_estimados": 4
      },
      {
        "nombre": "Arquitectura de Computadoras",
        "descripcion": "Contenido aplicado al campo específico de la asignatura.",
        "area": "otras áreas",
        "tipo": "profesional",
        "creditos_estimados": 4
      },
      {
        "nombre": "Mecánica",
        "descripcion": "Conceptos de ciencias básicas relevantes para ingeniería.",
        "area": "ciencias básicas",
        "tipo": "básica",
        "creditos_estimados": 4
      },
      {
        "nombre": "Estadística Descriptiva y Probabilidades",
        "descripcion": "Fundamentos matemáticos y estadísticos aplicados.",
        "area": "matemática y estadística",
        "tipo": "básica",
        "creditos_estimados": 5
      }
    ],
    "3": [
      {
        "nombre": "Electricidad y Magnetismo",
        "descripcion": "Conceptos de ciencias básicas relevantes para ingeniería.",
        "area": "ciencias básicas",
        "tipo": "básica",
        "creditos_estimados": 4
      },
      {
        "nombre": "Fundamentos de Sistemas Operativos",
        "descripcion": "Gestión de procesos, memoria y recursos del sistema.",
        "area": "computación",
        "tipo": "profesional",
        "creditos_estimados": 5
      },
      {
        "nombre": "Sistemas de Bases de Datos",
        "descripcion": "Modelado, consultas y gestión de datos.",
        "area": "computación",
        "tipo": "profesional",
        "creditos_estimados": 5
      },
      {
        "nombre": "Redes de Datos",
        "descripcion": "Redes de datos, protocolos y administración.",
        "area": "computación",
        "tipo": "profesional",
        "creditos_estimados": 5
      },
      {
        "nombre": "Ingeniería de Requerimientos",
        "descripcion": "Contenido aplicado al campo específico de la asignatura.",
        "area": "otras áreas",
        "tipo": "profesional",
        "creditos_estimados": 4
      }
    ],
    "4": [
      {
        "nombre": "Estructura de Datos",
        "descripcion": "Contenido aplicado al campo específico de la asignatura.",
        "area": "otras áreas",
        "tipo": "profesional",
        "creditos_estimados": 4
      },
      {
        "nombre": "Desarrollo de Aplicaciones Web",
        "descripcion": "Contenido aplicado al campo específico de la asignatura.",
        "area": "otras áreas",
        "tipo": "profesional",
        "creditos_estimados": 4
      },
      {
        "nombre": "Análisis y Diseño de Bases de Datos",
        "descripcion": "Modelado, consultas y gestión de datos.",
        "area": "computación",
        "tipo": "profesional",
        "creditos_estimados": 5
      },
      {
        "nombre": "Gestión de Base de Datos",
        "descripcion": "Gestión organizacional, de TI y dirección de proyectos.",
        "area": "gestión y negocios",
        "tipo": "profesional",
        "creditos_estimados": 4
      },
      {
        "nombre": "Fundamentos de Proyectos de TI",
        "descripcion": "Gestión organizacional, de TI y dirección de proyectos.",
        "area": "gestión y negocios",
        "tipo": "profesional",
        "creditos_estimados": 4
      }
    ],
    "5": [
      {
        "nombre": "Administración de Sistemas Operativos",
        "descripcion": "Gestión de procesos, memoria y recursos del sistema.",
        "area": "computación",
        "tipo": "profesional",
        "creditos_estimados": 5
      },
      {
        "nombre": "Hacking Ético",
        "descripcion": "Contenido aplicado al campo específico de la asignatura.",
        "area": "otras áreas",
        "tipo": "profesional",
        "creditos_estimados": 4
      },
      {
        "nombre": "Servicios en la Nube",
        "descripcion": "Infraestructura moderna: nubes, datos masivos y virtualización.",
        "area": "otras áreas",
        "tipo": "profesional",
        "creditos_estimados": 4
      },
      {
        "nombre": "Análisis y Diseño de Redes",
        "descripcion": "Redes de datos, protocolos y administración.",
        "area": "computación",
        "tipo": "profesional",
        "creditos_estimados": 5
      },
      {
        "nombre": "Internet de las Cosas",
        "descripcion": "Contenido aplicado al campo específico de la asignatura.",
        "area": "otras áreas",
        "tipo": "profesional",
        "creditos_estimados": 4
      }
    ],
    "6": [
      {
        "nombre": "Auditoría de TI",
        "descripcion": "Gestión organizacional, de TI y dirección de proyectos.",
        "area": "gestión y negocios",
        "tipo": "profesional",
        "creditos_estimados": 4
      },
      {
        "nombre": "Gerencia de TI",
        "descripcion": "Contenido aplicado al campo específico de la asignatura.",
        "area": "otras áreas",
        "tipo": "profesional",
        "creditos_estimados": 4
      },
      {
        "nombre": "DataWarehouse",
        "descripcion": "Modelado, consultas y gestión de datos.",
        "area": "otras áreas",
        "tipo": "profesional",
        "creditos_estimados": 4
      },
      {
        "nombre": "Minería de Datos",
        "descripcion": "IA y análisis avanzado de datos para la toma de decisiones.",
        "area": "otras áreas",
        "tipo": "profesional",
        "creditos_estimados": 4
      },
      {
        "nombre": "Big Data",
        "descripcion": "Infraestructura moderna: nubes, datos masivos y virtualización.",
        "area": "computación",
        "tipo": "profesional",
        "creditos_estimados": 4
      }
    ],
    "7": [
      {
        "nombre": "Seguridad de la Información",
        "descripcion": "Contenido aplicado al campo específico de la asignatura.",
        "area": "otras áreas",
        "tipo": "profesional",
        "creditos_estimados": 4
      },
      {
        "nombre": "Gestión de Proyectos de TI",
        "descripcion": "Gestión organizacional, de TI y dirección de proyectos.",
        "area": "gestión y negocios",
        "tipo": "profesional",
        "creditos_estimados": 4
      },
      {
        "nombre": "Inteligencia de Negocios",
        "descripcion": "Contenido aplicado al campo específico de la asignatura.",
        "area": "gestión y negocios",
        "tipo": "profesional",
        "creditos_estimados": 4
      },
      {
        "nombre": "Administración de Centro de Datos",
        "descripcion": "Contenido aplicado al campo específico de la asignatura.",
        "area": "otras áreas",
        "tipo": "profesional",
        "creditos_estimados": 4
      }
    ],
    "8": [
      {
        "nombre": "Trabajo de Integración Curricular",
        "descripcion": "Investigación aplicada y síntesis de competencias.",
        "area": "otras áreas",
        "tipo": "investigación",
        "creditos_estimados": 3
      }
    ]
  }
}