{
  "universidad": "UCACUE",
  "carrera": "Ingeniería en Software",
  "modalidad": "Presencial",
  "duracion_ciclos": 8,
  "titulo": "Ingeniero/a en Software",
  "malla_curricular": {
    "1": [
      {
        "nombre": "Fundamentos Matemáticos",
        "descripcion": "Contenido aplicado al campo específico de la asignatura.",
        "area": "otras áreas",
        "tipo": "profesional",
        "creditos_estimados": 4
      },
      {
        "nombre": "Algoritmos y Fundamentos de Programación",
        "descripcion": "Desarrollo de software y pensamiento algorítmico.",
        "area": "computación",
        "tipo": "profesional",
        "creditos_estimados": 4
      },
      {
        "nombre": "Electricidad y Magnetismo",
        "descripcion": "Conceptos de ciencias básicas relevantes para ingeniería.",
        "area": "ciencias básicas",
        "tipo": "básica",
        "creditos_estimados": 4
      },
      {
        "nombre": "Desarrollo del Pensamiento y Lenguaje",
        "descripcion": "Contenido aplicado al campo específico de la asignatura.",
        "area": "formación general",
        "tipo": "básica",
        "creditos_estimados": 4
      },
      {
        "nombre": "Contextos y Cultura",
        "descripcion": "Contenido aplicado al campo específico de la asignatura.",
        "area": "formación general",
        "tipo": "básica",
        "creditos_estimados": 4
      }
    ],
    "2": [
      {
        "nombre": "Programación Orientada a Objetos",
        "descripcion": "Desarrollo de software y pensamiento algorítmico.",
        "area": "computación",
        "tipo": "profesional",
        "creditos_estimados": 4
      },
      {
        "nombre": "Estructura de Datos",
        "descripcion": "Contenido aplicado al campo específico de la asignatura.",
        "area": "otras áreas",
        "tipo": "profesional",
        "creditos_estimados": 4
      },
      {
        "nombre": "Mecánica",
        "descripcion": "Conceptos de ciencias básicas relevantes para ingeniería.",
        "area": "ciencias básicas",
        "tipo": "básica",
        "creditos_estimados": 4
      },
      {
        "nombre": "Cálculo Diferencial",
        "descripcion": "Fundamentos matemáticos y estadísticos aplicados.",
        "area": "matemática y estadística",
        "tipo": "básica",
        "creditos_estimados": 5
      },
      {
        "nombre": "Herramientas de Programación",
        "descripcion": "Desarrollo de software y pensamiento algorítmico.",
        "area": "computación",
        "tipo": "profesional",
        "creditos_estimados": 4
      }
    ],
    "3": [
      {
        "nombre": "Cálculo Integral",
        "descripcion": "Fundamentos matemáticos y estadísticos aplicados.",
        "area": "matemática y estadística",
        "tipo": "básica",
        "creditos_estimados": 5
      },
      {
        "nombre": "Estadística",
        "descripcion": "Fundamentos matemáticos y estadísticos aplicados.",
        "area": "matemática y estadística",
        "tipo": "básica",
        "creditos_estimados": 5
      },
      {
        "nombre": "Interacción Hombre Máquina",
        "descripcion": "Diseño centrado en el usuario y evaluación de UX.",
        "area": "diseño/ux",
        "tipo": "profesional",
        "creditos_estimados": 4
      },
      {
        "nombre": "Fundamentos de Base de Datos",
        "descripcion": "Contenido aplicado al campo específico de la asignatura.",
        "area": "otras áreas",
        "tipo": "profesional",
        "creditos_estimados": 4
      },
      {
        "nombre": "Arquitectura de Computadores",
        "descripcion": "Contenido aplicado al campo específico de la asignatura.",
        "area": "otras áreas",
        "tipo": "profesional",
        "creditos_estimados": 4
      }
    ],
    "4": [
      {
        "nombre": "Sistemas Operativos",
        "descripcion": "Gestión de procesos, memoria y recursos del sistema.",
        "area": "computación",
        "tipo": "profesional",
        "creditos_estimados": 5
      },
      {
        "nombre": "Computación Gráfica",
        "descripcion": "Contenido aplicado al campo específico de la asignatura.",
        "area": "otras áreas",
        "tipo": "profesional",
        "creditos_estimados": 4
      },
      {
        "nombre": "Modelamiento de Software",
        "descripcion": "Diseño, modelado y construcción de software.",
        "area": "software engineering",
        "tipo": "profesional",
        "creditos_estimados": 5
      },
      {
        "nombre": "Ingeniería Web",
        "descripcion": "Desarrollo frontend/backend, móvil y sistemas distribuidos.",
        "area": "software engineering",
        "tipo": "profesional",
        "creditos_estimados": 4
      },
      {
        "nombre": "Investigación de Operaciones",
        "descripcion": "Investigación aplicada y síntesis de competencias.",
        "area": "otras áreas",
        "tipo": "investigación",
        "creditos_estimados": 3
      }
    ],
    "5": [
      {
        "nombre": "Programación Móvil",
        "descripcion": "Desarrollo de software y pensamiento algorítmico.",
        "area": "computación",
        "tipo": "profesional",
        "creditos_estimados": 4
      },
      {
        "nombre": "Administración de Redes de Datos",
        "descripcion": "Redes de datos, protocolos y administración.",
        "area": "computación",
        "tipo": "profesional",
        "creditos_estimados": 5
      },
      {
        "nombre": "Administración de Sistemas de Gestión de Bases de Datos",
        "descripcion": "Modelado, consultas y gestión de datos.",
        "area": "computación",
        "tipo": "profesional",
        "creditos_estimados": 5
      },
      {
        "nombre": "Introducción a las TIC",
        "descripcion": "Contenido aplicado al campo específico de la asignatura.",
        "area": "otras áreas",
        "tipo": "profesional",
        "creditos_estimados": 4
      }
    ],
    "6": [
      {
        "nombre": "Construcción de Software",
        "descripcion": "Diseño, modelado y construcción de software.",
        "area": "software engineering",
        "tipo": "profesional",
        "creditos_estimados": 5
      },
      {
        "nombre": "Arquitectura de Software",
        "descripcion": "Diseño, modelado y construcción de software.",
        "area": "software engineering",
        "tipo": "profesional",
        "creditos_estimados": 5
      },
      {
        "nombre": "Gestión de Base de Datos",
        "descripcion": "Gestión organizacional, de TI y dirección de proyectos.",
        "area": "gestión y negocios",
        "tipo": "profesional",
        "creditos_estimados": 4
      },
      {
        "nombre": "Sistemas Dinámicos y Dinámica de Sistemas",
        "descripcion": "Contenido aplicado al campo específico de la asignatura.",
        "area": "otras áreas",
        "tipo": "profesional",
        "creditos_estimados": 4
      }
    ],
    "7": [
      {
        "nombre": "Calidad del Software",
        "descripcion": "Contenido aplicado al campo específico de la asignatura.",
        "area": "software engineering",
        "tipo": "profesional",
        "creditos_estimados": 4
      },
      {
        "nombre": "Inteligencia de Negocios",
        "descripcion": "Contenido aplicado al campo específico de la asignatura.",
        "area": "gestión y negocios",
        "tipo": "profesional",
        "creditos_estimados": 4
      },
      {
        "nombre": "Aplicaciones Distribuidas",
        "descripcion": "Desarrollo frontend/backend, móvil y sistemas distribuidos.",
        "area": "otras áreas",
        "tipo": "profesional",
        "creditos_estimados": 4
      },
      {
        "nombre": "Gestión de Tecnologías de la Información",
        "descripcion": "Gestión organizacional, de TI y dirección de proyectos.",
        "area": "gestión y negocios",
        "tipo": "profesional",
        "creditos_estimados": 4
      }
    ],
    "8": [
      {
        "nombre": "Gestión de Proyectos de Software",
        "descripcion": "Gestión organizacional, de TI y dirección de proyectos.",
        "area": "gestión y negocios",
        "tipo": "profesional",
        "creditos_estimados": 4
      },
      {
        "nombre": "Auditoría Informática",
        "descripcion": "Gestión organizacional, de TI y dirección de proyectos.",
        "area": "gestión y negocios",
        "tipo": "profesional",
        "creditos_estimados": 4
      },
      {
        "nombre": "Ingeniería de Software Avanzado",
        "descripcion": "Contenido aplicado al campo específico de la asignatura.",
        "area": "otras áreas",
        "tipo": "profesional",
        "creditos_estimados": 4
      },
      {
        "nombre": "Trabajo de Integración Curricular",
        "descripcion": "Investigación aplicada y síntesis de competencias.",
        "area": "otras áreas",
        "tipo": "investigación",
        "creditos_estimados": 3
      }
    ]
  }
}