{
  "universidad": "UCACUE",
  "carrera": "Ingeniería en Sistemas de la Información",
  "modalidad": "Presencial",
  "duracion_ciclos": 10,
  "titulo": "Ingeniero/a en Sistemas de la Información",
  "malla_curricular": {
    "1": [
      {
        "nombre": "Fundamentos Matemáticos",
        "descripcion": "Contenido aplicado al campo específico de la asignatura.",
        "area": "otras áreas",
        "tipo": "profesional",
        "creditos_estimados": 4
      },
      {
        "nombre": "Álgebra Lineal",
        "descripcion": "Fundamentos matemáticos y estadísticos aplicados.",
        "area": "matemática y estadística",
        "tipo": "básica",
        "creditos_estimados": 4
      },
      {
        "nombre": "Algoritmos y Fundamentos de Programación",
        "descripcion": "Desarrollo de software y pensamiento algorítmico.",
        "area": "computación",
        "tipo": "profesional",
        "creditos_estimados": 4
      },
      {
        "nombre": "Lenguajes y Comunicación",
        "descripcion": "Contenido aplicado al campo específico de la asignatura.",
        "area": "formación general",
        "tipo": "básica",
        "creditos_estimados": 4
      },
      {
        "nombre": "Contextos y Cultura",
        "descripcion": "Contenido aplicado al campo específico de la asignatura.",
        "area": "formación general",
        "tipo": "básica",
        "creditos_estimados": 4
      }
    ],
    "2": [
      {
        "nombre": "Cálculo Diferencial",
        "descripcion": "Fundamentos matemáticos y estadísticos aplicados.",
        "area": "matemática y estadística",
        "tipo": "básica",
        "creditos_estimados": 5
      },
      {
        "nombre": "Matemática Discreta",
        "descripcion": "Fundamentos matemáticos y estadísticos aplicados.",
        "area": "matemática y estadística",
        "tipo": "básica",
        "creditos_estimados": 5
      },
      {
        "nombre": "Programación Orientada a Objetos",
        "descripcion": "Desarrollo de software y pensamiento algorítmico.",
        "area": "computación",
        "tipo": "profesional",
        "creditos_estimados": 4
      },
      {
        "nombre": "TIC Aplicada",
        "descripcion": "Contenido aplicado al campo específico de la asignatura.",
        "area": "otras áreas",
        "tipo": "profesional",
        "creditos_estimados": 4
      },
      {
        "nombre": "Mecánica",
        "descripcion": "Conceptos de ciencias básicas relevantes para ingeniería.",
        "area": "ciencias básicas",
        "tipo": "básica",
        "creditos_estimados": 4
      }
    ],
    "3": [
      {
        "nombre": "Cálculo Integral",
        "descripcion": "Fundamentos matemáticos y estadísticos aplicados.",
        "area": "matemática y estadística",
        "tipo": "básica",
        "creditos_estimados": 5
      },
      {
        "nombre": "Electricidad y Magnetismo",
        "descripcion": "Conceptos de ciencias básicas relevantes para ingeniería.",
        "area": "ciencias básicas",
        "tipo": "básica",
        "creditos_estimados": 4
      },
      {
        "nombre": "Fundamentos de Sistemas de Información",
        "descripcion": "Contenido aplicado al campo específico de la asignatura.",
        "area": "otras áreas",
        "tipo": "profesional",
        "creditos_estimados": 4
      },
      {
        "nombre": "Métodos Numéricos",
        "descripcion": "Fundamentos matemáticos y estadísticos aplicados.",
        "area": "matemática y estadística",
        "tipo": "básica",
        "creditos_estimados": 4
      },
      {
        "nombre": "Formación Investigativa",
        "descripcion": "Contenido aplicado al campo específico de la asignatura.",
        "area": "otras áreas",
        "tipo": "profesional",
        "creditos_estimados": 4
      }
    ],
    "4": [
      {
        "nombre": "Sistemas Operativos",
        "descripcion": "Gestión de procesos, memoria y recursos del sistema.",
        "area": "computación",
        "tipo": "profesional",
        "creditos_estimados": 5
      },
      {
        "nombre": "Programación con Bases de Datos",
        "descripcion": "Desarrollo de software y pensamiento algorítmico.",
        "area": "computación",
        "tipo": "profesional",
        "creditos_estimados": 5
      },
      {
        "nombre": "Realidad Socioeconómica",
        "descripcion": "Contenido aplicado al campo específico de la asignatura.",
        "area": "otras áreas",
        "tipo": "profesional",
        "creditos_estimados": 4
      },
      {
        "nombre": "Arquitectura de Hardware",
        "descripcion": "Contenido aplicado al campo específico de la asignatura.",
        "area": "otras áreas",
        "tipo": "profesional",
        "creditos_estimados": 4
      },
      {
        "nombre": "Análisis y Diseño de Bases de Datos",
        "descripcion": "Modelado, consultas y gestión de datos.",
        "area": "computación",
        "tipo": "profesional",
        "creditos_estimados": 5
      }
    ],
    "5": [
      {
        "nombre": "Sistemas de Información",
        "descripcion": "Contenido aplicado al campo específico de la asignatura.",
        "area": "otras áreas",
        "tipo": "profesional",
        "creditos_estimados": 4
      },
      {
        "nombre": "Ecología y Medioambiente",
        "descripcion": "Contenido aplicado al campo específico de la asignatura.",
        "area": "otras áreas",
        "tipo": "profesional",
        "creditos_estimados": 4
      },
      {
        "nombre": "Gestión de Bases de Datos",
        "descripcion": "Modelado, consultas y gestión de datos.",
        "area": "computación",
        "tipo": "profesional",
        "creditos_estimados": 5
      },
      {
        "nombre": "Redes y Protocolos de Comunicación",
        "descripcion": "Redes de datos, protocolos y administración.",
        "area": "computación",
        "tipo": "profesional",
        "creditos_estimados": 5
      },
      {
        "nombre": "Fundamentos de Economía y Análisis Financiero",
        "descripcion": "Contenido aplicado al campo específico de la asignatura.",
        "area": "otras áreas",
        "tipo": "profesional",
        "creditos_estimados": 4
      }
    ],
    "6": [
      {
        "nombre": "Doctrina Social de la Iglesia, Ética y Responsabilidad Social",
        "descripcion": "Contenido aplicado al campo específico de la asignatura.",
        "area": "formación general",
        "tipo": "básica",
        "creditos_estimados": 4
      },
      {
        "nombre": "Probabilidad y Estadística",
        "descripcion": "Fundamentos matemáticos y estadísticos aplicados.",
        "area": "matemática y estadística",
        "tipo": "básica",
        "creditos_estimados": 5
      },
      {
        "nombre": "Programación Web",
        "descripcion": "Desarrollo de software y pensamiento algorítmico.",
        "area": "computación",
        "tipo": "profesional",
        "creditos_estimados": 4
      },
      {
        "nombre": "Administración de Sistemas Operativos",
        "descripcion": "Gestión de procesos, memoria y recursos del sistema.",
        "area": "computación",
        "tipo": "profesional",
        "creditos_estimados": 5
      },
      {
        "nombre": "Gestión Organizacional",
        "descripcion": "Gestión organizacional, de TI y dirección de proyectos.",
        "area": "gestión y negocios",
        "tipo": "profesional",
        "creditos_estimados": 4
      }
    ],
    "7": [
      {
        "nombre": "Administración de Redes",
        "descripcion": "Redes de datos, protocolos y administración.",
        "area": "computación",
        "tipo": "profesional",
        "creditos_estimados": 5
      },
      {
        "nombre": "Investigación de Operaciones",
        "descripcion": "Investigación aplicada y síntesis de competencias.",
        "area": "otras áreas",
        "tipo": "investigación",
        "creditos_estimados": 3
      },
      {
        "nombre": "Programación Móvil",
        "descripcion": "Desarrollo de software y pensamiento algorítmico.",
        "area": "computación",
        "tipo": "profesional",
        "creditos_estimados": 4
      },
      {
        "nombre": "Bases de Datos Distribuidas",
        "descripcion": "Modelado, consultas y gestión de datos.",
        "area": "computación",
        "tipo": "profesional",
        "creditos_estimados": 5
      },
      {
        "nombre": "DataWarehouse",
        "descripcion": "Modelado, consultas y gestión de datos.",
        "area": "otras áreas",
        "tipo": "profesional",
        "creditos_estimados": 4
      }
    ],
    "8": [
      {
        "nombre": "Ingeniería de Software",
        "descripcion": "Contenido aplicado al campo específico de la asignatura.",
        "area": "otras áreas",
        "tipo": "profesional",
        "creditos_estimados": 4
      },
      {
        "nombre": "Gestión de Procesos de Negocio",
        "descripcion": "Gestión organizacional, de TI y dirección de proyectos.",
        "area": "gestión y negocios",
        "tipo": "profesional",
        "creditos_estimados": 4
      },
      {
        "nombre": "Arquitectura de Datos Empresariales",
        "descripcion": "Contenido aplicado al campo específico de la asignatura.",
        "area": "otras áreas",
        "tipo": "profesional",
        "creditos_estimados": 4
      },
      {
        "nombre": "Gobierno y Gestión de TI",
        "descripcion": "Gestión organizacional, de TI y dirección de proyectos.",
        "area": "gestión y negocios",
        "tipo": "profesional",
        "creditos_estimados": 4
      },
      {
        "nombre": "Planificación Estratégica",
        "descripcion": "Contenido aplicado al campo específico de la asignatura.",
        "area": "gestión y negocios",
        "tipo": "profesional",
        "creditos_estimados": 4
      }
    ],
    "9": [
      {
        "nombre": "Planificación Estratégica de Tecnologías de la Información",
        "descripcion": "Contenido aplicado al campo específico de la asignatura.",
        "area": "gestión y negocios",
        "tipo": "profesional",
        "creditos_estimados": 4
      },
      {
        "nombre": "Derecho Informático",
        "descripcion": "Contenido aplicado al campo específico de la asignatura.",
        "area": "otras áreas",
        "tipo": "profesional",
        "creditos_estimados": 4
      },
      {
        "nombre": "Minería de Datos",
        "descripcion": "IA y análisis avanzado de datos para la toma de decisiones.",
        "area": "otras áreas",
        "tipo": "profesional",
        "creditos_estimados": 4
      },
      {
        "nombre": "Seguridad de la Información",
        "descripcion": "Contenido aplicado al campo específico de la asignatura.",
        "area": "otras áreas",
        "tipo": "profesional",
        "creditos_estimados": 4
      },
      {
        "nombre": "Sistemas de Información Geográfica",
        "descripcion": "Contenido aplicado al campo específico de la asignatura.",
        "area": "otras áreas",
        "tipo": "profesional",
        "creditos_estimados": 4
      }
    ],
    "10": [
      {
        "nombre": "Inteligencia de Negocios",
        "descripcion": "Contenido aplicado al campo específico de la asignatura.",
        "area": "gestión y negocios",
        "tipo": "profesional",
        "creditos_estimados": 4
      },
      {
        "nombre": "Auditoría Informática",
        "descripcion": "Gestión organizacional, de TI y dirección de proyectos.",
        "area": "gestión y negocios",
        "tipo": "profesional",
        "creditos_estimados": 4
      },
      {
        "nombre": "Gestión de Servicios de TI",
        "descripcion": "Gestión organizacional, de TI y dirección de proyectos.",
        "area": "gestión y negocios",
        "tipo": "profesional",
        "creditos_estimados": 4
      },
      {
        "nombre": "Redacción Científica",
        "descripcion": "Investigación aplicada y síntesis de competencias.",
        "area": "otras áreas",
        "tipo": "investigación",
        "creditos_estimados": 3
      },
      {
        "nombre": "Ética Profesional",
        "descripcion": "Contenido aplicado al campo específico de la asignatura.",
        "area": "formación general",
        "tipo": "básica",
        "creditos_estimados": 4
      },
      {
        "nombre": "Emprendimiento e Innovación",
        "descripcion": "Gestión organizacional, de TI y dirección de proyectos.",
        "area": "gestión y negocios",
        "tipo": "profesional",
        "creditos_estimados": 4
      },
      {
        "nombre": "Administración de Proyectos de TI",
        "descripcion": "Gestión organizacional, de TI y dirección de proyectos.",
        "area": "gestión y negocios",
        "tipo": "profesional",
        "creditos_estimados": 4
      },
      {
        "nombre": "Metodología de la Investigación Aplicada al Trabajo de Titulación",
        "descripcion": "Investigación aplicada y síntesis de competencias.",
        "area": "otras áreas",
        "tipo": "investigación",
        "creditos_estimados": 3
      },
      {
        "nombre": "Trabajo de Titulación",
        "descripcion": "Investigación aplicada y síntesis de competencias.",
        "area": "otras áreas",
        "tipo": "investigación",
        "creditos_estimados": 3
      }
    ]
  }
}